year,coluna,n_valid_antes,media_antes,min_antes,max_antes,fora_da_faixa_pct_antes,n_valid_depois,media_depois,min_depois,max_depois,fora_da_faixa_pct_depois,mudou_media
2025,precipitacao_mm,3032542,0.147,0.0,87.8,0.0,3032542,0.147,0.0,87.8,0.0,False
2025,pressao_max_mbar,3509958,964.345,817.1,1049.8,0.0,3509958,964.345,817.1,1049.8,0.0,False
2025,pressao_mbar,3515253,964.076,816.7,1049.6,0.0,3515253,964.076,816.7,1049.6,0.0,False
2025,pressao_min_mbar,3509508,963.775,816.2,1047.5,0.0,3509508,963.775,816.2,1047.5,0.0,False
2025,radiacao_kj_m2,2190799,1209.029,0.0,7708.8,0.0,2190799,1209.029,0.0,7708.8,0.0,False
2025,temp_inst_c,3463900,23.237,-7.7,45.0,0.0,3463900,23.237,-7.7,45.0,0.0,False
2025,temp_max_c,3192944,17.005,-18.0,40.0,0.0,3457757,23.914,-7.3,43.8,0.0,True
2025,temp_min_c,3457757,23.914,-7.3,43.8,0.0,3457334,22.591,-9.2,40.7,0.0,True
2025,temp_orvalho_c,3457334,22.591,-9.2,40.7,0.0,3192944,17.005,-18.0,40.0,0.0,True
2025,temp_orvalho_max_c,0,,,,,3182447,17.563,-16.1,35.8,0.0,True
2025,temp_orvalho_min_c,0,,,,,3179320,16.461,-19.4,34.0,0.0,True
2025,umidade_inst_pct,3179320,16.461,-19.4,34.0,0.361,3233983,71.321,7.0,100.0,0.0,True
2025,umidade_max_pct,3222918,74.218,7.0,100.0,0.0,3222918,74.218,7.0,100.0,0.0,False
2025,umidade_min_pct,3224763,68.334,7.0,100.0,0.0,3224763,68.334,7.0,100.0,0.0,False
2025,vento_dir_graus,3233983,71.321,7.0,100.0,0.0,3186295,153.87,0.0,360.0,0.0,True
2025,vento_rajada_ms,3186295,153.87,0.0,360.0,64.496,3190198,4.768,0.0,43.3,0.0,True
2025,vento_vel_ms,3190198,4.768,0.0,43.3,0.0,3196195,1.873,0.0,25.2,0.0,True
2026,precipitacao_mm,1303591,0.209,0.0,88.2,0.0,1303591,0.209,0.0,88.2,0.0,False
2026,pressao_max_mbar,1498682,964.724,818.3,1049.8,0.0,1498682,964.724,818.3,1049.8,0.0,False
2026,pressao_mbar,1500679,964.444,818.3,1049.7,0.0,1500679,964.444,818.3,1049.7,0.0,False
2026,pressao_min_mbar,1498398,964.157,818.2,1049.7,0.0,1498398,964.157,818.2,1049.7,0.0,False
2026,radiacao_kj_m2,991272,1093.915,0.0,6661.5,0.0,991272,1093.915,0.0,6661.5,0.0,False
2026,temp_inst_c,1482347,23.594,-8.0,41.4,0.0,1482347,23.594,-8.0,41.4,0.0,False
2026,temp_max_c,1358516,19.027,-9.8,33.4,0.0,1479329,24.223,-2.1,43.1,0.0,True
2026,temp_min_c,1479329,24.223,-2.1,43.1,0.0,1479462,23.006,-2.5,40.1,0.0,True
2026,temp_orvalho_c,1479462,23.006,-2.5,40.1,0.0,1358516,19.027,-9.8,33.4,0.0,True
2026,temp_orvalho_max_c,0,,,,,1353431,19.571,-9.7,44.9,0.0,True
2026,temp_orvalho_min_c,0,,,,,1349689,18.514,-9.2,31.0,0.0,True
2026,umidade_inst_pct,1349689,18.514,-9.2,31.0,0.045,1376088,77.718,7.0,100.0,0.0,True
2026,umidade_max_pct,1370829,80.585,7.0,100.0,0.0,1370829,80.585,7.0,100.0,0.0,False
2026,umidade_min_pct,1372400,74.683,7.0,100.0,0.0,1372400,74.683,7.0,100.0,0.0,False
2026,vento_dir_graus,1376088,77.718,7.0,100.0,0.0,1354243,161.639,0.0,360.0,0.0,True
2026,vento_rajada_ms,1354243,161.639,0.0,360.0,66.599,1353739,4.238,0.0,45.1,0.0,True
2026,vento_vel_ms,1353739,4.238,0.0,45.1,0.0,1357773,1.703,0.0,25.6,0.0,True
