codigo_wmo,latitude,longitude,ibge_municipio,distancia_km,cod_mesorregiao,nome_mesorregiao,uf_sigla
A001,-15.78944444,-47.92583332,5300108,1.18,5301,Distrito Federal,DF
A002,-16.64277777,-49.22027777,5208707,6.75,5203,Centro Goiano,GO
A003,-17.74499999,-49.10166666,5213806,1.37,5205,Sul Goiano,GO
A005,-13.30944444,-49.11749999,5218003,14.85,5202,Norte Goiano,GO
A009,-10.14777777,-48.31444444,1721000,11.21,1702,Oriental do Tocantins,TO
A010,-12.615,-47.87194443,1716208,0.25,1702,Oriental do Tocantins,TO
A011,-18.96916666,-50.63333333,5216304,6.49,5205,Sul Goiano,GO
A012,-16.26055555,-47.96694443,5212501,1.99,5204,Leste Goiano,GO
A013,-15.90277777,-52.24527777,5201702,1.18,5201,Noroeste Goiano,GO
A014,-15.93972221,-50.14138888,5208905,0.73,5201,Noroeste Goiano,GO
A015,-14.97972221,-49.53944444,5210901,3.31,5203,Centro Goiano,GO
A016,-17.9236111,-51.71749999,5211909,5.04,5205,Sul Goiano,GO
A017,-14.08916666,-46.36638888,5218300,0.56,5204,Leste Goiano,GO
A018,-12.01527777,-48.54444444,1716604,1.25,1701,Ocidental do Tocantins,TO
A019,-11.74499999,-49.05166666,1709500,2.6,1701,Ocidental do Tocantins,TO
A020,-8.9686111,-48.17722221,1716505,0.51,1702,Oriental do Tocantins,TO
A021,-7.10388888,-48.20111111,1702109,9.85,1701,Ocidental do Tocantins,TO
A022,-15.22027777,-48.98999999,5219456,16.89,5203,Centro Goiano,GO
A023,-16.96694443,-51.81749999,5204409,1.7,5205,Sul Goiano,GO
A024,-14.13305554,-47.52333332,5200605,1.47,5202,Norte Goiano,GO
A025,-17.78527777,-50.965,5218805,4.91,5205,Sul Goiano,GO
A026,-17.45472222,-52.60111111,5213103,13.29,5205,Sul Goiano,GO
A027,-16.9625,-50.42555554,5216403,3.02,5205,Sul Goiano,GO
A028,-16.42305554,-51.14888888,5210208,3.78,5203,Centro Goiano,GO
A029,-17.33694444,-49.91472222,5207402,1.62,5205,Sul Goiano,GO
A031,-12.82055554,-50.33583333,5220207,53.68,5201,Noroeste Goiano,GO
A032,-13.25361111,-46.89027777,5213509,0.33,5202,Norte Goiano,GO
A033,-17.30416666,-48.28416666,5217401,0.82,5205,Sul Goiano,GO
A034,-18.15472222,-47.92749999,5205109,2.12,5205,Sul Goiano,GO
A035,-18.40972222,-49.19194444,5211503,2.52,5205,Sul Goiano,GO
A036,-16.78499999,-47.61305555,5206206,1.93,5204,Leste Goiano,GO
A037,-16.67972221,-48.61805554,5220603,2.43,5205,Sul Goiano,GO
A038,-11.59444444,-46.84722221,1707009,4.44,1702,Oriental do Tocantins,TO
A039,-11.88749999,-49.60833333,1708205,13.03,1701,Ocidental do Tocantins,TO
A040,-10.43444444,-45.92194443,1712702,55.52,1702,Oriental do Tocantins,TO
A041,-9.57638888,-49.72333332,1712504,25.3,1701,Ocidental do Tocantins,TO
A042,-15.6525,-48.20138888,5200258,14.87,5204,Leste Goiano,GO
A043,-8.15472222,-46.63944444,1703842,30.84,1702,Oriental do Tocantins,TO
A044,-5.6436111,-48.11194444,1702208,1.29,1701,Ocidental do Tocantins,TO
A045,-15.59638888,-47.62583332,5217609,16.16,5204,Leste Goiano,GO
A046,-15.93527777,-48.13749999,5219753,12.88,5204,Leste Goiano,GO
A047,-16.01222222,-47.5575,5205497,39.94,5204,Leste Goiano,GO
A048,-7.12416666,-48.78138888,1718865,8.09,1701,Ocidental do Tocantins,TO
A049,-8.09277777,-48.4786111,1705508,3.92,1701,Ocidental do Tocantins,TO
A050,-9.793363,-47.132732,1712405,55.15,1702,Oriental do Tocantins,TO
A051,-10.47694443,-49.62944443,1711902,34.89,1701,Ocidental do Tocantins,TO
A052,-11.42888888,-48.18499999,1718907,7.21,1702,Oriental do Tocantins,TO
A053,-11.28416666,-47.21222222,1700400,32.05,1702,Oriental do Tocantins,TO
A054,-12.59222221,-49.5286111,1718840,43.36,1701,Ocidental do Tocantins,TO
A055,-10.828286,-49.847882,1711902,25.25,1701,Ocidental do Tocantins,TO
A056,-16.39944444,-47.62583332,5212501,38.23,5204,Leste Goiano,GO
A101,-3.10333333,-60.01638888,1302603,1.79,1303,Centro Amazonense,AM
A102,-9.35833333,-69.92638888,1200435,62.62,1202,Vale do Acre,AC
A104,-9.95916666,-67.86888888,1200401,5.19,1202,Vale do Acre,AC
A108,-7.61055555,-72.6811111,1200203,1.99,1201,Vale do Juruá,AC
A109,-6.65027777,-69.8686111,1301407,0.77,1302,Sudoeste Amazonense,AM
A110,-8.77666666,-67.33249999,1300706,7.56,1304,Sul Amazonense,AM
A111,-7.26055555,-64.7886111,1302405,0.79,1304,Sul Amazonense,AM
A112,-7.5525,-63.07138888,1301704,6.23,1304,Sul Amazonense,AM
A113,-7.20555555,-59.8886111,1300144,1.51,1304,Sul Amazonense,AM
A117,-4.09749999,-63.14527777,1301209,0.4,1303,Centro Amazonense,AM
A119,-3.29472221,-60.62833332,1302504,0.87,1303,Centro Amazonense,AM
A120,-3.58333333,-59.12944443,1300300,0.5,1303,Centro Amazonense,AM
A121,-3.13333333,-58.48277777,1301902,4.25,1303,Centro Amazonense,AM
A122,-3.39888888,-57.67388888,1302900,3.7,1303,Centro Amazonense,AM
A123,-2.63916666,-56.75611111,1303403,3.02,1303,Centro Amazonense,AM
A124,-2.53472221,-57.75805555,1304302,0.76,1303,Centro Amazonense,AM
A125,-2.6336111,-59.60055555,1303569,12.32,1303,Centro Amazonense,AM
A126,-2.05666666,-60.02583332,1303536,3.0,1303,Centro Amazonense,AM
A128,-0.98722221,-62.92416666,1300409,0.88,1301,Norte Amazonense,AM
A133,-5.7886111,-61.28833333,1302702,1.78,1304,Sul Amazonense,AM
A134,-0.12527777,-67.06111111,1303809,2.64,1301,Norte Amazonense,AM
A135,2.81694443,-60.69083333,1400100,1.89,1401,Norte de Roraima,RR
A136,-8.26722221,-72.74777777,1200393,0.79,1201,Vale do Juruá,AC
A137,-8.95,-72.78666666,1200351,1.88,1201,Vale do Juruá,AC
A138,-8.14277777,-70.3436111,1200302,3.19,1201,Vale do Juruá,AC
A140,-11.02388888,-68.73527777,1200252,0.58,1202,Vale do Acre,AC
A144,-8.0911111,-60.38055554,1300144,113.14,1304,Sul Amazonense,AM
A201,-1.41111111,-48.43944444,1501402,7.46,1503,Metropolitana de Belém,PA
A202,-1.30083333,-47.94805555,1502400,3.5,1503,Metropolitana de Belém,PA
A203,-2.52666666,-44.21361111,2111300,7.77,2101,Norte Maranhense,MA
A204,-7.45555555,-46.02749999,2101400,8.58,2105,Sul Maranhense,MA
A205,-7.33722221,-47.45972222,2102804,0.43,2105,Sul Maranhense,MA
A206,-3.74277777,-43.35222222,2103208,0.48,2104,Leste Maranhense,MA
A207,-5.81611111,-46.16222222,2104800,1.79,2103,Centro Maranhense,MA
A209,-3.51083333,-52.96333333,1504455,11.06,1505,Sudoeste Paraense,PA
A210,-3.8436111,-50.63805555,1505486,0.93,1505,Sudoeste Paraense,PA
A211,-3.86416666,-54.21638888,1505650,0.62,1501,Baixo Amazonas,PA
A212,-2.90055555,-47.49499999,1505502,19.42,1506,Sudeste Paraense,PA
A213,-2.59249999,-48.36055555,1508001,31.47,1504,Nordeste Paraense,PA
A214,-4.82749999,-48.1736111,1506187,13.04,1506,Sudeste Paraense,PA
A215,-0.61888888,-47.35666666,1506203,1.74,1504,Nordeste Paraense,PA
A216,-6.63972221,-51.95694444,1507300,3.71,1506,Sudeste Paraense,PA
A217,-2.27083332,-43.62416666,2109403,34.36,2101,Norte Maranhense,MA
A218,-2.59222221,-42.7075,2101707,22.53,2101,Norte Maranhense,MA
A219,-1.66111111,-45.37249999,2112407,0.85,2102,Oeste Maranhense,MA
A220,-4.24305555,-44.79499999,2101202,2.45,2103,Centro Maranhense,MA
A221,-5.50666666,-45.23694444,2101608,1.68,2103,Centro Maranhense,MA
A222,-6.03305554,-44.23333333,2103505,2.32,2104,Leste Maranhense,MA
A223,-9.10833333,-45.93194443,2100501,0.65,2105,Sul Maranhense,MA
A224,-6.65333333,-47.41833332,2104057,10.65,2105,Sul Maranhense,MA
A225,-5.55583333,-47.45972222,2103752,4.34,2102,Oeste Maranhense,MA
A226,-1.05583333,-46.78277777,1501709,0.6,1504,Nordeste Paraense,PA
A227,-0.72777777,-48.51583333,1507904,1.62,1502,Marajó,PA
A228,-1.68027777,-50.47805554,1501808,0.12,1502,Marajó,PA
A229,-3.82277777,-49.67499999,1508100,6.35,1506,Sudeste Paraense,PA
A230,-6.07749999,-50.14222221,1505536,26.4,1506,Sudeste Paraense,PA
A231,-4.27694443,-55.99305555,1503606,1.14,1505,Sudoeste Paraense,PA
A232,-1.88083332,-55.51972221,1505106,2.25,1501,Baixo Amazonas,PA
A233,-9.34055555,-50.35027777,1506708,1.39,1506,Sudeste Paraense,PA
A234,-6.74333333,-51.14194444,1508084,2.31,1506,Sudeste Paraense,PA
A235,-4.24388888,-49.93944444,1505064,1.23,1506,Sudeste Paraense,PA
A236,-2.23972221,-49.49972221,1502103,0.41,1504,Nordeste Paraense,PA
A237,-4.82138888,-43.3436111,2103000,5.25,2104,Leste Maranhense,MA
A238,-4.32055554,-46.44944444,2102325,1.01,2102,Oeste Maranhense,MA
A239,-2.0,-54.07638888,1504802,0.51,1501,Baixo Amazonas,PA
A240,-5.36638888,-49.05111111,1504208,9.17,1506,Sudeste Paraense,PA
A241,-8.30361111,-49.28277777,1706001,4.47,1701,Ocidental do Tocantins,TO
A242,3.81361111,-51.8625,1600501,4.44,1601,Norte do Amapá,AP
A244,0.69416666,-51.40388888,1600535,2.41,1602,Sul do Amapá,AP
A245,-1.82194443,-52.11166666,1505908,16.15,1501,Baixo Amazonas,PA
A246,-6.31999999,-55.78777777,1505031,102.11,1505,Sudoeste Paraense,PA
A247,-7.11055555,-49.9261111,1508407,2.37,1506,Sudeste Paraense,PA
A248,-1.73472221,-47.0575,1502301,1.58,1504,Nordeste Paraense,PA
A249,0.03499999,-51.08888888,1600303,2.17,1602,Sul do Amapá,AP
A250,-2.5025,-54.72027777,1506807,7.48,1501,Baixo Amazonas,PA
A251,0.56777777,-50.8236111,1600253,14.31,1602,Sul do Amapá,AP
A252,-4.28055554,-47.56388888,2105427,19.68,2102,Oeste Maranhense,MA
A253,-3.26999999,-52.39472221,1501725,15.77,1505,Sudoeste Paraense,PA
A254,-8.04333333,-50.00694444,1506138,3.38,1506,Sudeste Paraense,PA
A255,-3.26916666,-45.65111111,2114007,0.48,2102,Oeste Maranhense,MA
A256,-8.72972221,-49.85638888,1506583,20.56,1506,Sudeste Paraense,PA
A301,-8.01888888,-34.94416666,2603454,3.78,2605,Metropolitana de Recife,PE
A302,0.916877,-29.345904,2605459,629.07,2605,Metropolitana de Recife,PE
A303,-9.55111111,-35.77027777,2708907,6.09,2703,Leste Alagoano,AL
A304,-5.83722221,-35.20805555,2408102,4.97,2404,Leste Potiguar,RN
A305,-3.81583333,-38.53777777,2304400,11.04,2303,Metropolitana de Fortaleza,CE
A306,-3.74805555,-40.34583333,2312908,6.56,2301,Noroeste Cearense,CE
A307,-9.38833333,-40.52333332,2611101,2.26,2602,São Francisco Pernambucano,PE
A308,-3.08666666,-41.78305554,2202000,14.35,2201,Norte Piauiense,PI
A309,-8.4336111,-37.05555555,2601201,2.06,2601,Sertão Pernambucano,PE
A310,-6.97555554,-35.71805554,2501104,2.59,2503,Agreste Paraibano,PB
A311,-6.76138888,-43.00333333,2203909,2.57,2203,Sudoeste Piauiense,PI
A312,-5.03472221,-42.80138888,2211001,6.37,2202,Centro-Norte Piauiense,PI
A313,-7.22555554,-35.90472222,2504009,3.51,2503,Agreste Paraibano,PB
A314,-4.22916666,-38.95888888,2309805,4.12,2302,Norte Cearense,CE
A315,-7.30083333,-39.2711111,2301901,3.43,2307,Sul Cearense,CE
A316,-6.46749999,-37.08499999,2402006,2.8,2402,Central Potiguar,RN
A317,-5.15111111,-36.57305554,2407203,8.08,2402,Central Potiguar,RN
A318,-4.90416666,-37.36694443,2411056,14.42,2401,Oeste Potiguar,RN
A319,-6.39638888,-39.26888888,2305506,4.36,2306,Centro-Sul Cearense,CE
A320,-7.14083333,-34.85083333,2507507,3.22,2504,Mata Paraibana,PB
A321,-7.07972221,-37.27277777,2510808,6.93,2501,Sertão Paraibano,PB
A322,-8.91083333,-36.49333333,2606002,3.18,2603,Agreste Pernambucano,PE
A323,-9.74916666,-37.43083332,2706406,1.43,2701,Sertão Alagoano,AL
A324,-6.01749999,-40.28138888,2313302,3.91,2304,Sertões Cearenses,CE
A325,-5.17444443,-39.28944444,2311405,1.81,2304,Sertões Cearenses,CE
A326,-9.07999999,-44.32777777,2201903,3.56,2203,Sudoeste Piauiense,PI
A327,-9.42027777,-36.62027777,2706307,2.13,2702,Agreste Alagoano,AL
A328,-7.84249999,-35.79027777,2614501,4.68,2603,Agreste Pernambucano,PE
A329,-8.50388888,-39.31527777,2603009,0.67,2602,São Francisco Pernambucano,PE
A330,-8.13222221,-41.14305555,2207801,0.24,2204,Sudeste Piauiense,PI
A331,-8.36444444,-42.2525,2210003,1.15,2204,Sudeste Piauiense,PI
A332,-5.0911111,-38.36472222,2308708,0.92,2305,Jaguaribe,CE
A333,-6.83583333,-38.31166666,2509156,4.64,2501,Sertão Paraibano,PB
A334,-7.89444444,-37.12472221,2509701,1.39,2502,Borborema,PB
A335,-4.2761111,-41.79444444,2208403,2.58,2201,Norte Piauiense,PI
A336,-8.37638888,-43.85944444,2200459,10.51,2203,Sudoeste Piauiense,PI
A337,-9.28583333,-43.32444443,2202505,0.88,2203,Sudoeste Piauiense,PI
A338,-3.90083333,-42.23694444,2203701,1.45,2201,Norte Piauiense,PI
A339,-4.83777777,-37.69972221,2307007,9.03,2305,Jaguaribe,CE
A340,-5.62666666,-37.815,2401008,3.74,2401,Oeste Potiguar,RN
A341,-8.35611111,-36.02833332,2604106,10.23,2603,Agreste Pernambucano,PE
A342,-5.18666666,-40.67222221,2304103,2.95,2304,Sertões Cearenses,CE
A343,-7.0711111,-41.40416666,2210938,4.87,2204,Sudeste Piauiense,PI
A344,-5.16,-35.48749999,2414407,5.43,2404,Leste Potiguar,RN
A345,-9.03305554,-42.70111111,2210607,2.31,2203,Sudoeste Piauiense,PI
A346,-7.44138888,-44.34499999,2200806,30.7,2203,Sudoeste Piauiense,PI
A347,-7.07777777,-40.36277777,2302701,1.31,2307,Sul Cearense,CE
A348,-7.48333333,-36.28638888,2503100,0.63,2502,Borborema,PB
A349,-8.50944444,-37.71166666,2606606,3.55,2601,Sertão Pernambucano,PE
A350,-7.95416666,-38.29499999,2613909,3.14,2601,Sertão Pernambucano,PE
A351,-8.59888888,-38.58416666,2605707,1.76,2602,São Francisco Pernambucano,PE
A352,-6.56194444,-35.13527777,2509305,9.87,2504,Mata Paraibana,PB
A353,-9.80444444,-36.61916666,2700300,7.2,2702,Agreste Alagoano,AL
A354,-6.97416666,-42.14694444,2207009,5.41,2204,Sudeste Piauiense,PI
A355,-10.1286111,-36.28638888,2702306,12.55,2703,Leste Alagoano,AL
A356,-9.28749999,-35.56583333,2708501,3.46,2703,Leste Alagoano,AL
A357,-8.66666666,-35.56805554,2610004,3.02,2604,Mata Pernambucana,PE
A358,-5.90555555,-38.62777777,2306900,0.68,2305,Jaguaribe,CE
A359,-3.48416666,-39.5886111,2306405,1.78,2302,Norte Cearense,CE
A360,-3.1211111,-40.08722221,2307809,7.92,2301,Noroeste Cearense,CE
A361,-5.34916666,-41.51222222,2202604,5.37,2202,Centro-Norte Piauiense,PI
A362,-5.91111111,-42.7186111,2210508,1.08,2202,Centro-Norte Piauiense,PI
A363,-6.4236111,-41.74888888,2211308,2.61,2202,Centro-Norte Piauiense,PI
A364,-9.87527777,-45.34583333,2204402,5.05,2203,Sudoeste Piauiense,PI
A365,-8.11805554,-42.97583332,2202307,2.77,2203,Sudoeste Piauiense,PI
A366,-7.88583333,-40.10277777,2609907,2.62,2601,Sertão Pernambucano,PE
A367,-6.22805554,-36.02666666,2411205,0.89,2403,Agreste Potiguar,RN
A368,-3.73222221,-41.01194444,2313401,2.2,2301,Noroeste Cearense,CE
A369,-4.97888888,-39.05722222,2311306,4.83,2304,Sertões Cearenses,CE
A370,-8.05805555,-39.0961111,2612208,3.6,2601,Sertão Pernambucano,PE
A371,-9.62222221,-37.76722221,2707107,1.14,2701,Sertão Alagoano,AL
A372,-5.53499999,-36.87222221,2404705,5.59,2401,Oeste Potiguar,RN
A373,-7.31833332,-38.14083333,2507002,2.1,2501,Sertão Paraibano,PB
A374,-10.42916666,-45.17305554,2202901,1.16,2203,Sudoeste Piauiense,PI
A375,-8.333531,-45.094625,2201150,55.59,2203,Sudoeste Piauiense,PI
A376,-4.86416666,-42.14555555,2202208,5.15,2202,Centro-Norte Piauiense,PI
A377,-6.08944444,-42.72749999,2200608,1.39,2202,Centro-Norte Piauiense,PI
A401,-13.00555555,-38.50583333,2927408,3.79,2905,Metropolitana de Salvador,BA
A402,-12.12472221,-45.02694443,2903201,3.91,2901,Extremo Oeste Baiano,BA
A404,-12.08499999,-45.70527777,2919553,8.92,2901,Extremo Oeste Baiano,BA
A405,-17.73944444,-39.25861111,2906907,1.41,2907,Sul Baiano,BA
A406,-12.67555554,-39.08944444,2909802,1.52,2905,Metropolitana de Salvador,BA
A407,-13.52777777,-40.11972221,2916906,2.97,2906,Centro Sul Baiano,BA
A408,-12.52416666,-40.29972221,2914703,0.67,2903,Centro Norte Baiano,BA
A409,-10.9525,-37.05444444,2800308,5.04,2803,Leste Sergipano,SE
A410,-14.65888888,-39.18138888,2932705,13.15,2907,Sul Baiano,BA
A412,-12.13166666,-40.35416666,2919603,0.34,2903,Centro Norte Baiano,BA
A413,-12.1961111,-38.96749999,2910800,7.82,2903,Centro Norte Baiano,BA
A414,-14.88638888,-40.80138888,2933307,5.37,2906,Centro Sul Baiano,BA
A415,-11.00333333,-44.53638888,2928406,1.23,2901,Extremo Oeste Baiano,BA
A416,-13.33249999,-44.61749999,2909307,2.4,2901,Extremo Oeste Baiano,BA
A417,-11.27249999,-37.79499999,2803005,0.89,2803,Leste Sergipano,SE
A418,-13.25111111,-43.40527777,2903904,0.6,2902,Vale São-Franciscano da Bahia,BA
A419,-10.73805555,-38.10833333,2805505,8.37,2802,Agreste Sergipano,SE
A420,-10.39972221,-37.74749999,2801405,7.38,2801,Sertão Sergipano,SE
A421,-10.47388888,-36.48194443,2800704,5.42,2803,Leste Sergipano,SE
A422,-17.96305555,-38.70333333,2906907,64.48,2907,Sul Baiano,BA
A423,-9.62555554,-42.07722221,2926004,1.07,2902,Vale São-Franciscano da Bahia,BA
A424,-11.32888888,-41.86444444,2914604,3.09,2903,Centro Norte Baiano,BA
A425,-12.55777777,-41.38888888,2919306,0.6,2906,Centro Sul Baiano,BA
A426,-14.20805555,-42.74972221,2911709,3.66,2906,Centro Sul Baiano,BA
A427,-16.38888888,-39.18249999,2925303,13.99,2907,Sul Baiano,BA
A428,-10.44305555,-40.14833333,2930105,4.55,2903,Centro Norte Baiano,BA
A429,-11.08472221,-43.13888888,2902708,0.78,2902,Vale São-Franciscano da Bahia,BA
A430,-13.15555555,-41.77416666,2924306,1.09,2906,Centro Sul Baiano,BA
A431,-12.03583333,-37.68388888,2908606,25.43,2904,Nordeste Baiano,BA
A432,-10.72305554,-43.65111111,2904753,2.38,2902,Vale São-Franciscano da Bahia,BA
A433,-14.18194443,-41.67222221,2904605,2.26,2906,Centro Sul Baiano,BA
A434,-13.00944444,-39.61694443,2901007,2.1,2906,Centro Sul Baiano,BA
A435,-9.8336111,-39.49555555,2932002,1.77,2904,Nordeste Baiano,BA
A436,-10.98472221,-39.61694443,2925808,1.83,2904,Nordeste Baiano,BA
A437,-15.28027777,-39.09138888,2932507,1.6,2907,Sul Baiano,BA
A438,-13.90694444,-38.97222221,2905800,15.01,2907,Sul Baiano,BA
A439,-12.19305555,-43.21333333,2913200,1.72,2902,Vale São-Franciscano da Bahia,BA
A440,-11.205,-40.465,2917508,5.74,2903,Centro Norte Baiano,BA
A441,-11.66472222,-39.02305554,2930501,1.59,2904,Nordeste Baiano,BA
A442,-10.53722221,-38.99666666,2910701,3.85,2904,Nordeste Baiano,BA
A443,-10.455,-41.20694444,2932457,33.52,2903,Centro Norte Baiano,BA
A444,-13.3436111,-39.12666666,2932903,6.36,2907,Sul Baiano,BA
A445,-14.17138888,-39.69249999,2913903,7.12,2907,Sul Baiano,BA
A446,-15.24472221,-40.22944443,2916401,2.04,2906,Centro Sul Baiano,BA
A447,-16.08805555,-39.21527777,2927705,29.34,2907,Sul Baiano,BA
A448,-9.00138888,-39.9125,2909901,2.34,2902,Vale São-Franciscano da Bahia,BA
A449,-10.01833332,-42.50027777,2924405,1.64,2902,Vale São-Franciscano da Bahia,BA
A450,-10.08083332,-38.34583333,2918100,1.38,2904,Nordeste Baiano,BA
A451,-10.67166666,-37.47138888,2802908,4.97,2802,Agreste Sergipano,SE
A452,-11.05222222,-45.20083333,2911105,2.32,2901,Extremo Oeste Baiano,BA
A453,-10.20777777,-37.43194443,2804508,1.48,2801,Sertão Sergipano,SE
A454,-13.03888888,-42.61722221,2919801,8.67,2906,Centro Sul Baiano,BA
A455,-17.00694444,-39.55805555,2915601,4.01,2907,Sul Baiano,BA
A456,-12.80833333,-38.49583333,2930709,10.36,2905,Metropolitana de Salvador,BA
A458,-11.05861111,-38.44416666,2926509,2.85,2904,Nordeste Baiano,BA
A472,-11.65444444,-38.01583333,2900306,0.54,2904,Nordeste Baiano,BA
A502,-21.22833332,-43.76777777,3105608,0.81,3111,Campo das Vertentes,MG
A505,-19.60583333,-46.94972221,3104007,1.85,3105,Triângulo Mineiro/Alto Paranaíba,MG
A506,-16.68638888,-43.84388888,3143302,4.88,3102,Norte de Minas,MG
A507,-18.91694443,-48.25555555,3170206,2.06,3105,Triângulo Mineiro/Alto Paranaíba,MG
A508,-16.16666666,-40.68777777,3101706,1.48,3103,Jequitinhonha,MG
A509,-22.86166666,-46.04333333,3110509,16.38,3110,Sul/Sudoeste de Minas,MG
A510,-20.7625,-42.86388888,3171303,1.3,3112,Zona da Mata,MG
A511,-19.57388888,-42.62249999,3168705,2.7,3108,Vale do Rio Doce,MG
A512,-18.95277777,-49.52499999,3134202,6.98,3105,Triângulo Mineiro/Alto Paranaíba,MG
A513,-20.55666666,-43.75611111,3145901,7.09,3107,Metropolitana de Belo Horizonte,MG
A514,-21.10638888,-44.25083333,3162500,2.75,3111,Campo das Vertentes,MG
A515,-21.56638888,-45.40416666,3170701,3.54,3110,Sul/Sudoeste de Minas,MG
A516,-20.74527777,-46.63388888,3147907,3.88,3110,Sul/Sudoeste de Minas,MG
A517,-21.105,-42.37583332,3143906,2.86,3112,Zona da Mata,MG
A518,-21.76999999,-43.36444444,3136702,2.8,3112,Zona da Mata,MG
A519,-19.53916666,-49.51805554,3111101,3.34,3105,Triângulo Mineiro/Alto Paranaíba,MG
A520,-19.98583333,-48.15166666,3100708,9.25,3105,Triângulo Mineiro/Alto Paranaíba,MG
A521,-19.88388888,-43.96944443,3106200,5.35,3107,Metropolitana de Belo Horizonte,MG
A522,-17.79888888,-40.25,3166709,1.39,3104,Vale do Mucuri,MG
A523,-18.99666666,-46.98583333,3148103,6.58,3105,Triângulo Mineiro/Alto Paranaíba,MG
A524,-20.455,-45.45388888,3126109,2.92,3109,Oeste de Minas,MG
A525,-19.87527777,-47.43416666,3156908,2.27,3105,Triângulo Mineiro/Alto Paranaíba,MG
A526,-14.40833333,-44.40416666,3142700,3.7,3102,Norte de Minas,MG
A527,-17.89277777,-41.51555555,3168606,3.77,3104,Vale do Mucuri,MG
A528,-18.20083333,-45.45972222,3169356,22.44,3106,Central Mineira,MG
A529,-22.39583333,-44.96194444,3147600,1.34,3110,Sul/Sudoeste de Minas,MG
A530,-21.91805554,-46.38305554,3110301,0.13,3110,Sul/Sudoeste de Minas,MG
A531,-22.31444444,-45.37305554,3139904,1.2,3110,Sul/Sudoeste de Minas,MG
A532,-18.83027777,-41.97694443,3127701,3.51,3108,Vale do Rio Doce,MG
A533,-18.78694444,-42.94305555,3128006,2.14,3108,Vale do Rio Doce,MG
A534,-19.53277777,-41.09083333,3101102,3.95,3108,Vale do Rio Doce,MG
A535,-19.88527777,-44.41694443,3126000,1.58,3107,Metropolitana de Belo Horizonte,MG
A536,-19.48194443,-45.59388888,3123205,2.13,3106,Central Mineira,MG
A537,-18.231052,-43.648269,3121605,4.9,3103,Jequitinhonha,MG
A538,-18.74777777,-44.45388888,3120904,2.54,3106,Central Mineira,MG
A539,-15.08583333,-44.01611111,3132107,8.48,3102,Norte de Minas,MG
A540,-18.78055554,-40.98638888,3139607,0.51,3108,Vale do Rio Doce,MG
A541,-17.70555555,-42.38916666,3112307,13.43,3103,Jequitinhonha,MG
A542,-16.55416666,-46.88194443,3170404,21.79,3101,Noroeste de Minas,MG
A543,-14.91222222,-42.80861111,3124302,1.41,3102,Norte de Minas,MG
A544,-15.52416666,-46.43555555,3109303,10.95,3101,Noroeste de Minas,MG
A545,-17.258064,-44.835556,3151206,13.81,3102,Norte de Minas,MG
A546,-17.56138888,-47.19916666,3128600,25.2,3101,Noroeste de Minas,MG
A547,-16.36277777,-45.12388888,3164209,5.23,3102,Norte de Minas,MG
A548,-15.30027777,-45.61749999,3116159,0.64,3102,Norte de Minas,MG
A549,-15.75166666,-41.45777777,3101003,0.96,3102,Norte de Minas,MG
A550,-16.57555554,-41.48555555,3133303,2.68,3103,Jequitinhonha,MG
A551,-15.72305554,-42.43583333,3155603,16.35,3102,Norte de Minas,MG
A552,-16.16027777,-42.31027777,3157005,2.23,3102,Norte de Minas,MG
A553,-17.78444444,-46.11944443,3136306,7.42,3101,Noroeste de Minas,MG
A554,-19.73583333,-42.13722221,3113404,5.73,3108,Vale do Rio Doce,MG
A555,-20.03138888,-44.01111111,3129806,4.83,3107,Metropolitana de Belo Horizonte,MG
A556,-20.26333333,-42.18277777,3112901,13.66,3112,Zona da Mata,MG
A557,-21.54666666,-43.26111111,3119609,4.83,3112,Zona da Mata,MG
A559,-15.44805555,-44.36638888,3135209,3.58,3102,Norte de Minas,MG
A560,-19.23249999,-44.96416666,3152006,5.3,3106,Central Mineira,MG
A561,-20.91,-47.11416666,3164704,13.57,3110,Sul/Sudoeste de Minas,MG
A562,-18.52055554,-46.44055555,3148004,8.43,3105,Triângulo Mineiro/Alto Paranaíba,MG
A563,-15.80277777,-43.29694444,3145059,0.49,3102,Norte de Minas,MG
A564,-20.17333332,-44.87499999,3122306,3.61,3109,Oeste de Minas,MG
A565,-20.0311111,-46.00888888,3105103,3.85,3109,Oeste de Minas,MG
A566,-16.84888888,-42.03527777,3103405,3.05,3103,Jequitinhonha,MG
A567,-21.68083332,-45.94444444,3139003,2.35,3110,Sul/Sudoeste de Minas,MG
A568,-19.71,-47.96194444,3170107,4.83,3105,Triângulo Mineiro/Alto Paranaíba,MG
A569,-19.45527777,-44.17333332,3153608,2.58,3107,Metropolitana de Belo Horizonte,MG
A570,-20.715,-44.86444444,3145604,4.13,3109,Oeste de Minas,MG
A571,-17.24444444,-46.88166666,3147006,2.42,3101,Noroeste de Minas,MG
A572,-19.93388888,-43.95222222,3106200,3.76,3107,Metropolitana de Belo Horizonte,MG
A601,-22.75777777,-43.68472221,3305554,3.21,3306,Metropolitana do Rio de Janeiro,RJ
A602,-23.05027777,-43.59555555,3302007,28.05,3306,Metropolitana do Rio de Janeiro,RJ
A603,-22.58972221,-43.28222221,3303906,12.03,3306,Metropolitana do Rio de Janeiro,RJ
A604,-21.58749999,-41.95833333,3300902,4.58,3301,Noroeste Fluminense,RJ
A606,-22.97527777,-42.02138888,3300258,0.59,3304,Baixadas,RJ
A607,-21.71472222,-41.34388888,3301009,5.91,3302,Norte Fluminense,RJ
A608,-22.3761111,-41.81194444,3302403,2.79,3302,Norte Fluminense,RJ
A609,-22.45138888,-44.44499999,3304201,2.21,3305,Sul Fluminense,RJ
A610,-22.46472222,-43.29138888,3303906,11.87,3306,Metropolitana do Rio de Janeiro,RJ
A611,-22.35805555,-43.69555555,3306206,6.0,3306,Metropolitana do Rio de Janeiro,RJ
A612,-20.27083332,-40.30583333,3205309,5.02,3203,Central Espírito-santense,ES
A613,-19.98833333,-40.57944443,3204609,6.1,3203,Central Espírito-santense,ES
A614,-19.35694444,-40.0686111,3203205,4.21,3202,Litoral Norte Espírito-santense,ES
A615,-20.63638888,-40.74194444,3200300,1.33,3203,Central Espírito-santense,ES
A616,-18.6761111,-39.86416666,3204906,5.08,3202,Litoral Norte Espírito-santense,ES
A617,-20.75055555,-41.48888888,3200201,5.19,3204,Sul Espírito-santense,ES
A618,-22.4486111,-42.98694444,3305802,3.77,3306,Metropolitana do Rio de Janeiro,RJ
A619,-23.2236111,-44.72694443,3303807,0.98,3305,Sul Fluminense,RJ
A620,-22.04166666,-41.05166666,3301009,41.49,3302,Norte Fluminense,RJ
A621,-22.86138888,-43.41138888,3303203,6.31,3306,Metropolitana do Rio de Janeiro,RJ
A622,-21.10083333,-41.03944444,3204302,0.91,3204,Sul Espírito-santense,ES
A623,-18.69527777,-40.39055555,3203908,2.69,3201,Noroeste Espírito-santense,ES
A624,-22.33472221,-42.67694443,3300803,14.79,3306,Metropolitana do Rio de Janeiro,RJ
A625,-22.09833333,-43.20833333,3306008,2.28,3303,Centro Fluminense,RJ
A626,-22.653579,-44.040916,3304409,12.72,3305,Sul Fluminense,RJ
A627,-22.86749999,-43.10194444,3303302,1.75,3306,Metropolitana do Rio de Janeiro,RJ
A628,-22.97555554,-44.30333333,3300100,3.29,3305,Sul Fluminense,RJ
A629,-21.9386111,-42.60083333,3301207,0.93,3303,Centro Fluminense,RJ
A630,-21.95055555,-42.01027777,3304607,0.46,3303,Centro Fluminense,RJ
A631,-18.29138888,-40.73638888,3202108,13.69,3201,Noroeste Espírito-santense,ES
A632,-19.40722222,-40.53972221,3203353,0.77,3201,Noroeste Espírito-santense,ES
A633,-20.38555555,-41.18999999,3201704,5.9,3203,Central Espírito-santense,ES
A634,-20.46694443,-40.40388888,3205101,13.23,3203,Central Espírito-santense,ES
A635,-22.37388888,-44.70305555,3302254,18.97,3305,Sul Fluminense,RJ
A636,-22.93999999,-43.40277777,3303203,15.08,3306,Metropolitana do Rio de Janeiro,RJ
A637,-22.34722221,-43.41777777,3303856,9.37,3306,Metropolitana do Rio de Janeiro,RJ
A652,-22.98833333,-43.19055555,3304557,8.45,3306,Metropolitana do Rio de Janeiro,RJ
A657,-20.10416666,-41.10694444,3200102,3.55,3203,Central Espírito-santense,ES
A659,-22.64583333,-42.41555555,3305604,2.37,3304,Baixadas,RJ
A667,-22.8711111,-42.60888888,3305505,12.02,3304,Baixadas,RJ
A701,-23.4962888,-46.6200666,3550308,4.53,3515,Metropolitana de São Paulo,SP
A702,-20.44722221,-54.72249999,5002704,9.69,5002,Centro Norte de Mato Grosso do Sul,MS
A703,-22.5525,-55.71638888,5006606,2.58,5004,Sudoeste de Mato Grosso do Sul,MS
A704,-20.79499999,-51.71333333,5008305,1.73,5003,Leste de Mato Grosso do Sul,MS
A705,-22.35805555,-49.02888888,3506003,7.05,3504,Bauru,SP
A706,-22.75027777,-45.60388888,3509700,3.12,3513,Vale do Paraíba Paulista,SP
A707,-22.11999999,-51.40861111,3541406,1.66,3508,Presidente Prudente,SP
A708,-20.58444444,-47.38249999,3516200,5.91,3502,Ribeirão Preto,SP
A709,-22.30055555,-53.82277777,5004700,0.64,5004,Sudoeste de Mato Grosso do Sul,MS
A710,-19.69555555,-51.18166666,5006309,2.52,5003,Leste de Mato Grosso do Sul,MS
A711,-21.98027777,-47.88388888,3548906,4.13,3505,Araraquara,SP
A712,-24.67166666,-47.54583333,3520301,3.14,3514,Litoral Sul Paulista,SP
A713,-23.4261111,-47.58555555,3502903,9.11,3512,Macro Metropolitana Paulista,SP
A714,-23.98194443,-48.88583333,3522406,1.02,3511,Itapetininga,SP
A715,-23.89083333,-47.99916666,3550209,1.52,3512,Macro Metropolitana Paulista,SP
A716,-23.00055555,-49.84333333,3534708,3.56,3510,Assis,SP
A717,-18.9886111,-56.62277777,5005202,102.48,5001,Pantanais Sul Mato-grossense,MS
A718,-22.37277777,-50.97472221,3542206,18.27,3508,Presidente Prudente,SP
A719,-20.47555554,-55.78388888,5001102,1.04,5001,Pantanais Sul Mato-grossense,MS
A720,-18.51222222,-54.7361111,5003306,1.98,5002,Centro Norte de Mato Grosso do Sul,MS
A721,-22.19388888,-54.91138888,5003702,10.73,5004,Sudoeste de Mato Grosso do Sul,MS
A722,-20.39555555,-56.43166666,5005608,18.77,5001,Pantanais Sul Mato-grossense,MS
A723,-21.70583333,-57.88666666,5006903,0.92,5001,Pantanais Sul Mato-grossense,MS
A724,-18.99666666,-57.63749999,5003207,1.88,5001,Pantanais Sul Mato-grossense,MS
A725,-23.10166666,-48.9411111,3504503,1.73,3504,Bauru,SP
A726,-22.70305555,-47.62333332,3538709,4.23,3506,Piracicaba,SP
A727,-21.66611111,-49.73472221,3527108,1.95,3504,Bauru,SP
A728,-23.04166666,-45.52083332,3554102,5.25,3513,Vale do Paraíba Paulista,SP
A729,-20.40333333,-49.96611111,3557105,2.59,3501,São José do Rio Preto,SP
A730,-18.80222222,-52.6025,5002951,2.96,5003,Leste de Mato Grosso do Sul,MS
A731,-21.60916666,-55.17749999,5005400,1.01,5004,Sudoeste de Mato Grosso do Sul,MS
A732,-19.42027777,-54.55305555,5007695,3.5,5002,Centro Norte de Mato Grosso do Sul,MS
A733,-20.165,-50.59499999,3535903,6.73,3501,São José do Rio Preto,SP
A734,-21.31916666,-50.93027777,3556305,12.4,3503,Araçatuba,SP
A735,-21.08555555,-49.92027777,3539608,5.86,3501,São José do Rio Preto,SP
A736,-21.13305554,-48.84055555,3535101,6.53,3501,São José do Rio Preto,SP
A737,-21.85555555,-48.79972221,3519600,11.54,3505,Araraquara,SP
A738,-21.78055554,-47.07527777,3510807,1.49,3507,Campinas,SP
A739,-22.415,-46.80527777,3522604,2.9,3507,Campinas,SP
A740,-23.22833332,-45.41694443,3550001,10.86,3513,Vale do Paraíba Paulista,SP
A741,-22.4711111,-48.5575,3505302,2.2,3504,Bauru,SP
A742,-19.12249999,-51.72083332,5002902,1.21,5003,Leste de Mato Grosso do Sul,MS
A743,-21.77499999,-54.52805554,5007208,3.49,5004,Sudoeste de Mato Grosso do Sul,MS
A744,-22.94916666,-46.5261111,3507605,1.66,3512,Macro Metropolitana Paulista,SP
A746,-24.96277777,-48.41638888,3505401,24.22,3514,Litoral Sul Paulista,SP
A747,-21.33833333,-48.11388888,3540903,5.47,3502,Ribeirão Preto,SP
A748,-20.55916666,-48.54499999,3505500,2.67,3502,Ribeirão Preto,SP
A749,-22.85722222,-54.60555555,5005152,0.27,5004,Sudoeste de Mato Grosso do Sul,MS
A750,-23.0025,-55.32944443,5000609,15.67,5004,Sudoeste de Mato Grosso do Sul,MS
A751,-23.96694443,-55.02416666,5007703,1.64,5004,Sudoeste de Mato Grosso do Sul,MS
A752,-23.44944444,-54.18194443,5004601,3.21,5004,Sudoeste de Mato Grosso do Sul,MS
A753,-20.35972222,-47.77527777,3524105,3.11,3502,Ribeirão Preto,SP
A754,-20.98166666,-54.97194443,5007901,5.73,5002,Centro Norte de Mato Grosso do Sul,MS
A755,-23.52388888,-46.86944443,3505708,2.24,3515,Metropolitana de São Paulo,SP
A756,-20.44444444,-52.87583332,5000203,0.34,5003,Leste de Mato Grosso do Sul,MS
A757,-22.10166666,-56.54083333,5002100,1.62,5004,Sudoeste de Mato Grosso do Sul,MS
A758,-21.4786111,-56.13777777,5005004,1.16,5004,Sudoeste de Mato Grosso do Sul,MS
A759,-21.75,-52.47138888,5001904,6.35,5003,Leste de Mato Grosso do Sul,MS
A760,-18.49277777,-53.17138888,5003256,7.19,5003,Leste de Mato Grosso do Sul,MS
A761,-17.63527777,-54.76055555,5007935,7.3,5002,Centro Norte de Mato Grosso do Sul,MS
A762,-21.45777777,-51.55222222,3514403,3.45,3508,Presidente Prudente,SP
A763,-22.23527777,-49.965,3529005,2.54,3509,Marília,SP
A764,-20.94805555,-48.47138888,3506102,0.81,3502,Ribeirão Preto,SP
A765,-23.84472221,-46.14333333,3506359,0.57,3515,Metropolitana de São Paulo,SP
A766,-24.53305554,-47.86416666,3542602,4.37,3514,Litoral Sul Paulista,SP
A767,-23.81083333,-45.4025,3550704,2.12,3513,Vale do Paraíba Paulista,SP
A768,-21.92722221,-50.49027777,3555000,3.05,3509,Marília,SP
A769,-22.68888888,-45.00555555,3508603,2.69,3513,Vale do Paraíba Paulista,SP
A770,-21.46111111,-47.57944443,3550902,3.16,3502,Ribeirão Preto,SP
A771,-23.72444443,-46.67749999,3513801,7.53,3515,Metropolitana de São Paulo,SP
A772,-23.1211111,-54.86555555,5000609,36.83,5004,Sudoeste de Mato Grosso do Sul,MS
A801,-30.05361111,-51.17472221,4314902,3.9,4305,Metropolitana de Porto Alegre,RS
A802,-32.07888888,-52.16777777,4315602,7.52,4307,Sudeste Rio-grandense,RS
A803,-29.72499999,-53.72055554,4316907,10.05,4303,Centro Ocidental Rio-grandense,RS
A804,-30.75055555,-55.40138888,4317103,19.28,4306,Sudoeste Rio-grandense,RS
A805,-27.85444444,-53.7911111,4317806,1.34,4301,Noroeste Rio-grandense,RS
A806,-27.6025,-48.61999999,4216602,2.05,4205,Grande Florianópolis,SC
A807,-25.4486111,-49.23055554,4119152,3.85,4110,Metropolitana de Curitiba,PR
A808,-29.35027777,-49.73333333,4321501,1.88,4305,Metropolitana de Porto Alegre,RS
A809,-29.83999999,-57.08194443,4322400,8.75,4306,Sudoeste Rio-grandense,RS
A810,-27.84805555,-54.45222222,4317202,3.65,4301,Noroeste Rio-grandense,RS
A811,-31.40333333,-52.70083333,4304507,2.29,4307,Sudeste Rio-grandense,RS
A812,-30.54527777,-53.46694443,4302808,3.75,4307,Sudeste Rio-grandense,RS
A813,-29.87222221,-52.38194443,4315701,12.92,4304,Centro Oriental Rio-grandense,RS
A814,-28.53249999,-49.31527777,4219002,1.81,4206,Sul Catarinense,SC
A815,-28.27555554,-49.93472221,4216503,1.81,4203,Serrana,SC
A816,-26.40638888,-52.85027777,4211652,4.75,4201,Oeste Catarinense,SC
A817,-26.91361111,-49.26805554,4207502,3.61,4204,Vale do Itajaí,SC
A818,-25.01083333,-50.85388888,4111407,0.56,4109,Sudeste Paranaense,PR
A819,-24.77999999,-50.04638888,4104907,3.73,4105,Centro Oriental Paranaense,PR
A820,-24.53333333,-54.01916666,4114609,4.65,4106,Oeste Paranaense,PR
A821,-23.50527777,-49.94638888,4112801,3.88,4104,Norte Pioneiro Paranaense,PR
A822,-24.43388888,-51.95388888,4117271,0.97,4103,Norte Central Paranaense,PR
A823,-25.56777777,-51.07805554,4110201,0.31,4108,Centro-Sul Paranaense,PR
A824,-23.39027777,-53.63583333,4109906,2.18,4101,Noroeste Paranaense,PR
A825,-24.18388888,-53.04888888,4108601,2.44,4102,Centro Ocidental Paranaense,PR
A826,-29.70916666,-55.52555554,4311759,14.28,4306,Sudoeste Rio-grandense,RS
A827,-31.34777777,-54.01333333,4301602,8.46,4306,Sudoeste Rio-grandense,RS
A828,-27.65777777,-52.30583333,4307005,4.28,4301,Noroeste Rio-grandense,RS
A829,-28.7486111,-50.05777777,4318622,0.97,4302,Nordeste Rio-grandense,RS
A830,-28.65,-56.01638888,4318002,1.52,4306,Sudoeste Rio-grandense,RS
A831,-30.3686111,-56.43722221,4315305,2.01,4306,Sudoeste Rio-grandense,RS
A832,-30.34138888,-54.31083333,4318309,1.35,4306,Sudoeste Rio-grandense,RS
A833,-29.19166666,-54.88555555,4317400,1.85,4303,Centro Ocidental Rio-grandense,RS
A834,-30.01027777,-50.13583333,4321600,2.93,4305,Metropolitana de Porto Alegre,RS
A835,-23.40527777,-51.93277777,4115200,1.69,4103,Norte Central Paranaense,PR
A836,-32.53472221,-53.37583332,4311007,2.86,4307,Sudeste Rio-grandense,RS
A837,-28.85916666,-52.54249999,4320800,4.28,4301,Noroeste Rio-grandense,RS
A838,-30.80805555,-51.83416666,4303509,5.36,4305,Metropolitana de Porto Alegre,RS
A839,-28.22666666,-52.40361111,4314100,3.48,4301,Noroeste Rio-grandense,RS
A840,-29.16444444,-51.53416666,4302105,1.73,4302,Nordeste Rio-grandense,RS
A841,-27.16916666,-51.55888888,4209003,4.77,4201,Oeste Catarinense,SC
A842,-23.41527777,-50.57777777,4117008,2.22,4104,Norte Pioneiro Paranaense,PR
A843,-25.69916666,-53.09527777,4107207,6.0,4107,Sudoeste Paranaense,PR
A844,-28.22249999,-51.51277777,4311304,1.88,4302,Nordeste Rio-grandense,RS
A845,-28.12694443,-49.47972221,4218905,16.6,4203,Serrana,SC
A846,-25.60194444,-54.48305554,4108304,11.97,4106,Oeste Paranaense,PR
A847,-25.49444444,-48.32583332,4118204,19.88,4110,Metropolitana de Curitiba,PR
A848,-26.286562,-53.633114,4205001,2.43,4201,Oeste Catarinense,SC
A849,-22.63944444,-52.89027777,4107108,3.4,4101,Noroeste Paranaense,PR
A850,-22.65833333,-52.13444444,4118303,4.9,4101,Noroeste Paranaense,PR
A851,-26.08138888,-48.64166666,4208450,4.49,4202,Norte Catarinense,SC
A852,-28.41722221,-54.9625,4318903,0.87,4301,Noroeste Rio-grandense,RS
A853,-28.60333333,-53.6736111,4306106,8.16,4301,Noroeste Rio-grandense,RS
A854,-27.39555555,-53.42944443,4321329,4.06,4301,Noroeste Rio-grandense,RS
A855,-25.72194443,-53.74805555,4119806,1.62,4107,Sudoeste Paranaense,PR
A856,-27.92027777,-53.31805554,4313706,2.22,4301,Noroeste Rio-grandense,RS
A857,-26.78638888,-53.51416666,4204905,4.64,4201,Oeste Catarinense,SC
A858,-26.9386111,-52.39805555,4219507,7.13,4201,Oeste Catarinense,SC
A859,-26.81916666,-50.98555555,4203006,5.5,4201,Oeste Catarinense,SC
A860,-27.2886111,-50.60416666,4204806,2.33,4203,Serrana,SC
A861,-26.93749999,-50.14555555,4214508,1.28,4204,Vale do Itajaí,SC
A862,-26.2486111,-49.57416666,4215000,5.75,4202,Norte Catarinense,SC
A863,-27.41833332,-49.64694444,4208500,5.08,4204,Vale do Itajaí,SC
A864,-26.3936111,-50.36333333,4210308,4.45,4202,Norte Catarinense,SC
A865,-27.80222222,-50.33555555,4209300,1.71,4203,Serrana,SC
A866,-28.60444444,-48.81333333,4209409,13.82,4206,Sul Catarinense,SC
A867,-28.931353,-49.49792,4201406,0.76,4206,Sul Catarinense,SC
A868,-26.95083333,-48.76194444,4207106,8.27,4204,Vale do Itajaí,SC
A869,-23.35916666,-52.93194443,4105607,2.33,4101,Noroeste Paranaense,PR
A870,-27.6786111,-49.04194444,4214300,2.34,4205,Grande Florianópolis,SC
A871,-23.77333332,-50.18055554,4112306,5.99,4104,Norte Pioneiro Paranaense,PR
A872,-24.28027777,-50.21027777,4128534,4.73,4105,Centro Oriental Paranaense,PR
A873,-25.50888888,-48.80861111,4116208,4.63,4110,Metropolitana de Curitiba,PR
A874,-25.83555555,-50.36888888,4125605,3.88,4109,Sudeste Paranaense,PR
A875,-26.3986111,-51.35361111,4108502,4.66,4109,Sudeste Paranaense,PR
A876,-26.41722221,-52.3486111,4105706,1.45,4108,Centro-Sul Paranaense,PR
A878,-31.24833333,-50.90638888,4312500,15.92,4305,Metropolitana de Porto Alegre,RS
A879,-29.36888888,-50.82722221,4304408,2.06,4305,Metropolitana de Porto Alegre,RS
A880,-28.51361111,-50.88277777,4322509,5.8,4302,Nordeste Rio-grandense,RS
A881,-31.0025,-54.61805554,4306601,5.74,4306,Sudoeste Rio-grandense,RS
A882,-29.44916666,-51.82333332,4321451,1.84,4304,Centro Oriental Rio-grandense,RS
A883,-28.65333333,-53.11194444,4310009,3.0,4301,Noroeste Rio-grandense,RS
A884,-29.67416666,-51.06416666,4303905,0.35,4305,Metropolitana de Porto Alegre,RS
A886,-29.08944444,-53.82666666,4322202,1.78,4303,Centro Ocidental Rio-grandense,RS
A887,-31.8025,-52.40722222,4314407,7.84,4307,Sudeste Rio-grandense,RS
A889,-29.70222222,-54.69444444,4319802,1.93,4303,Centro Ocidental Rio-grandense,RS
A893,-30.54305555,-52.52472221,4306908,0.41,4307,Sudeste Rio-grandense,RS
A894,-28.70472222,-51.87083332,4320404,6.34,4302,Nordeste Rio-grandense,RS
A895,-27.08527777,-52.63583333,4204202,2.65,4201,Oeste Catarinense,SC
A897,-29.04916666,-50.14972221,4303608,0.37,4302,Nordeste Rio-grandense,RS
A898,-27.3886111,-51.21583333,4203600,1.73,4203,Serrana,SC
A899,-33.74222221,-53.37222221,4305439,10.16,4307,Sudeste Rio-grandense,RS
A901,-15.60694444,-56.06083333,5103403,3.97,5104,Centro-Sul Mato-grossense,MT
A902,-14.65,-57.43166666,5107958,7.28,5103,Sudoeste Mato-grossense,MT
A903,-13.45388888,-56.67722221,5107305,5.07,5101,Norte Mato-grossense,MT
A904,-12.555,-55.72277777,5107925,1.4,5101,Norte Mato-grossense,MT
A905,-13.78583333,-57.8386111,5102637,15.22,5101,Norte Mato-grossense,MT
A906,-9.9525,-54.89777777,5104104,1.9,5101,Norte Mato-grossense,MT
A907,-16.4625,-54.58027777,5107602,6.09,5105,Sudeste Mato-grossense,MT
A908,-14.01638888,-52.21166666,5100201,6.76,5102,Nordeste Mato-grossense,MT
A909,-17.33944444,-53.22444443,5100300,2.77,5105,Sudeste Mato-grossense,MT
A910,-9.56333333,-57.3936111,5100805,7.6,5101,Norte Mato-grossense,MT
A911,-13.30388888,-58.76333333,5107875,34.99,5101,Norte Mato-grossense,MT
A912,-15.55888888,-55.17944443,5102678,2.38,5105,Sudeste Mato-grossense,MT
A913,-13.70805555,-59.7625,5103304,5.72,5101,Norte Mato-grossense,MT
A914,-11.28027777,-57.52666666,5105101,1.84,5101,Norte Mato-grossense,MT
A915,-14.42138888,-54.0361111,5106307,1.84,5101,Norte Mato-grossense,MT
A916,-12.60305555,-52.1625,5107065,2.24,5102,Nordeste Mato-grossense,MT
A917,-11.98222221,-55.56611111,5107909,14.9,5101,Norte Mato-grossense,MT
A919,-9.90638888,-58.57222221,5103379,17.65,5101,Norte Mato-grossense,MT
A920,-11.37499999,-58.77472221,5105150,2.89,5101,Norte Mato-grossense,MT
A921,-11.61888888,-50.72777777,5107859,6.24,5102,Nordeste Mato-grossense,MT
A922,-15.06277777,-59.87305554,5105507,10.38,5103,Sudoeste Mato-grossense,MT
A923,-15.57999999,-54.3811111,5107040,11.44,5105,Sudeste Mato-grossense,MT
A924,-10.07722221,-56.17916666,5100250,25.5,5101,Norte Mato-grossense,MT
A925,-8.7936111,-63.84583333,1100205,6.97,1101,Madeira-Guaporé,RO
A926,-9.97055554,-55.82749999,5102793,2.85,5101,Norte Mato-grossense,MT
A927,-12.52194443,-58.23138888,5101902,49.61,5101,Norte Mato-grossense,MT
A928,-13.0386111,-57.09222221,5108907,2.79,5101,Norte Mato-grossense,MT
A929,-13.03222221,-55.24194444,5106240,5.63,5101,Norte Mato-grossense,MT
A930,-13.18472221,-53.2575,5103858,20.23,5101,Norte Mato-grossense,MT
A931,-14.92499999,-53.88444444,5107792,32.62,5102,Nordeste Mato-grossense,MT
A932,-16.34166666,-53.76611111,5104203,1.04,5105,Sudeste Mato-grossense,MT
A933,-17.17499999,-54.50166666,5104609,38.44,5105,Sudeste Mato-grossense,MT
A934,-17.8411111,-53.28944444,5100607,2.18,5105,Sudeste Mato-grossense,MT
A935,-15.32472221,-57.22583332,5106851,0.6,5103,Sudoeste Mato-grossense,MT
A936,-15.12472221,-58.12722221,5107750,0.78,5103,Sudoeste Mato-grossense,MT
A937,-15.32527777,-59.2336111,5106752,16.46,5103,Sudoeste Mato-grossense,MT
A938,-12.73499999,-60.15777777,1100304,1.95,1102,Leste Rondoniense,RO
A939,-11.44583333,-61.43416666,1100049,2.72,1102,Leste Rondoniense,RO
A940,-9.94888888,-62.96194444,1100023,9.1,1102,Leste Rondoniense,RO
A941,-16.07472221,-57.69305555,5102504,1.22,5104,Centro-Sul Mato-grossense,MT
A942,-10.48416666,-52.37249999,5107743,36.89,5102,Nordeste Mato-grossense,MT
A943,-11.98777777,-51.4261111,5107883,11.61,5102,Nordeste Mato-grossense,MT
A944,-14.82888888,-56.44194444,5107701,2.0,5104,Centro-Sul Mato-grossense,MT
A945,-15.88472221,-52.22722221,5201702,1.6,5201,Noroeste Goiano,GO
A946,-11.08499999,-54.51388888,5105580,9.36,5101,Norte Mato-grossense,MT
A947,-12.28805555,-50.97138888,5106315,0.31,5102,Nordeste Mato-grossense,MT
A948,-13.81805554,-55.26777777,5107768,0.49,5101,Norte Mato-grossense,MT
A949,-14.37777777,-56.37972221,5103502,6.77,5101,Norte Mato-grossense,MT
A950,-12.23416666,-56.60222222,5104542,4.88,5101,Norte Mato-grossense,MT
A951,-12.39694444,-54.92999999,5103700,1.55,5101,Norte Mato-grossense,MT
A952,-11.05055555,-56.83583333,5107941,27.82,5101,Norte Mato-grossense,MT
A953,-10.62444443,-55.72416666,5106216,26.08,5101,Norte Mato-grossense,MT
A954,-14.38555555,-51.00972222,5103106,1.16,5102,Nordeste Mato-grossense,MT
A955,-13.07499999,-55.91138888,5105259,1.96,5101,Norte Mato-grossense,MT
A956,-14.69777777,-52.35027777,5106257,2.3,5102,Nordeste Mato-grossense,MT
A957,-13.47055554,-52.30444444,5102702,9.72,5102,Nordeste Mato-grossense,MT
A958,-15.46055555,-55.74972221,5103007,0.42,5104,Centro-Sul Mato-grossense,MT
A959,-13.03249999,-55.24194444,5106240,5.66,5101,Norte Mato-grossense,MT
A960,-15.86083333,-58.47222221,5106828,1.18,5103,Sudoeste Mato-grossense,MT
A961,-15.64027777,-58.07888888,5105622,4.32,5103,Sudoeste Mato-grossense,MT
A962,-13.72722221,-59.2625,5102686,2.54,5101,Norte Mato-grossense,MT
A963,-13.63555555,-59.78499999,5103304,2.87,5101,Norte Mato-grossense,MT
A964,-10.18249999,-59.45972222,5101407,1.18,5101,Norte Mato-grossense,MT
A965,-9.45222222,-59.23527777,5103254,1.49,5101,Norte Mato-grossense,MT
A966,-17.33666666,-56.76999999,5106505,120.03,5104,Centro-Sul Mato-grossense,MT
A967,-15.07583332,-57.19472221,5101704,0.97,5103,Sudoeste Mato-grossense,MT
A968,-10.65416666,-51.55222222,5103353,2.26,5102,Nordeste Mato-grossense,MT
A969,-15.85472222,-56.07083332,5107800,1.27,5104,Centro-Sul Mato-grossense,MT
A970,-11.42666666,-52.18583333,5102694,57.33,5102,Nordeste Mato-grossense,MT
B803,-24.57083332,-52.80027777,4103909,2.07,4102,Centro Ocidental Paranaense,PR
B804,-25.37138888,-52.40083333,4113304,4.16,4108,Centro-Sul Paranaense,PR
B806,-25.322464,-49.157733,4105805,7.65,4110,Metropolitana de Curitiba,PR
B807,-30.1861111,-51.17805554,4309308,16.41,4305,Metropolitana de Porto Alegre,RS
B808,-29.95138888,-51.12416666,4303103,2.22,4305,Metropolitana de Porto Alegre,RS
B809,-29.81388888,-51.15666666,4320008,1.9,4305,Metropolitana de Porto Alegre,RS
B810,-30.09666666,-51.67388888,4301107,5.26,4305,Metropolitana de Porto Alegre,RS
B811,-30.49416666,-51.66333333,4320552,7.26,4305,Metropolitana de Porto Alegre,RS
B812,-29.96555555,-51.62555554,4305355,0.47,4305,Metropolitana de Porto Alegre,RS
B813,-30.12444443,-52.05083333,4312252,1.4,4305,Metropolitana de Porto Alegre,RS
B814,-29.75861111,-51.4361111,4312401,9.01,4305,Metropolitana de Porto Alegre,RS
B815,-29.79166666,-51.82749999,4321303,3.66,4304,Centro Oriental Rio-grandense,RS
B816,-29.47916666,-51.01333333,4316956,2.41,4305,Metropolitana de Porto Alegre,RS
B817,-28.87416666,-50.97555554,4319000,13.85,4302,Nordeste Rio-grandense,RS
B818,-29.1961111,-51.18638888,4305108,3.76,4302,Nordeste Rio-grandense,RS
B819,-29.65583333,-50.61805554,4316006,3.65,4305,Metropolitana de Porto Alegre,RS
B820,-29.44222221,-50.56027777,4318200,2.19,4302,Nordeste Rio-grandense,RS
B821,-30.85861111,-53.15555555,4317004,4.52,4307,Sudeste Rio-grandense,RS
B822,-30.01833332,-52.93888888,4303004,4.73,4304,Centro Oriental Rio-grandense,RS
B823,-31.57472221,-53.38833333,4314506,0.96,4307,Sudeste Rio-grandense,RS
B824,-30.11527777,-50.92916666,4323002,9.44,4305,Metropolitana de Porto Alegre,RS
B825,-30.1861111,-51.17833332,4309308,16.39,4305,Metropolitana de Porto Alegre,RS
B826,-32.01277777,-53.40305555,4307104,1.49,4307,Sudeste Rio-grandense,RS
B827,-31.30555555,-54.01333333,4301602,8.65,4306,Sudoeste Rio-grandense,RS
B828,-31.87472221,-54.11972221,4300034,4.05,4306,Sudoeste Rio-grandense,RS
B829,-32.83583333,-52.6436111,4311007,75.15,4307,Sudeste Rio-grandense,RS
B830,-33.53166666,-53.35027777,4317301,2.12,4307,Sudeste Rio-grandense,RS
B831,-31.34055555,-52.01083333,4318804,4.13,4307,Sudeste Rio-grandense,RS
B832,-29.68527777,-49.99305555,4304630,9.41,4305,Metropolitana de Porto Alegre,RS
B833,-28.62583332,-53.61361111,4306106,2.3,4301,Noroeste Rio-grandense,RS
B834,-28.19694444,-55.62972221,4308656,0.89,4306,Sudoeste Rio-grandense,RS
B835,-28.65027777,-54.11277777,4311155,0.76,4301,Noroeste Rio-grandense,RS
B836,-30.24916666,-50.50916666,4313656,0.49,4305,Metropolitana de Porto Alegre,RS
B837,-27.90277777,-55.16722221,4315107,2.94,4301,Noroeste Rio-grandense,RS
B838,-29.09638888,-53.2125,4316451,0.16,4301,Noroeste Rio-grandense,RS
B839,-29.81611111,-50.53333333,4317608,1.94,4305,Metropolitana de Porto Alegre,RS
B840,-29.39833333,-53.01361111,4320701,2.98,4304,Centro Oriental Rio-grandense,RS
B841,-29.41361111,-49.80361111,4306551,7.31,4305,Metropolitana de Porto Alegre,RS
B842,-28.32333332,-52.81444444,4304705,3.7,4301,Noroeste Rio-grandense,RS
B843,-28.22083332,-53.6736111,4300208,10.11,4301,Noroeste Rio-grandense,RS
B844,-28.27805554,-54.27388888,4317509,2.55,4301,Noroeste Rio-grandense,RS
B845,-27.37416666,-53.96916666,4307450,2.5,4301,Noroeste Rio-grandense,RS
B846,-27.35861111,-52.77805554,4312708,1.17,4301,Noroeste Rio-grandense,RS
B847,-29.82138888,-55.88722221,4300406,9.56,4306,Sudoeste Rio-grandense,RS
B848,-30.11166666,-57.3361111,4301875,22.9,4306,Sudoeste Rio-grandense,RS
B849,-28.69916666,-55.38055554,4310553,16.74,4303,Centro Ocidental Rio-grandense,RS
B850,-29.15555555,-56.55555555,4310603,2.75,4306,Sudoeste Rio-grandense,RS
B851,-29.15527777,-56.1786111,4311718,10.87,4306,Sudoeste Rio-grandense,RS
B852,-29.72555554,-54.18805555,4306379,3.23,4303,Centro Ocidental Rio-grandense,RS
B853,-30.7886111,-53.89416666,4311502,2.06,4306,Sudoeste Rio-grandense,RS
B854,-29.58749999,-53.42749999,4308003,2.24,4303,Centro Ocidental Rio-grandense,RS
B855,-30.25972222,-54.90222222,4316402,2.12,4306,Sudoeste Rio-grandense,RS
B856,-28.66944443,-50.44194444,4302303,1.21,4302,Nordeste Rio-grandense,RS
B857,-28.51388888,-50.16777777,4318622,27.76,4302,Nordeste Rio-grandense,RS
B858,-28.56361111,-51.96916666,4304903,1.25,4301,Noroeste Rio-grandense,RS
B859,-29.15361111,-51.86527777,4312609,1.2,4304,Centro Oriental Rio-grandense,RS
B860,-29.10444444,-52.05277777,4315453,2.77,4304,Centro Oriental Rio-grandense,RS
B861,-27.77249999,-51.58666666,4318606,1.0,4301,Noroeste Rio-grandense,RS
B862,-30.50611111,-50.41999999,4313656,29.39,4305,Metropolitana de Porto Alegre,RS
C891,-84.0,-79.49416666,4305439,5667.32,4307,Sudeste Rio-grandense,RS
F501,-19.97999999,-43.95861111,3106200,8.45,3107,Metropolitana de Belo Horizonte,MG
S101,-12.42999999,-64.41999999,1100080,20.86,1101,Madeira-Guaporé,RO
S102,-2.93055554,-69.69527777,1303908,101.08,1302,Sudoeste Amazonense,AM
S103,-3.02249999,-60.05555555,1302603,11.35,1303,Centro Amazonense,AM
S104,-12.75055555,-60.14916666,1100304,0.06,1102,Leste Rondoniense,RO
S105,-4.25055555,-69.93499999,1304062,1.06,1302,Sudoeste Amazonense,AM
S107,-4.28999999,-47.55,2105427,18.35,2102,Oeste Maranhense,MA
S108,-2.7,-44.85,2110500,2.36,2101,Norte Maranhense,MA
S110,-10.78999999,-65.33277777,1100106,0.37,1101,Madeira-Guaporé,RO
S111,-3.8,-47.51,1508126,6.01,1506,Sudeste Paraense,PA
S113,0.94777777,-59.74638888,1400233,9.03,1402,Sul de Roraima,RR
S114,4.47749999,-61.14916666,1400456,0.31,1401,Norte de Roraima,RR
S115,0.59944444,-69.19194444,1303809,247.63,1301,Norte Amazonense,AM
S116,-4.52999999,-71.61749999,1300201,158.5,1302,Sudoeste Amazonense,AM
S117,-3.37722221,-64.72305554,1304203,1.08,1303,Centro Amazonense,AM
S120,-6.23722221,-57.77499999,1503754,3.39,1505,Sudoeste Paraense,PA
S121,-0.41444444,-65.01749999,1303601,1.01,1301,Norte Amazonense,AM
S122,3.35888888,-59.82388888,1400159,1.09,1401,Norte de Roraima,RR
S701,-22.148083,-53.763736,5000856,0.89,5004,Sudoeste de Mato Grosso do Sul,MS
S702,-22.955,-55.6261111,5001243,1.98,5004,Sudoeste de Mato Grosso do Sul,MS
S703,-19.94555555,-54.3686111,5001508,2.27,5002,Centro Norte de Mato Grosso do Sul,MS
S704,-21.24666666,-56.45055555,5002209,13.84,5004,Sudoeste de Mato Grosso do Sul,MS
S705,-21.29833333,-52.06888888,5002308,5.93,5003,Leste de Mato Grosso do Sul,MS
S706,-22.657056,-54.819306,5002407,2.26,5004,Sudoeste de Mato Grosso do Sul,MS
S707,-19.58749999,-54.02999999,5002605,6.03,5002,Centro Norte de Mato Grosso do Sul,MS
S708,-22.30861111,-54.32583332,5004007,15.05,5004,Sudoeste de Mato Grosso do Sul,MS
S709,-23.64444444,-54.57027777,5004304,3.31,5004,Sudoeste de Mato Grosso do Sul,MS
S710,-22.092833,-54.798833,5004502,1.53,5004,Sudoeste de Mato Grosso do Sul,MS
S711,-22.575389,-55.160333,5005251,3.56,5004,Sudoeste de Mato Grosso do Sul,MS
S712,-21.450972,-54.341972,5006002,4.5,5004,Sudoeste de Mato Grosso do Sul,MS
S713,-22.0786111,-53.46583333,5006200,21.73,5003,Leste de Mato Grosso do Sul,MS
S714,-18.07277777,-54.54888888,5006408,2.99,5002,Centro Norte de Mato Grosso do Sul,MS
S715,-20.466694,-53.763028,5007109,2.51,5003,Leste de Mato Grosso do Sul,MS
S716,-21.305889,-52.820375,5007554,1.42,5003,Leste de Mato Grosso do Sul,MS
S717,-20.35138888,-51.43027777,5007802,1.79,5003,Leste de Mato Grosso do Sul,MS
