feature,gain
notificacoes,0.17248880863189697
notificacoes_min_movel_3,0.13678666949272156
notificacoes_lag_1,0.13619428873062134
notificacoes_max_movel_3,0.11633269488811493
is_zero_notification_week,0.06164693087339401
notificacoes_media_movel_3,0.05863272771239281
notificacoes_media_movel_4,0.028765618801116943
notificacoes_razao_media_4,0.025297917425632477
notificacoes_lag_2,0.023048028349876404
qt_confirmados_provaveis,0.016422709450125694
notificacoes_diff_4,0.015731874853372574
label_surto_local,0.012210714630782604
notificacoes_max_movel_4,0.01210467703640461
notificacoes_razao_media_8,0.009589575231075287
notificacoes_min_movel_4,0.009489682503044605
qt_hospitalizados,0.00858392659574747
week_of_year_cos,0.007822275161743164
indice_carga_clinica,0.004843476694077253
notificacoes_diff_1,0.004733228124678135
label_alerta_q75,0.0035694821272045374
label_alerta_q90,0.0032618516124784946
notificacoes_pct_change_1,0.0032035592012107372
label_semana_critica,0.0030815606005489826
indice_sintomas,0.0027973728720098734
label_crescimento_acelerado,0.002760751871392131
notificacoes_pct_change_4,0.002743588527664542
dewpoint_mean_c_mm4,0.002320057712495327
idade_media_anos,0.0022943250369280577
week_of_year_sin,0.0022285482846200466
rain_sum_mm_mm8,0.0021535661071538925
prop_obito_outras_causas,0.002033087657764554
dewpoint_mean_c,0.002000945620238781
notificacoes_min_movel_8,0.0019375714473426342
prop_alrm_vom,0.001891320338472724
notificacoes_media_movel_8,0.0018875227542594075
temp_min_c,0.0018663801020011306
prop_sexo_fem,0.0018091157544404268
prop_criterio_lab,0.0017696935683488846
prop_confirmado_provavel,0.0016526628751307726
notificacoes_min_movel_12,0.001643517054617405
dewpoint_mean_c_mm8,0.0016429794486612082
prop_mialgia,0.001611780491657555
dewpoint_mean_c_lag_1,0.0015871032373979688
qt_dengue_alarme,0.0014315394219011068
indice_alarme,0.001420823042280972
prop_alrm_sang,0.0014125058660283685
prop_raca_indigena,0.0013693636283278465
notificacoes_max_movel_8,0.0013554991455748677
prop_febre,0.0013428806560114026
prop_cefaleia,0.0013250672491267323
rain_sum_mm_mm4,0.001313085318543017
prop_exantema,0.001292755245231092
prop_petequia_n,0.0012617518659681082
notificacoes_media_movel_12,0.0012599170440807939
indice_confirmacao,0.001233549788594246
dewpoint_mean_c_lag_2,0.001232144539244473
prop_alrm_letar,0.0011980935232713819
prop_hospitalizado,0.0011570823844522238
prop_dor_retro,0.0011532626813277602
prop_alrm_hipot,0.0011441797250881791
prop_laco,0.0011251590913161635
dewpoint_mean_c_lag_12,0.0010952325537800789
pressure_mean_mbar,0.001001434400677681
rain_sum_mm_mm12,0.0009942735778167844
prop_criterio_clinico,0.0009893655078485608
dewpoint_mean_c_mm12,0.0009886421030387282
qt_obitos_outras_causas,0.0009856723481789231
prop_gestante,0.0009829639457166195
prop_leucopenia,0.0009671227307990193
prop_inconclusivo,0.0009608217515051365
atraso_notificacao_medio_dias,0.0009575821459293365
prop_alrm_abdom,0.000950942630879581
notificacoes_max_movel_12,0.0009374169167131186
prop_conjuntvit,0.0009106902289204299
prop_hepatopat,0.0008944572182372212
temp_mean_c_mm12,0.0008921105763874948
prop_criterio_clinico_epi,0.0008906290750019252
humidity_mean_pct_mm12,0.0008824977558106184
temp_mean_c,0.0008782863733358681
notificacoes_aceleracao_1,0.0008753730799071491
temp_mean_c_mm4,0.000868963310495019
dewpoint_mean_c_lag_8,0.0008459975360892713
humidity_mean_pct_lag_12,0.0008408649591729045
notificacoes_lag_12,0.000827413983643055
temp_mean_c_lag_1,0.0008184697362594306
prop_artralgia,0.0008150971261784434
prop_grav_hemat,0.0008118649129755795
humidity_mean_pct_lag_8,0.0008033489575609565
temp_mean_c_mm8,0.0007943123928271234
qt_inconclusivos,0.0007935707690194249
rain_mean_mm,0.0007865115767344832
notificacoes_lag_3,0.0007832057308405638
radiation_mean_kj,0.0007713052909821272
rain_sum_mm_lag_1,0.0007710557547397912
prop_vomito,0.0007709317142143846
notificacoes_lag_4,0.0007692002691328526
indice_desfecho_severo,0.0007680224371142685
prop_dengue_alarme,0.0007521602092310786
rain_sum_mm_lag_2,0.0007519056089222431
temp_max_c,0.0007492906297557056
prop_raca_branca,0.0007453177822753787
rain_heavy_days_lag2,0.0007438224856741726
prop_artrite,0.0007408830570057034
notificacoes_lag_8,0.0007361561874859035
temp_mean_c_lag_2,0.0007335403352044523
prop_acido_pept,0.0007209629402495921
rain_heavy_days_lag4,0.0007203465793281794
prop_dengue_grave,0.00071821513120085
prop_nausea,0.0007165917195379734
prop_sexo_masc,0.0007138248183764517
humidity_mean_pct_mm8,0.0007134684710763395
rain_sum_mm,0.0007096373592503369
temp_mean_c_lag_12,0.0007017595926299691
temp_range_c,0.0007016527815721929
prop_raca_parda,0.0006968660745769739
prop_raca_amarela,0.000694496207870543
humidity_mean_pct_mm4,0.0006926014903001487
prop_hematolog,0.0006913091638125479
prop_dor_costas,0.0006793683278374374
temp_range_c_lag2,0.0006768968887627125
prop_raca_preta,0.000672154885251075
temp_mean_c_lag_8,0.0006691001472063363
wind_gust_mean_ms,0.0006678971694782376
rain_heavy_days,0.0006659256760030985
prop_hipertensa,0.0006598655018024147
dewpoint_mean_c_lag_4,0.0006592398276552558
humidity_mean_pct_lag_2,0.0006573654827661812
rain_sum_mm_lag_12,0.0006565619260072708
rain_sum_mm_lag_4,0.0006546336808241904
indice_comorbidades,0.0006532638799399137
prop_diabetes,0.0006434184615500271
humidity_mean_pct,0.000640454760286957
rain_sum_mm_lag_8,0.0006397461402229965
wind_speed_mean_ms,0.0006374287186190486
humidity_mean_pct_lag_4,0.0006360017578117549
prop_alrm_hemat,0.0006354282377287745
temp_mean_c_lag_4,0.0006316048675216734
humidity_mean_pct_lag_1,0.000622294086497277
rain_days,0.0006184447556734085
prop_alrm_plaq,0.0005013389163650572
indice_gravidade,0.0004585006972774863
prop_auto_imune,0.0004039639898110181
prop_renal,0.0004013155703432858
qt_dengue_grave,0.00023456878261640668
qt_chikungunya,0.0
qt_descartados,0.0
prop_descartado,0.0
prop_chikungunya,0.0
qt_obitos_agravo,0.0
prop_obito_agravo,0.0
prop_sangram,0.0
prop_plaq_menor,0.0
prop_evidencia,0.0
prop_plasmatico,0.0
prop_grav_mioc,0.0
prop_grav_consc,0.0
prop_grav_orgao,0.0
prop_alrm_hepat,0.0
prop_laco_n,0.0
prop_hematura,0.0
indice_hemorragico,0.0
prop_grav_ast,0.0
prop_grav_insuf,0.0
prop_grav_taqui,0.0
prop_grav_extre,0.0
prop_grav_hipot,0.0
prop_grav_melen,0.0
prop_grav_metro,0.0
prop_grav_sang,0.0
prop_petequias,0.0
prop_epistaxe,0.0
prop_gengivo,0.0
prop_metro,0.0
prop_mani_hemor,0.0
prop_grav_pulso,0.0
prop_grav_conv,0.0
prop_grav_ench,0.0
prop_alrm_liq,0.0
