ibge_municipio,codigo_wmo,distancia_km,uf
5200050,A002,26.75,GO
3100203,A536,39.58,MG
2300101,A315,25.8,CE
2900108,A430,15.98,BA
2900207,A329,32.56,BA
4100103,A842,29.66,PR
4200051,A898,31.32,SC
1500131,A214,28.07,PA
4200101,A876,17.36,SC
3100302,A556,30.67,MG
2600054,A301,18.85,PE
2900306,A417,49.32,BA
2300150,A314,28.11,CE
2300200,A360,26.18,CE
2400109,A316,49.95,RN
2200053,A330,11.74,PI
4300034,B828,4.05,RS
2300309,A319,39.49,CE
5100102,A944,41.47,MT
5200134,A027,48.5,GO
2400208,A372,7.11,RN
3500105,A734,42.99,SP
3500204,A735,32.88,SP
2900355,A419,21.61,BA
2400307,A317,38.63,RN
3200102,A657,3.55,ES
2100105,A206,43.84,MA
2600203,A330,44.65,PE
2600302,A341,14.74,PE
2200103,A362,13.97,PI
4200200,A863,17.31,SC
4200309,A863,17.96,SC
3100609,A541,31.8,MG
5100201,A908,6.76,MT
2200202,A362,9.37,PI
2700102,A371,44.22,AL
5000203,A756,0.34,MS
3100708,A520,9.25,MG
4200408,A841,18.99,SC
2100154,A308,46.26,MA
3200169,A540,25.84,ES
2900405,A441,35.72,BA
2400406,A358,49.59,RN
2600401,A357,6.35,PE
4300059,A839,37.11,RS
3500303,A738,32.5,SP
3500402,A530,34.54,SP
4200507,A895,34.17,SC
3500501,A739,19.01,SP
3500550,A725,39.37,SP
3500600,A726,28.21,SP
4200556,A895,31.68,SC
5200258,A042,14.87,GO
4200606,A870,21.52,SC
3101003,A549,0.96,MG
4300109,B854,18.16,RS
3500709,A705,13.13,SP
4100301,A862,37.43,PR
3200136,A540,34.16,ES
2500205,A373,25.37,PB
1700301,A224,12.43,TO
3101102,A534,3.95,MG
2900603,A445,22.25,BA
3101201,A635,45.66,MG
4300208,B843,10.11,RS
3101300,A635,23.44,MG
2500304,A310,12.89,PB
2500403,A310,9.81,PB
2500502,A310,20.66,PB
2600609,A309,30.66,PE
3500758,A713,34.73,SP
3101409,A739,30.82,MG
2100204,A203,25.88,MA
2300507,A306,28.81,CE
2500536,A328,31.05,PB
2900801,A405,25.14,BA
2100303,A237,25.76,MA
4300307,A810,37.33,RS
3200201,A617,5.19,ES
4300406,B847,9.56,RS
4300455,A805,26.11,RS
3101508,A629,13.71,MG
5200308,A046,42.85,GO
3101607,A567,28.38,MG
3200300,A615,1.33,ES
3500808,A707,18.61,SP
3101631,A502,8.33,MG
4200705,A870,28.2,SC
2500577,A310,33.82,PB
2500601,A320,32.69,PB
2900900,A410,49.8,BA
1700400,A053,32.05,TO
3101706,A508,1.48,MG
4100400,B806,14.68,PR
4300471,B842,25.15,RS
5200506,A003,39.78,GO
3101805,A532,16.0,MG
4300505,B846,28.02,RS
3101904,A516,28.74,MG
5100250,A924,25.5,MT
1500602,A253,21.78,PA
4100459,B803,26.79,PR
2600807,A341,14.85,PE
3501004,A561,29.42,SP
3501103,A727,45.77,SP
4300554,A883,18.22,RS
2100436,A220,38.85,MA
2100477,A255,49.04,MA
5100300,A909,2.77,MT
4200754,A841,45.03,SC
5100359,A943,35.22,MT
3102050,A556,37.22,MG
2400703,A317,24.4,RN
4300570,B818,24.96,RS
3153509,A556,28.51,MG
2200301,A376,44.18,PI
5100508,A949,18.43,MT
4128625,A816,34.04,PR
1100403,A940,47.0,RO
5200605,A024,1.47,GO
4100608,A835,49.84,PR
2100501,A223,0.65,MA
4100707,A825,43.57,PR
3102100,A502,43.57,MG
3200359,A540,31.48,ES
2300705,A332,47.53,CE
5100607,A934,2.18,MT
2200400,A312,37.68,PI
3501152,A713,35.7,SP
1300029,S117,18.77,AM
3501202,A729,10.71,SP
3501301,A707,8.15,SP
3501400,A763,30.4,SP
3501509,A763,31.16,SP
1700707,A054,45.61,TO
4300604,B808,6.1,RS
3102407,A533,44.7,MG
2200459,A336,10.51,PI
5200803,A017,45.45,GO
5000609,A750,15.67,MS
4100905,A869,32.98,PR
2600906,A357,34.73,PE
4300638,A838,40.49,RS
2200509,A377,21.34,PI
2901007,A434,2.1,BA
2901106,A413,31.59,BA
2901155,A424,48.08,BA
3501608,A726,30.01,SP
5200852,A014,38.56,GO
3501707,A711,36.73,SP
3501806,A729,26.68,SP
4300646,A854,24.64,RS
2300754,A359,30.01,CE
5200902,A028,22.2,GO
2500734,A334,38.35,PB
3501905,A739,32.85,SP
3102506,A510,29.36,MG
4101002,A855,35.38,PR
2700201,A353,36.62,AL
2901205,A414,46.92,BA
4101051,B803,34.65,PR
3502002,A711,28.22,SP
1500800,A201,8.94,PA
5201108,A002,45.13,GO
2100808,A206,28.81,MA
5000708,A719,2.86,MS
4200804,A857,33.01,SC
3200409,A615,20.49,ES
2901304,A425,28.22,BA
4101101,A716,40.04,PR
2901353,A428,35.43,BA
3102605,A530,25.78,MG
3502101,A704,36.51,SP
4300661,A894,29.65,RS
3102852,A541,13.48,MG
5000856,S701,0.89,MS
2601003,A322,22.51,PE
4200903,A870,13.16,SC
2901403,A402,37.88,BA
2200608,A377,1.39,PI
2400802,A372,32.14,RN
3300100,A628,3.29,RJ
2901502,A413,30.8,BA
4101150,A835,23.49,PR
5201207,A034,36.79,GO
3502408,A707,19.38,SP
2200707,A337,32.18,PI
4201000,A898,34.6,SC
4201109,A870,26.28,SC
4300703,B860,15.53,RS
2901601,A450,33.89,BA
4101200,A873,11.91,PR
2200806,A346,30.7,PI
2901700,A406,27.09,BA
4201208,A806,17.12,SC
3102902,A502,10.57,MG
3103009,A511,27.56,MG
2901809,A428,20.58,BA
5000906,A703,46.76,MS
4101309,A874,23.54,PR
4300802,B817,30.52,RS
3103108,A517,29.1,MG
2500775,A333,26.17,PB
3502507,A769,29.33,SP
3502606,A733,43.59,SP
5201405,A002,19.89,GO
1701101,A009,44.73,TO
5001003,A710,44.47,MS
3300159,A604,15.4,RJ
3200508,A617,45.45,ES
5100805,A910,7.6,MT
2100832,A219,38.97,MA
4201257,A817,18.23,SC
2401008,A340,3.74,RN
5201504,A742,27.86,GO
2901957,A445,35.81,BA
1300144,A113,1.51,AM
2800209,A453,46.31,SE
5001102,A719,1.04,MS
2301000,A305,18.88,CE
4201273,A858,35.22,SC
2500809,A310,40.74,PB
3103207,A569,29.97,MG
2800308,A409,5.04,SE
3502754,A755,21.8,SP
2301109,A339,31.99,CE
2902005,A433,35.33,BA
2902104,A441,38.39,BA
3103306,A557,25.31,MG
2601052,A301,33.41,PE
2301208,A314,22.46,CE
3502903,A713,9.11,SP
3200607,A613,36.8,ES
3103405,A566,3.05,MG
5201702,A013,1.18,GO
5201801,A002,38.21,GO
1701309,A048,28.12,TO
1701903,A256,34.03,TO
1702000,A054,49.21,TO
5101001,A945,45.48,MT
1702109,A021,9.85,TO
2100873,A255,35.9,MA
3103504,A507,30.87,MG
1702208,A044,1.29,TO
2100907,A308,25.64,MA
5001243,S702,1.98,MS
4300851,A838,33.41,RS
3503000,A753,30.22,SP
3503109,A725,11.74,SP
3503158,A609,24.5,SP
2700300,A353,7.2,AL
3103702,A510,37.48,MG
3103751,A035,2.99,MG
4101606,A872,41.15,PR
4101655,A822,21.69,PR
5101258,A961,34.37,MT
4201307,A851,33.59,SC
2500908,A310,16.9,PB
4201406,A867,0.76,SC
3503208,A711,37.35,SP
3503307,A726,45.63,SP
4300877,A884,14.53,RS
2301307,A347,29.21,CE
3300209,A659,26.31,RJ
2501005,A367,46.96,PB
2902252,A437,35.18,BA
4300901,A828,28.92,RS
2301406,A314,22.59,CE
2902302,A444,33.04,BA
2800407,A417,19.11,SE
4101804,A807,23.2,PR
3103900,A564,40.01,MG
3104007,A505,1.85,MG
3104106,A738,48.91,MG
3503356,A768,17.35,SP
3104205,A524,20.68,MG
2601201,A309,2.06,PE
3104304,A567,41.39,MG
3300225,A625,17.54,RJ
3503406,A737,22.77,SP
2501104,A310,2.59,PB
2401107,A318,27.32,RN
2800506,A451,18.64,SE
2501153,A321,36.91,PB
2501203,A313,19.97,PB
3503505,A635,22.77,SP
3503604,A741,24.58,SP
5202353,A028,43.68,GO
2401206,A304,39.39,RN
3104403,A629,43.65,MG
3104452,A541,24.95,MG
5101407,A964,1.18,MT
1100023,A940,9.1,RO
3503703,A736,7.96,SP
4101853,A822,37.84,PR
3300233,A606,28.43,RJ
4201505,A814,43.0,SC
2301505,A324,35.64,CE
2200905,A363,35.04,PI
2501302,A328,34.37,PB
2200954,A343,23.97,PI
3300258,A606,0.59,RJ
1702406,A032,36.46,TO
4301008,A882,13.88,RS
4301073,A811,26.51,RS
4301057,B841,16.7,RS
4301206,B840,10.7,RS
4301107,B810,5.26,RS
4301305,B826,38.58,RS
4201604,A841,34.64,SC
3503802,A739,41.62,SP
3503901,A701,32.56,SP
4201653,A858,16.14,SC
4301404,B860,28.41,RS
4201703,A817,11.85,SC
3503950,A733,13.89,SP
4101903,A842,27.83,PR
3104601,A557,48.91,MG
4102109,A835,33.31,PR
4102208,A835,30.84,PR
2700409,A303,26.5,AL
1300201,S105,31.94,AM
4201802,A863,13.03,SC
3104700,A527,45.58,MG
3504107,A744,18.93,SP
3200706,A622,26.63,ES
1702554,A044,31.66,TO
1500909,A226,18.69,PA
4301503,B835,19.15,RS
4301552,A828,25.46,RS
2902401,A410,40.79,BA
5202601,A027,31.98,GO
4201901,A863,12.19,SC
1300300,A120,0.5,AM
3504305,A705,39.04,SP
3504404,A727,32.14,SP
3504503,A725,1.73,SP
2101103,A203,38.64,MA
1702901,A225,34.93,TO
1703008,A205,36.18,TO
2101202,A220,2.45,MA
2101301,A219,26.93,MA
2101350,S108,13.05,MA
3104908,A529,49.4,MG
4301602,A827,8.46,RS
1501105,A228,39.55,PA
2501401,A352,26.15,PB
2401404,A352,25.7,RN
2902609,A412,28.37,BA
2301802,A333,46.21,CE
3200805,A534,8.47,ES
3504701,A727,46.23,SP
3105004,A569,29.34,MG
5203104,A013,45.33,GO
4201950,A867,9.06,SC
4202057,A851,42.17,SC
4202008,A868,13.39,SC
4202073,A867,26.0,SC
4212809,A868,22.63,SC
4301636,B836,26.47,RS
4220000,A867,27.89,SC
4102307,A807,42.59,PR
2101400,A204,8.58,MA
3105103,A565,3.85,MG
2301851,A369,39.57,CE
3504909,A609,28.3,SP
2501500,A310,27.35,PB
3105202,A508,34.76,MG
3105301,A530,20.82,MG
4202081,A857,12.74,SC
5001508,S703,2.27,MS
4102406,A842,40.22,PR
1703057,A049,39.18,TO
2902658,A442,41.3,BA
4301651,A840,23.45,RS
3505005,A821,41.37,SP
3105400,A572,49.84,MG
4301701,A828,8.37,RS
2101509,A311,3.13,MA
3105509,A517,21.14,MG
4301750,B811,13.72,RS
2401453,A339,27.53,RN
3105608,A502,0.81,MG
2301901,A315,3.43,CE
3505104,A735,20.3,SP
4102505,A822,44.82,PR
1501303,A201,22.94,PA
2401503,A367,33.66,RN
1300409,A128,0.88,AM
3505203,A737,24.86,SP
2902708,A429,0.78,BA
4202099,A857,16.46,SC
3505302,A741,2.2,SP
2201176,A363,41.7,PI
2601300,A357,29.1,PE
2501609,A310,48.0,PB
2501575,A348,32.76,PB
2700508,A356,14.15,AL
3200904,A540,9.89,ES
2501708,A348,29.46,PB
2700607,A303,35.23,AL
5101704,A967,0.97,MT
2902906,A414,24.0,BA
2101608,A221,1.68,MA
5101803,A013,3.19,MT
4301859,B845,32.54,RS
4102703,A716,37.16,PR
1703073,A205,46.56,TO
3300308,A611,18.48,RJ
4301875,B848,22.9,RS
4301909,B825,16.84,RS
4301925,A828,29.67,RS
2903102,A445,10.56,BA
3505401,A746,24.22,SP
2800605,A409,6.36,SE
4301958,A856,27.41,RS
3300407,A626,18.1,RJ
4202107,A868,35.56,SC
4301800,B861,16.71,RS
4102604,A848,4.04,PR
2201200,A338,38.72,PI
2301950,A314,35.67,CE
2903201,A402,3.91,BA
2201309,A364,14.9,PI
1300508,A123,38.92,AM
2101707,A218,22.53,MA
2601409,A357,45.44,PE
3505500,A748,2.67,SP
3505609,A747,17.66,SP
2903235,A424,48.2,BA
5203203,A022,29.62,GO
2201408,A362,24.88,PI
2903300,A410,35.1,BA
2903276,A441,16.41,BA
4302006,A837,26.49,RS
3105905,A502,21.58,MG
3505708,A755,2.24,SP
3505807,A768,25.33,SP
5001904,A759,6.35,MS
2201507,A338,22.15,PI
2700706,A323,33.69,AL
3505906,A708,40.64,SP
5002001,S713,31.31,MS
2302107,A314,13.79,CE
3506003,A705,7.05,SP
2501807,A320,8.86,PB
3506102,A764,0.81,SP
2302305,A360,11.89,CE
5002100,A757,1.62,MS
4102752,A855,19.56,PR
5203302,A002,46.24,GO
4202131,A864,16.75,SC
1501402,A201,7.46,PA
2501906,A310,34.14,PB
2700805,A327,21.95,AL
2601508,A357,29.55,PE
2601607,A351,44.85,PE
3300456,A621,10.9,RJ
3106101,A518,19.87,MG
4202156,A857,8.78,SC
2903409,A447,44.22,BA
3106200,A572,3.76,MG
2601706,A341,43.82,PE
2700904,A323,18.74,AL
3106309,A511,42.0,MG
3106408,A513,32.76,MG
1501451,A250,28.33,PA
2101806,A346,34.79,MA
4202206,A817,17.3,SC
1501501,A201,22.47,PA
1300607,S105,17.91,AM
4302055,B846,24.26,RS
3506201,A734,13.29,SP
4302105,A840,1.73,RS
2101905,S108,29.65,MA
3106507,A566,46.81,MG
3106655,A549,34.38,MG
3506300,A716,38.47,SP
2101939,A220,42.82,MA
3506359,A765,0.57,SP
2201705,A346,48.51,PI
2601805,A349,44.53,PE
2201739,A330,37.9,PI
3106705,A555,21.08,MG
2601904,A341,29.01,PE
3106804,A502,41.56,MG
3106903,A557,28.89,MG
4202305,A806,12.48,SC
3506409,A734,48.12,SP
3506508,A735,49.44,SP
3506607,A765,32.31,SP
2903607,A441,24.58,BA
4102901,A875,33.02,PR
4202404,A817,19.55,SC
4103008,A825,27.4,PR
3201001,A623,19.65,ES
4103024,A843,13.75,PR
3506706,A737,44.84,SP
2201770,A335,40.83,PI
2502102,A373,12.8,PB
2302404,A325,49.68,CE
1400100,A135,1.89,RR
2502151,A348,25.06,PB
4103057,A843,43.56,PR
4302154,A856,28.16,RS
4302204,B845,35.57,RS
4302220,A853,13.66,RS
4302238,B833,30.5,RS
1300680,A122,48.2,AM
4302253,A882,18.31,RS
2903805,A408,36.09,BA
2701001,A353,48.05,AL
1300706,A110,7.56,AM
2201804,A343,17.36,PI
3506805,A741,37.38,SP
3107208,A609,31.71,MG
4202438,A865,39.2,SC
3107307,A506,47.63,MG
4103107,B806,13.61,PR
2602001,A366,22.17,PE
5002159,A722,33.23,MS
3507001,A713,18.29,SP
2602100,A327,28.83,PE
3107406,A536,44.96,MG
3300506,A629,30.07,RJ
2602209,A328,23.88,PE
2102002,A255,30.67,MA
4202503,A845,28.06,SC
5203401,A013,34.63,GO
4202537,A858,22.92,SC
4302303,B856,1.21,RS
2201903,A326,3.56,PI
2401701,A304,44.28,RN
2502201,A333,36.9,PB
2903904,A418,0.6,BA
3107604,A516,32.32,MG
2102036,A238,49.13,MA
5101852,A943,21.99,MT
3107802,A554,21.82,MG
3300605,A617,48.23,RJ
3201100,A617,45.04,ES
4202578,A816,40.18,SC
4103156,A848,10.77,PR
1703305,A020,1.48,TO
3507100,A744,21.58,SP
2102077,A220,30.05,MA
4302352,B814,31.36,RS
2201919,A308,20.0,PI
4302378,B845,20.79,RS
3107901,A509,45.03,MG
4202602,A845,36.47,SC
4302402,A882,21.17,RS
3108008,A570,37.17,MG
4103206,A835,37.49,PR
3507159,A714,45.47,SP
4103222,A816,37.09,PR
4202453,A868,32.16,SC
1400159,S122,1.09,RR
3108107,A555,40.72,MG
2201929,A345,24.8,PI
5203559,A002,27.71,GO
2602308,A357,28.0,PE
1501600,A248,49.34,PA
5002209,S704,13.84,MS
3108255,A559,43.85,MG
2502409,A373,41.08,PB
2502508,A348,17.15,PB
4302451,B860,42.71,RS
2201945,A376,42.6,PI
2800670,A417,24.18,SE
2904100,A454,27.3,BA
3507209,A768,38.43,SP
3507308,A705,31.47,SP
2502706,A310,22.2,PB
3507407,A737,38.48,SP
3108305,A530,45.18,MG
3507456,A705,24.62,SP
4302501,A852,35.15,RS
3108404,A530,30.8,MG
3507506,A741,47.34,SP
2904209,A454,39.17,BA
4202701,A817,37.52,SC
4302584,B843,18.79,RS
4202800,A814,32.65,SC
4202859,A863,24.15,SC
4302600,A805,26.84,RS
1501709,A226,0.6,PA
3507605,A744,1.66,SP
4103354,B803,42.5,PR
2701100,A303,44.45,AL
3108701,A510,40.14,MG
1501725,A253,15.77,PA
5002308,S705,5.93,MS
4103370,A825,48.57,PR
1703602,A049,32.96,TO
1200104,A140,3.58,AC
2201960,A335,15.86,PI
5300108,A001,1.18,DF
5101902,A927,49.61,MT
3108800,A533,38.7,MG
5203609,A002,29.72,GO
3108909,A531,30.71,MG
2602407,A322,15.39,PE
3201159,A657,20.06,ES
2401800,A304,42.19,RN
2602506,A321,29.75,PE
3507753,A735,28.96,SP
2602605,A341,44.46,PE
2502805,A316,47.34,PB
2201988,A365,19.31,PI
2800704,A421,5.42,SE
1501758,A044,33.57,PA
2302503,A315,38.07,CE
2904308,A434,22.32,BA
1501782,A229,12.6,PA
1501808,A228,0.12,PA
4302659,A882,24.83,RS
3507902,A711,41.53,SP
3109006,A555,23.85,MG
2904605,A433,2.26,BA
4202875,A860,26.18,SC
4202909,A868,22.0,SC
3109105,A739,46.96,MG
2904704,A410,35.88,BA
3109253,A554,36.91,MG
2602803,A309,23.68,PE
1200138,A104,18.57,AC
1501907,A202,26.1,PA
3508009,A714,35.91,SP
3508108,A735,23.67,SP
5203906,A035,34.21,GO
2102309,A222,49.35,MA
5203939,A014,40.76,GO
1703800,A044,38.75,TO
2202000,A308,14.35,PI
2202026,A361,46.63,PI
2102325,A238,1.01,MA
5203962,A017,43.38,GO
2904753,A432,2.38,BA
2102358,A225,49.65,MA
3109303,A544,10.95,MG
3508207,A753,19.96,SP
3109402,A545,17.87,MG
4302709,B813,8.76,RS
2503001,A320,41.88,PB
5002407,S706,2.26,MS
2904803,A446,36.14,BA
2503100,A348,0.63,PB
2904852,A406,19.38,BA
2202059,A376,46.59,PI
2503209,A320,17.25,PB
2602902,A301,25.84,PE
3300704,A606,9.58,RJ
3109501,A530,49.84,MG
3508306,A705,33.78,SP
3508405,A755,36.49,SP
2603009,A329,0.67,PE
4203006,A859,5.5,SC
3508504,A728,20.15,SP
4302808,A812,3.75,RS
1100601,A940,44.94,RO
4302907,A889,24.08,RS
5102504,A941,1.22,MT
2904902,A406,16.52,BA
5204102,A011,39.93,GO
3109600,A569,30.36,MG
5204201,A027,40.69,GO
3109709,A531,42.15,MG
3102704,A549,24.47,MG
4303004,B822,4.73,RS
2503308,A333,41.14,PB
5204250,A035,31.2,GO
3109808,A035,34.96,MG
2102374,A203,48.35,MA
3508603,A769,2.69,SP
3300803,A624,14.79,RJ
2603108,A341,27.46,PE
4303103,B808,2.22,RS
3201209,A622,29.52,ES
2503407,A321,13.66,PB
2503506,A310,38.04,PB
2503555,A321,27.39,PB
2701209,A327,40.73,AL
4303202,B861,7.21,RS
1100049,A939,2.72,RO
2905107,A440,15.69,BA
3109907,A569,31.19,MG
3110004,A572,30.01,MG
2603207,A322,20.63,PE
2905206,A426,32.39,BA
4103404,A850,45.48,PR
3508801,A727,20.0,SP
3508900,A707,21.13,SP
3110103,A617,46.2,MG
5204409,A023,1.7,GO
4303301,A852,34.08,RS
4203105,A854,40.09,SC
4303400,A854,12.95,RS
2503605,A352,36.26,PB
2402006,A316,2.8,RN
3509007,A701,19.4,SP
2905404,A444,18.48,BA
3509106,A759,49.84,SP
3509205,A755,18.8,SP
2102408,S108,27.44,MA
3509254,A766,34.24,SP
2503704,A333,27.6,PB
2202075,A354,33.34,PI
3509304,A736,28.66,SP
2701308,A303,45.53,AL
3110202,A510,8.04,MG
3509403,A770,35.33,SP
2603306,A322,26.38,PE
3110301,A530,0.13,MG
2503803,A310,45.38,PB
5204557,A002,24.55,GO
2905503,A440,27.59,BA
2202091,A347,41.33,PI
4203154,A859,27.28,SC
2603405,A350,16.3,PE
2905602,A437,45.46,BA
2905701,A456,22.01,BA
3110400,A570,32.12,MG
2503902,A334,33.12,PB
2905800,A438,15.01,BA
3110509,A509,16.38,MG
5002605,S707,6.03,MS
4303509,A838,5.36,RS
2603454,A301,4.48,PE
4303558,B858,22.73,RS
4103602,A716,24.19,PR
4303608,A897,0.37,RS
4103800,A835,41.44,PR
4203204,A868,13.74,SC
3300902,A604,4.58,RJ
3110608,A509,27.85,MG
3110707,A515,34.1,MG
1502103,A236,0.41,PA
2603504,A341,28.94,PE
3110806,A527,45.33,MG
3110905,A515,29.98,MG
3111002,A530,27.75,MG
2701357,A357,20.08,AL
4303673,B817,14.68,RS
4103909,B803,2.07,PR
4303707,B837,33.39,RS
2504009,A313,3.51,PB
4104006,B806,10.51,PR
3111101,A519,3.34,MG
4303806,A828,32.1,RS
4203303,A862,31.16,SC
2701407,A353,29.3,AL
2905909,A337,43.14,BA
2202117,A331,46.04,PI
3111150,A547,36.96,MG
3111200,A570,46.57,MG
4203402,A865,43.01,SC
4303905,A884,0.35,RS
2801009,A451,7.95,SE
4104105,A862,31.83,PR
4203501,A816,23.48,SC
2906006,A428,20.21,BA
2701506,A353,25.35,AL
5002704,A702,9.69,MS
2202133,A343,41.61,PI
4104204,A807,29.97,PR
2202174,A338,45.98,PI
5204854,A002,40.89,GO
3509601,A755,36.1,SP
4104253,A807,23.77,PR
2202208,A376,5.15,PI
4304002,A805,19.54,RS
5102637,A905,15.22,MT
2402105,A367,17.96,RN
5102678,A912,2.38,MT
3111507,A565,41.47,MG
5204904,A032,27.68,GO
4304101,A883,28.16,RS
3509700,A706,3.12,SP
3301009,A607,5.91,RJ
1703842,A043,30.84,TO
4203600,A898,1.73,SC
3509809,A763,40.92,SP
2302701,A347,1.31,CE
3111903,A570,47.43,MG
3111705,A510,27.05,MG
3509908,A746,48.95,SP
3111804,A035,34.66,MG
2906204,A424,41.06,BA
5102702,A957,9.72,MT
3509957,A769,4.94,SP
2906303,A437,46.01,BA
2906402,A441,18.84,BA
2906501,A456,16.19,BA
3112000,A524,39.52,MG
1100809,A925,15.97,RO
4304200,B840,37.04,RS
2906600,A426,25.72,BA
4304309,A810,31.6,RS
2102606,A219,45.87,MA
3510104,A736,30.52,SP
2906709,A549,36.39,BA
4304358,B823,27.5,RS
4104428,B804,42.69,PR
4304408,A879,2.06,RS
4203709,A868,34.56,SC
2402204,A352,21.14,RN
4304507,A811,2.29,RS
2603702,A322,32.68,PE
2302800,A314,41.82,CE
2801207,A371,4.04,SE
3510153,A716,6.1,SP
4304606,B808,7.32,RS
4203808,A864,24.34,SC
2906808,A436,38.02,BA
1400175,A135,24.88,RR
3301108,A629,24.6,RJ
4104451,B804,28.24,PR
3112059,A533,44.63,MG
2202307,A365,2.77,PI
2906824,A435,38.88,BA
4304614,B860,30.56,RS
1502202,A226,46.96,PA
4104501,A855,8.23,PR
4203253,A865,22.9,SC
3510203,A715,37.91,SP
4304622,A844,15.73,RS
4304630,B832,9.41,RS
4304655,A833,43.2,RS
4304663,A887,9.26,RS
3112109,A556,41.27,MG
2701704,A303,37.45,AL
2801306,A451,48.27,SE
4304689,B814,12.54,RS
3510302,A713,16.33,SP
3112208,A502,37.69,MG
3112307,A541,13.43,MG
3112406,A561,33.19,MG
2504033,A352,39.55,PB
3112505,A569,11.16,MG
3112604,A512,30.03,MG
4203907,A841,20.34,SC
2302909,A314,25.89,CE
4304697,B859,17.2,RS
3112653,A532,29.78,MG
2202406,A335,26.07,PI
3112703,A506,42.54,MG
4104600,A855,30.04,PR
1502301,A248,1.58,PA
3510401,A726,34.59,SP
4203956,A866,22.58,SC
4304671,B836,12.34,RS
2603801,A322,24.76,PE
3112901,A556,13.66,MG
4304713,B839,10.34,RS
2202505,A337,0.88,PI
3510500,A767,22.08,SP
4104659,A819,15.93,PR
3113107,A513,34.95,MG
3113206,A502,30.55,MG
3300936,A608,26.46,RJ
3510609,A755,2.93,SP
3113404,A554,5.73,MG
2402303,A340,33.32,RN
2504074,A348,34.77,PB
2202539,A308,43.71,PI
2906907,A405,1.41,BA
4304705,B842,3.7,RS
2907004,A431,30.26,BA
3510708,A729,36.3,SP
3301157,A604,37.16,RJ
3113602,A531,44.95,MG
3201308,A612,11.57,ES
2303006,A314,25.77,CE
2202554,A330,47.55,PI
2801405,A420,7.38,SE
2303105,A306,26.57,CE
1703867,A019,19.86,TO
2303204,A315,30.36,CE
2303303,A319,28.42,CE
5102793,A926,2.85,MT
4104709,A821,24.35,PR
4304804,A840,15.04,RS
4304853,B861,32.62,RS
3113800,A533,39.24,MG
3301207,A629,0.93,RJ
3113909,A515,22.23,MG
3114006,A570,17.54,MG
3114105,A531,32.98,MG
3114204,A564,11.51,MG
5205000,A015,45.47,GO
1703883,A021,23.11,TO
2801504,A409,34.95,SE
3114501,A570,30.94,MG
2402501,A372,21.91,RN
2303402,A368,48.19,CE
2603926,A351,36.24,PE
2701803,A323,29.98,AL
1400233,S113,9.03,RR
2102804,A205,0.43,MA
2604007,A301,39.99,PE
2504108,A333,22.27,PB
1703891,A044,37.7,TO
2604106,A341,10.23,PE
3114709,A567,14.76,MG
3114808,A635,48.36,MG
3510807,A738,1.49,SP
3114907,A513,32.11,MG
4304903,B858,1.25,RS
3115003,A034,47.35,MG
2303501,A305,47.96,CE
1703909,A041,41.77,TO
4304952,A844,17.44,RS
3301306,A659,28.2,RJ
2604155,A328,13.66,PE
2504157,A310,24.42,PB
3115102,A516,34.81,MG
3510906,A561,41.48,SP
5002902,A742,1.21,MS
1502400,A202,3.5,PA
5102850,A920,33.2,MT
3201407,A633,24.25,ES
2202604,A361,5.37,PI
3511003,A704,24.78,SP
4104907,A819,3.73,PR
2907301,A434,34.87,BA
3115300,A517,45.59,MG
5205109,A034,2.12,GO
3511102,A736,14.15,SP
4204004,A841,14.99,SC
2303600,A324,46.59,CE
3115409,A513,31.06,MG
2604205,A357,14.8,PE
3511201,A736,24.64,SP
2504207,A321,37.09,PB
2907400,A402,27.11,BA
4305009,B844,25.65,RS
5205208,A002,36.52,GO
2907558,A454,47.5,BA
2504355,A313,25.38,PB
2303709,A305,16.89,CE
5205307,A024,37.99,GO
3115508,A529,46.86,MG
4204103,B846,24.06,SC
2103000,A237,5.25,MA
4305108,B818,3.76,RS
2202653,A308,39.01,PI
2402600,A304,32.25,RN
2303808,A319,32.29,CE
2604304,A370,41.5,PE
3115607,A536,39.38,MG
4204152,B861,29.25,SC
4305116,A828,32.39,RS
2907608,A424,34.34,BA
3115706,A540,34.59,MG
3115805,A035,19.54,MG
5205406,A015,36.87,GO
3511409,A725,24.02,SP
3511508,A713,33.19,SP
4305124,A887,37.41,RS
4105201,A816,35.33,PR
4305132,B840,29.62,RS
2402709,A367,41.72,RN
4305157,A854,35.22,RS
4305173,B811,13.08,RS
4305207,A852,37.02,RS
3511607,A713,43.75,SP
5205455,A029,43.2,GO
2604403,A301,27.58,PE
2604502,A357,49.17,PE
2701902,A327,39.79,AL
3115904,A557,14.87,MG
4305306,A856,28.94,RS
5103007,A958,0.42,MT
3116159,A548,0.64,MG
5205471,A730,44.27,GO
4204194,A863,21.23,SC
5002951,A730,2.96,MS
2103208,A206,0.48,MA
4204202,A895,2.65,SC
3511706,A726,26.58,SP
4305355,B812,0.47,RS
4305371,A828,43.23,RS
3557204,A716,14.26,SP
3116209,A625,18.68,MG
4305405,A805,16.67,RS
2303931,A369,17.74,CE
4305439,A899,10.16,RS
4305447,A838,14.79,RS
4105508,A869,47.19,PR
2907806,A419,33.9,BA
4105607,A869,2.33,PR
5205497,A012,20.95,GO
4305454,A834,19.17,RS
2907905,A458,9.45,BA
4305504,B858,26.35,RS
3116407,A708,23.57,MG
3116605,A570,31.82,MG
3511904,A768,40.97,SP
4105706,A876,1.45,PR
2908002,A410,40.33,BA
1301209,A117,0.4,AM
2202703,A308,49.87,PI
2202711,A335,36.16,PI
4204251,A814,7.56,SC
2202729,A368,49.12,PI
5103106,A954,1.16,MT
2908101,A526,28.92,BA
3116704,A510,12.06,MG
2702009,A353,19.39,AL
2202737,A376,26.29,PI
1502608,A227,34.99,PA
3201506,A632,18.25,ES
5103205,A953,35.62,MT
3512001,A748,16.94,SP
4305587,A882,6.81,RS
2103505,A222,2.32,MA
1705508,A049,3.92,TO
3512100,A748,45.0,SP
4105805,B806,7.65,PR
2202752,A336,22.6,PI
2202778,A354,28.24,PI
2702108,A357,32.64,AL
4305603,A883,18.34,RS
4105904,A850,25.81,PR
3116902,A519,49.24,MG
3300951,A625,6.47,RJ
3117009,A550,45.28,MG
5103304,A913,5.72,MT
2504405,A373,47.44,PB
3201605,A616,16.65,ES
3115201,A514,23.2,MG
2908200,A406,21.14,BA
3117306,A520,25.44,MG
3117207,A531,19.43,MG
3301405,A630,20.53,RJ
2908309,A406,14.95,BA
1502707,A241,4.94,PA
3201704,A633,5.9,ES
2908408,A441,30.39,BA
2908507,A413,26.06,BA
2103554,A220,44.79,MA
3117603,A564,47.61,MG
3117702,A515,47.67,MG
3117801,A706,43.06,MG
3512209,A739,38.77,SP
4204301,A841,46.75,SC
2504504,A321,41.95,PB
2504603,A320,14.05,PB
2908606,A431,25.43,BA
4305702,B843,18.0,RS
3117836,A559,18.51,MG
3117876,A569,26.95,MG
3117900,A530,43.44,MG
3118007,A513,11.98,MG
4106001,A842,15.05,PR
3118205,A525,13.54,MG
3118304,A513,12.23,MG
4106100,A871,16.75,PR
3118502,A509,36.78,MG
4305801,A856,38.14,RS
3118601,A521,10.33,MG
4106209,A807,39.85,PR
3118700,A515,42.45,MG
4305835,B860,9.33,RS
2702207,A303,10.09,AL
4305850,B842,22.87,RS
2908903,A413,24.14,BA
3301504,A629,26.23,RJ
3512407,A726,30.61,SP
4204350,A895,11.61,SC
3118908,A569,40.18,MG
3119005,A567,27.98,MG
2304004,A306,41.63,CE
2504801,A373,41.42,PB
5003108,S703,49.9,MS
3119104,A538,42.12,MG
4106407,A842,26.87,PR
3119203,A532,39.78,MG
3512506,A735,48.11,SP
4305871,B844,23.76,RS
4305900,A805,17.35,RS
4106456,A876,37.65,PR
2402808,A367,27.09,RN
3119401,A511,6.25,MG
4204400,A895,20.99,SC
2402907,A358,43.33,RN
2909208,A420,22.78,BA
2202851,A345,31.23,PI
4204459,A816,21.44,SC
3119500,A566,30.47,MG
3119609,A557,4.83,MG
4305934,A840,18.71,RS
5003157,A750,36.22,MS
3119708,A514,9.3,MG
3119807,A565,25.96,MG
3119906,A509,26.18,MG
3119955,A524,11.26,MG
3120003,A554,29.55,MG
4204558,A865,23.99,SC
2202901,A374,1.16,PI
2604700,A322,29.85,PE
2909307,A416,2.4,BA
2604809,A357,21.5,PE
5003207,A724,1.88,MS
3512704,A711,38.07,SP
4106555,A822,40.57,PR
4204509,A862,38.11,SC
2702306,A355,12.55,AL
3512803,A726,44.71,SP
3512902,A729,20.73,SP
1100080,S101,20.86,RO
5003256,A760,7.19,MS
3513009,A755,10.07,SP
4305959,B859,24.53,RS
5103379,A919,17.65,MT
3120102,A537,26.19,MG
1706001,A241,4.47,TO
4305975,A839,14.8,RS
5003306,A720,1.98,MS
2504850,A348,38.57,PB
2702355,A353,26.51,AL
2304103,A342,2.95,CE
2304202,A315,18.06,CE
3513108,A770,20.93,SP
2909505,A407,39.37,BA
4204608,A814,16.53,SC
2909604,A417,46.73,BA
4306007,B845,18.99,RS
3120201,A524,46.97,MG
3513207,A708,20.5,SP
4306056,A838,29.61,RS
4306072,A854,19.52,RS
1706100,A051,49.46,TO
2203008,A374,23.99,PI
5206206,A036,1.93,GO
3120409,A513,31.3,MG
5206305,A033,46.04,GO
3120508,A531,16.08,MG
2801702,A417,21.97,SE
2203107,A326,30.84,PI
2304251,A360,24.63,CE
4306106,B833,2.3,RS
2909802,A406,1.52,BA
2504900,A320,25.91,PB
4106803,A875,42.49,PR
3513306,A718,44.71,SP
4306130,A828,34.13,RS
3513405,A769,13.44,SP
3120706,A523,34.05,MG
4106571,A843,9.49,PR
4106605,A825,45.01,PR
4106704,A850,33.93,PR
4306205,A882,17.95,RS
1200203,A108,1.99,AC
2403004,A316,34.52,RN
3513504,A765,29.0,SP
5103403,A901,3.97,MT
2505105,A367,30.88,PB
2505238,A352,41.04,PB
2505204,A310,23.66,PB
5206602,A034,26.58,GO
2604908,A328,21.17,PE
2801900,A453,31.46,SE
3513603,A619,28.92,SP
4204707,A857,36.58,SC
4204756,A895,46.7,SC
3120839,A540,23.65,MG
2605004,A341,30.99,PE
2909901,A448,2.34,BA
4106902,A807,4.71,PR
4204806,A860,2.33,SC
4107009,A872,36.96,PR
2203230,A326,11.48,PI
2505279,A352,22.88,PB
3120870,A549,47.09,MG
2203271,A330,43.15,PI
2505303,A373,24.4,PB
2203255,A362,36.16,PI
1502855,A232,44.79,PA
5103437,A961,18.08,MT
3120904,A538,2.54,MG
2605103,A349,47.72,PE
1600212,A251,44.88,AP
2505352,A310,43.73,PB
5206800,A002,45.79,GO
1706506,A224,38.34,TO
2910008,A445,36.02,BA
3121001,A537,24.13,MG
4306304,B858,23.12,RS
2103752,A225,4.34,MA
5206909,A034,39.17,GO
3121100,A531,23.14,MG
3121209,A516,49.49,MG
2702405,A371,36.58,AL
3121258,A568,34.57,MG
2203305,A312,38.55,PI
5103452,A967,40.9,MT
5003454,S708,16.61,MS
4306320,B845,16.01,RS
3513702,A711,28.82,SP
4204905,A857,4.64,SC
3121308,A557,32.43,MG
2505402,A321,30.44,PB
3121407,A514,49.82,MG
3121506,A502,27.6,MG
4306353,A852,24.09,RS
3513801,A771,7.53,SP
2505600,A373,17.27,PB
4107157,A820,46.25,PR
4107108,A849,3.4,PR
4107124,B804,46.58,PR
3121605,A537,4.9,MG
5103502,A949,6.77,MT
1707009,A038,4.44,TO
2910057,A456,30.51,BA
4306379,B852,3.23,RS
3121704,A510,46.06,MG
3121803,A511,33.71,MG
4205001,A848,2.43,SC
5207105,A028,23.95,GO
3513850,A733,33.29,SP
2203354,A345,44.89,PI
2802007,A409,32.26,SE
3121902,A510,29.16,MG
3122009,A556,39.14,MG
3201803,A617,25.6,ES
3513900,A738,37.37,SP
3122207,A533,35.06,MG
3122306,A564,3.61,MG
3122355,A549,12.38,MG
3122405,A567,31.79,MG
3122454,A549,49.11,MG
3514007,A747,35.01,SP
3514106,A741,21.43,SP
4306403,A884,10.37,RS
4306429,A854,31.27,RS
5003488,A754,46.82,MS
4306452,B859,19.13,RS
4107207,A843,6.0,PR
3514205,A733,9.52,SP
5103601,A912,39.2,MT
2910107,A433,48.42,BA
3122504,A554,40.38,MG
1502939,A252,30.27,PA
2203404,A343,29.1,PI
4306502,A838,28.31,RS
3122603,A533,38.05,MG
2910206,A406,27.5,BA
4306601,A881,5.74,RS
4306551,B841,7.31,RS
3122801,A531,22.6,MG
3201902,A634,29.15,ES
4205100,A861,41.85,SC
4306700,B854,7.29,RS
2505709,A310,41.44,PB
3123007,A514,23.89,MG
3123106,A533,29.49,MG
3123205,A536,2.13,MG
3202009,A617,37.12,ES
3123304,A510,40.97,MG
3123403,A565,30.59,MG
5003504,S710,19.74,MS
4107256,A824,35.13,PR
3514304,A711,46.8,SP
3123502,A034,46.51,MG
5003702,A721,10.73,MS
4107306,A835,33.68,PR
4306734,A810,38.69,RS
4205159,A817,30.27,SC
4306759,B860,5.86,RS
2403202,A358,33.68,RN
3514403,A762,3.45,SP
3514502,A705,39.52,SP
3301603,A629,15.08,RJ
2505808,A352,34.09,PB
3514601,A747,18.55,SP
3301702,A621,13.78,RJ
3123528,A556,40.68,MG
3514700,A763,32.93,SP
3202108,A631,13.69,ES
5207352,A029,28.27,GO
5207402,A029,1.62,GO
1301407,A109,0.77,AM
5003751,S709,33.18,MS
3514809,A766,25.29,SP
4306767,B810,5.47,RS
2203503,A363,49.47,PI
3514908,A726,45.94,SP
2203602,A336,37.45,PI
3514924,A736,28.68,SP
2910305,A434,13.01,BA
3123601,A515,17.69,MG
2505907,A321,48.99,PB
3514957,A736,17.08,SP
3515004,A755,13.37,SP
3515103,A771,18.13,SP
3515129,A707,33.0,SP
4306809,B859,9.07,RS
2403301,A358,42.29,RN
4306908,A893,0.41,RS
4107405,A843,28.18,PR
3123700,A532,42.54,MG
3515152,A739,42.39,SP
3301801,A611,21.36,RJ
4306924,B846,40.9,RS
3123858,A554,16.01,MG
2910503,A431,45.15,BA
4205175,A858,28.83,SC
3123908,A513,34.59,MG
4107538,A820,29.2,PR
4306957,B846,19.51,RS
4306932,B844,10.08,RS
1200252,A140,0.58,AC
4306973,A828,21.87,RS
4307005,A828,4.28,RS
2304277,A358,33.98,CE
2900504,A430,49.0,BA
4205191,A867,15.41,SC
4307054,B842,29.76,RS
4307203,B846,20.5,RS
4307302,A854,17.96,RS
4205209,A841,16.37,SC
3124005,A510,23.43,MG
2605202,A301,44.1,PE
4307401,A844,36.63,RS
3124104,A535,17.76,MG
3124203,A617,45.38,MG
2506004,A310,16.49,PB
4307450,B845,2.5,RS
4107520,A824,41.16,PR
2203701,A338,1.45,PI
4107546,A843,40.44,PR
1100098,A939,45.46,RO
3124302,A543,1.41,MG
2403509,A352,31.4,RN
3124401,A567,40.55,MG
3515186,A739,25.61,SP
2910602,A431,38.96,BA
4307500,A883,27.25,RS
4307559,A828,28.74,RS
2802106,A417,37.8,SE
4307609,A884,11.83,RS
4307708,B809,5.0,RS
3124500,A509,44.99,MG
3557303,A739,21.7,SP
2104057,A224,10.65,MA
4307807,A882,13.47,RS
3515202,A733,24.06,SP
3124609,A629,26.48,MG
2702553,A327,16.14,AL
3124708,A536,20.5,MG
3515301,A707,48.39,SP
4307815,B838,9.57,RS
2910701,A442,3.85,BA
3515350,A849,31.97,SP
4307831,B835,13.71,RS
3124906,A517,19.51,MG
2910727,A427,42.67,BA
2304285,A305,12.46,CE
3125002,A557,25.41,MG
3125101,A744,23.82,MG
2403608,A304,18.51,RN
2506103,A313,18.07,PB
4307864,A894,25.49,RS
3125200,A567,32.52,MG
3125309,A517,49.33,MG
4107553,A825,44.44,PR
4307906,B818,15.38,RS
3515400,A821,46.04,SP
2910750,A419,18.54,BA
5003801,S708,20.79,MS
4308003,B854,2.24,RS
4205308,A858,17.22,SC
4308052,B846,12.18,RS
5207600,A028,47.71,GO
4107652,A807,24.99,PR
4308078,A882,15.49,RS
1200302,A138,3.19,AC
2910776,A526,26.64,BA
2910800,A413,7.82,BA
2702603,A353,12.5,AL
2605400,A328,46.65,PE
2802205,A453,14.16,SE
3125408,A537,46.26,MG
2403707,A340,14.61,RN
3125705,A538,47.02,MG
4308102,B816,28.22,RS
2702702,A355,18.42,AL
5103700,A951,1.55,MT
3125804,A532,37.61,MG
2403756,A372,41.83,RN
3515608,A736,21.7,SP
3515509,A729,32.32,SP
3515657,A763,47.99,SP
3515707,A701,25.88,SP
1600238,A244,30.84,AP
3125952,A517,43.33,MG
4107751,A871,24.02,PR
1707652,A019,44.98,TO
1707702,A205,3.94,TO
2910859,A428,33.08,BA
2910909,A446,43.66,BA
5207808,A027,44.69,GO
2702801,A356,16.33,AL
4107850,A848,32.52,PR
4205357,A857,16.26,SC
3515806,A762,29.68,SP
4107801,A835,39.01,PR
2403806,A316,48.08,RN
3515905,A729,35.86,SP
2605608,A350,37.19,PE
4308201,B818,18.9,RS
2203800,A365,37.26,PI
4107900,A835,26.67,PR
2605707,A351,1.76,PE
3126000,A535,1.58,MG
2203909,A311,2.57,PI
4308250,A828,31.46,RS
4205407,A806,7.18,SC
4108106,A835,35.72,PR
3516002,A734,41.15,SP
4308300,A837,23.6,RS
3126109,A524,2.92,MG
4308409,A803,37.79,RS
5208004,A045,31.57,GO
4108205,A825,29.35,PR
2911105,A452,2.32,BA
4205431,A816,27.14,SC
5208103,A005,45.9,GO
1708205,A039,13.03,TO
4308433,A882,27.62,RS
2304350,A306,10.78,CE
4205456,A867,20.76,SC
2304400,A305,11.04,CE
3126307,A516,14.27,MG
1708254,A020,38.95,TO
4308458,A883,19.55,RS
2304459,A339,44.34,CE
2104206,A222,34.98,MA
3126406,A569,30.89,MG
4108304,A846,11.97,PR
4108452,B804,49.54,PR
4205506,A859,23.61,SC
3516200,A708,5.91,SP
2204105,A311,37.93,PI
3126505,A566,37.55,MG
4108403,A816,41.4,PR
3516309,A701,27.29,SP
3126703,A506,44.03,MG
2204204,A343,31.55,PI
3126752,A541,49.02,MG
3516408,A701,22.25,SP
2304509,A368,21.68,CE
4308508,A854,5.28,RS
3126802,A527,21.67,MG
3126901,A532,31.3,MG
2605806,A328,17.12,PE
2802304,A451,14.74,SE
4205555,A860,23.75,SC
2204303,A347,27.79,PI
3127073,A552,23.72,MG
3202207,A613,18.83,ES
3127206,A569,15.4,MG
3516507,A768,44.77,SP
2506251,A328,28.88,PB
3516606,A763,43.13,SP
3127305,A532,49.83,MG
2404101,A317,33.64,RN
4205605,A816,17.08,SC
2605905,A357,22.36,PE
5208152,A037,21.8,GO
3127339,A543,38.92,MG
2606002,A322,3.18,PE
2802403,A323,45.11,SE
3516705,A763,32.05,SP
4308607,A840,10.51,RS
4205704,A806,47.26,SC
1503077,A248,21.71,PA
4308656,B834,0.89,RS
4205803,A851,21.8,SC
4205902,A868,19.07,SC
3516804,A735,42.86,SP
5103858,A930,20.23,MT
4308706,A828,22.59,RS
3516853,A737,31.45,SP
2204352,A343,11.63,PI
4308805,B815,13.95,RS
4108502,A875,4.66,PR
2802502,A409,30.89,SE
3516903,A729,49.6,SP
4308854,B858,15.98,RS
3517000,A727,24.92,SP
4308904,A828,27.01,RS
2204402,A364,5.05,PI
2702900,A353,24.9,AL
4309001,A810,22.48,RS
3127354,A506,24.18,MG
3517109,A735,44.69,SP
5103957,A961,28.6,MT
5004007,S708,15.05,MS
2606101,A301,36.95,PE
4309050,B839,24.21,RS
4108551,A822,29.16,PR
3127370,A540,33.43,MG
3127388,A557,6.87,MG
2606200,A320,49.34,PE
5208400,A002,25.67,GO
5208509,A034,17.05,GO
5208608,A022,16.94,GO
5208707,A002,6.75,GO
2404200,A352,33.67,RN
5208806,A002,27.5,GO
5208905,A014,0.73,GO
1709005,A205,44.52,TO
5209101,A003,40.66,GO
4108601,A825,2.44,PR
4108650,B804,45.74,PR
3127404,A706,27.93,MG
2911501,A445,29.18,BA
3127503,A533,49.2,MG
3127602,A537,26.49,MG
4206009,A806,32.32,SC
2404309,A340,38.33,RN
2104552,A225,23.99,MA
3202256,A632,26.4,ES
2911600,A406,9.96,BA
2104651,A255,18.2,MA
3127701,A532,3.51,MG
2304657,A368,45.33,CE
2802601,A453,25.39,SE
2104800,A207,1.79,MA
4309100,A879,4.77,RS
4309126,B846,16.44,RS
4309159,B840,44.41,RS
2304806,A315,47.06,CE
4206108,A845,25.66,SC
2606408,A328,47.77,PE
4309209,B808,13.27,RS
4206207,A814,35.56,SC
2304905,A306,19.38,CE
2404408,A318,24.24,RN
3127909,A034,43.63,MG
4309258,A894,24.94,RS
4206306,A868,26.02,SC
3202306,A617,19.27,ES
4309308,A801,15.55,RS
3517208,A727,8.61,SP
3517307,A727,31.88,SP
3517406,A748,36.04,SP
4108908,A849,38.44,PR
2304954,A305,27.46,CE
1301654,A108,12.82,AM
1100106,S110,0.37,RO
2911659,A433,49.65,BA
2404507,A317,28.23,RN
4108957,A818,20.72,PR
2911709,A426,3.66,BA
3128006,A533,2.14,MG
3517604,A714,42.89,SP
3301850,A618,9.58,RJ
4109005,A821,9.76,PR
5209200,A002,39.39,GO
4309407,A894,15.14,RS
4109104,A869,15.8,PR
3517703,A753,9.32,SP
2506301,A310,29.24,PB
3517802,A734,43.5,SP
3517901,A748,41.6,SP
3128204,A510,26.07,MG
4206405,A857,20.28,SC
3128253,A506,41.0,MG
1709302,A020,39.59,TO
5209291,A014,38.45,GO
2305100,A314,4.76,CE
3128402,A557,31.72,MG
3518008,A733,28.35,SP
4309506,B844,31.74,RS
5209408,A017,20.88,GO
3518107,A727,29.36,SP
5104104,A906,1.9,MT
3202405,A615,24.63,ES
4109401,A823,43.33,PR
4109500,A847,20.84,PR
3128501,A557,31.17,MG
3518206,A734,30.39,SP
3518305,A765,49.41,SP
3518404,A769,23.38,SP
4109609,A851,23.18,PR
3128600,A546,25.2,MG
3518602,A747,12.41,SP
2204550,A337,42.1,PI
5209457,A015,32.8,GO
3518701,A765,19.81,SP
4206603,A848,15.11,SC
3518800,A701,10.03,SP
4206652,A895,16.07,SC
3518859,A747,19.15,SP
5004106,A758,3.52,MS
3128808,A517,43.18,MG
3128907,A523,26.79,MG
5104203,A932,1.04,MT
3129004,A510,31.26,MG
3129103,A512,40.09,MG
2506400,A310,36.55,PB
2506509,A348,34.62,PB
1709500,A019,2.6,TO
4309555,B814,23.75,RS
5209606,A014,41.65,GO
3129202,A531,32.98,MG
2911857,A419,20.86,BA
3519006,A768,13.34,SP
4307104,B826,1.49,RS
4206702,A841,7.05,SC
4309571,B840,35.27,RS
5209705,A002,35.57,GO
5209804,A015,29.36,GO
3519055,A739,35.41,SP
4109658,A876,31.15,PR
2305233,A305,34.73,CE
4309605,A810,28.4,RS
3519071,A726,45.12,SP
2204600,A362,19.56,PI
4309654,A827,15.39,RS
4309704,B845,21.68,RS
1301704,A112,6.23,AM
2105005,A217,40.48,MA
3519105,A737,24.16,SP
5209903,A017,28.84,GO
3519204,A768,22.34,SP
2911907,A408,28.83,BA
3129301,A554,34.02,MG
3519253,A725,34.52,SP
2606507,A322,41.92,PE
4109708,A871,8.38,PR
4309753,B840,11.49,RS
2305266,A369,39.2,CE
3519303,A711,11.03,SP
3202454,A633,37.23,ES
3129400,A502,30.51,MG
3129509,A505,44.6,MG
4309803,A844,38.71,RS
3129608,A545,44.97,MG
4206751,A898,22.75,SC
2305308,A368,25.19,CE
2506608,A373,34.29,PB
2912103,A410,49.33,BA
4206801,A841,20.92,SC
2305332,A332,32.95,CE
2606606,A349,3.55,PE
2912400,A424,38.88,BA
2912509,A454,22.67,BA
3519402,A736,42.3,SP
3129657,A559,31.87,MG
3129707,A708,30.38,MG
3202504,A613,27.38,ES
4309902,A844,20.83,RS
2606705,A341,29.7,PE
4206900,A817,29.43,SC
2912707,A445,33.84,BA
2912806,A522,19.4,BA
4309951,A837,26.2,RS
3519501,A716,31.1,SP
2912905,A445,12.92,BA
3129806,A555,4.83,MG
4310009,A883,3.0,RS
3519600,A737,11.54,SP
3202553,A617,29.27,ES
2913101,A424,26.51,BA
3129905,A530,16.77,MG
3519709,A755,39.06,SP
2913200,A439,1.72,BA
2305357,A318,21.42,CE
4207007,A814,20.1,SC
3130051,A547,28.77,MG
4109906,A824,2.18,PR
2105104,A203,32.78,MA
2913309,A441,20.21,BA
2305407,A319,45.69,CE
3202603,A615,18.75,ES
2404606,A304,37.85,RN
3519907,A718,33.67,SP
2703106,A327,13.19,AL
2913408,A426,48.41,BA
3520004,A741,4.22,SP
2502607,A373,16.31,PB
3520103,A753,35.6,SP
3130101,A535,24.0,MG
2105203,A220,47.12,MA
1503200,A202,40.77,PA
2606804,A301,26.4,PE
3520202,A509,39.77,SP
3130200,A564,30.67,MG
2913457,A438,19.68,BA
2703205,A353,35.75,AL
4310108,B819,19.37,RS
3301876,A606,25.53,RJ
3520301,A712,3.14,SP
4110003,A835,25.83,PR
2606903,A334,42.8,PE
3130309,A565,35.1,MG
5004304,S709,3.31,MS
2305506,A319,4.36,CE
4110052,B803,32.75,PR
4310207,B843,30.45,RS
3520426,A712,6.61,SP
2802700,A421,8.01,SE
2607604,A301,37.43,PE
2204659,A308,25.76,PI
3520442,S717,12.85,SP
3520400,A767,6.01,SP
2913606,A410,20.84,BA
4207106,A868,8.27,SC
4310306,B860,20.84,RS
2506707,A321,43.07,PB
4207205,A866,30.09,SC
4310330,A834,3.96,RS
3130556,A554,23.04,MG
4207304,A866,44.23,SC
4110102,A818,35.28,PR
4207403,A863,23.63,SC
4310363,A882,11.91,RS
2105302,A225,4.61,MA
4110201,A823,0.31,PR
2607000,A349,45.72,PE
4110300,A850,12.27,PR
3130606,A530,44.37,MG
3130655,A551,36.06,MG
4207502,A817,3.61,SC
4310405,A810,25.96,RS
2305605,A342,46.07,CE
3520608,A707,16.87,SP
4110409,A869,27.11,PR
3130705,A507,38.06,MG
3520707,A733,37.9,SP
5209952,A029,23.31,GO
2802809,A417,40.78,SE
2506806,A313,33.64,PB
2607109,A334,44.42,PE
4310413,A805,22.13,RS
1503408,A202,15.45,PA
2703304,A371,44.1,AL
3130903,A554,21.06,MG
3131000,A569,23.39,MG
2204709,A363,27.29,PI
5210000,A002,43.26,GO
3131109,A538,10.31,MG
4207577,A859,32.72,SC
3131158,A511,28.06,MG
5210109,A033,48.29,GO
3131208,A554,44.6,MG
2404705,A372,5.59,RN
2305654,A342,33.38,CE
3131307,A511,13.94,MG
2305704,A333,45.24,CE
3520905,A716,22.94,SP
4310439,B817,30.89,RS
2913804,A413,38.74,BA
3521002,A713,13.74,SP
3521101,A726,31.21,SP
2913903,A445,7.12,BA
4207601,A841,33.77,SC
4110508,A818,27.7,PR
5210158,A015,25.25,GO
5104526,A950,48.81,MT
2204808,A363,44.56,PI
4310462,A839,31.91,RS
1503457,A212,37.9,PA
2607208,A301,38.78,PE
5210208,A028,3.78,GO
4207650,A857,22.23,SC
3521200,A746,45.83,SP
3521309,A753,26.47,SP
4207684,A876,26.45,SC
2607307,A366,27.23,PE
2404804,A321,31.36,RN
1709807,A052,37.07,TO
3131505,A530,28.38,MG
4207700,A858,30.8,SC
2306009,A358,38.57,CE
4110656,A825,40.92,PR
3521408,A726,16.84,SP
4207759,A857,23.89,SC
4310504,A854,28.22,RS
3131604,A523,49.99,MG
2914208,A407,30.42,BA
1301852,A101,27.11,AM
4207809,A841,37.31,SC
3521606,A762,24.52,SP
2914406,A425,42.8,BA
2914505,A413,27.5,BA
4110706,A823,44.39,PR
4207858,A816,27.89,SC
2306108,A359,36.44,CE
2914604,A424,3.09,BA
4110805,A822,14.94,PR
4207908,A864,46.27,SC
1503507,A248,43.36,PA
3202652,A617,47.38,ES
5210307,A028,28.33,GO
4208005,A895,38.6,SC
4310538,A803,14.64,RS
2802908,A451,4.97,SE
2803005,A417,0.89,SE
2914653,A427,45.1,BA
3521705,A714,28.98,SP
2914703,A408,0.67,BA
5210406,A014,36.96,GO
2803104,A453,36.89,SE
3131802,A540,34.96,MG
3131901,A555,32.56,MG
3301900,A627,27.34,RJ
2914802,A410,17.69,BA
3132107,A539,8.48,MG
2914901,A438,41.38,BA
1301902,A121,4.25,AM
2607406,A351,27.79,PE
4310553,B849,16.74,RS
2915106,A445,34.58,BA
2915205,A445,20.27,BA
2915304,A447,42.53,BA
3202702,A613,35.94,ES
3302007,A601,15.28,RJ
4110904,A850,17.71,PR
3132206,A564,47.32,MG
1710706,A225,24.29,TO
3521804,A725,38.74,SP
2306207,A339,23.67,CE
2205003,A343,42.0,PI
4208104,A862,34.88,SC
2306256,A305,16.7,CE
1503606,A231,1.14,PA
2404853,A372,11.56,RN
5210802,A742,19.02,GO
4208203,A868,10.13,SC
3521903,A736,30.47,SP
3522000,A737,14.52,SP
3132404,A531,14.96,MG
2915502,A410,20.39,BA
3302056,A604,31.86,RJ
2915601,A455,4.01,BA
3132602,A557,48.53,MG
2915700,A445,43.73,BA
3132701,A527,23.74,MG
4111001,A842,47.39,PR
4111100,A835,28.95,PR
2607653,A320,40.69,PE
2915809,A446,42.97,BA
3132909,A561,19.75,MG
3133006,A529,15.58,MG
2915908,A431,46.46,BA
3133105,A529,11.56,MG
5104542,A950,4.88,MT
3133204,A532,40.01,MG
3133303,A550,2.68,MG
3302106,A604,15.55,RJ
5210901,A015,3.31,GO
3133402,A519,43.36,MG
2306306,A359,22.13,CE
2916104,A456,22.08,BA
2916203,A410,36.42,BA
2916302,A447,37.03,BA
3133501,A524,34.1,MG
3522208,A771,18.32,SP
4111209,A843,40.49,PR
4208302,A868,20.86,SC
3202801,A622,23.92,ES
4111258,B806,22.08,PR
3302205,A604,43.88,RJ
2607703,A321,33.85,PE
2916401,A446,2.04,BA
3522307,A715,33.98,SP
3522406,A714,1.02,SP
3133600,A509,21.34,MG
3522505,A755,7.02,SP
2916500,A458,36.6,BA
2306405,A359,1.78,CE
3522604,A739,2.9,SP
1302009,A124,37.85,AM
4208401,B845,34.05,SC
2607752,A301,33.09,PE
2916609,A445,30.23,BA
2306504,A314,36.41,CE
4208450,A851,4.49,SC
3522703,A737,29.1,SP
5004502,S710,1.53,MS
2507002,A373,2.1,PB
2803203,A409,27.97,SE
2507101,A352,31.35,PB
4310579,A894,30.18,RS
3522901,A741,31.35,SP
3523008,A704,27.45,SP
5211206,A014,46.92,GO
3523107,A701,28.02,SP
2916708,A407,21.68,BA
4310603,B850,2.75,RS
5004601,A752,3.21,MS
2607802,A301,46.63,PE
3202900,A613,33.4,ES
2916807,A446,48.68,BA
3523206,A714,47.75,SP
2306553,A360,28.9,CE
4310652,B832,23.38,RS
3302254,A609,13.29,RJ
3133709,A535,34.81,MG
3523404,A744,33.34,SP
4310702,B846,32.15,RS
2916856,A434,34.37,BA
3523503,A725,33.28,SP
2507200,A313,34.13,PB
2404903,A340,30.39,RN
3133758,A516,12.36,MG
1600253,A251,14.31,AP
3133808,A535,27.72,MG
4111308,A849,9.95,PR
3133907,A513,19.93,MG
3134004,A550,30.26,MG
2105427,S107,18.35,MA
5104609,A933,38.44,MT
3523602,A711,31.45,SP
3523701,A708,18.13,SP
2916906,A407,2.97,BA
2917003,A436,40.71,BA
3523800,A738,11.8,SP
2917102,A446,22.87,BA
3523909,A713,35.48,SP
2917300,A438,27.76,BA
3134103,A534,17.19,MG
3134202,A512,6.98,MG
5211503,A035,2.52,GO
3524006,A755,45.61,SP
1503705,A240,40.85,PA
4208500,A863,5.08,SC
3134509,A514,47.26,MG
3524105,A753,3.11,SP
3203007,A633,35.98,ES
4111407,A818,0.56,PR
4111506,A822,34.94,PR
4111555,A824,27.33,PR
4111605,A835,37.72,PR
5004700,A709,0.64,MS
5211602,A028,42.8,GO
4310751,B854,16.76,RS
4310801,A884,11.96,RS
2607901,A301,8.58,PE
4208609,A841,16.75,SC
2917359,A416,36.92,BA
3524204,A748,20.01,SP
4111704,A871,11.45,PR
4310850,A854,30.59,RS
3524303,A747,23.9,SP
3134608,A569,46.14,MG
2405009,A367,28.79,RN
2917409,A543,40.89,BA
2507309,A352,17.96,PB
2703403,A323,27.54,AL
1503754,S120,3.39,PA
3524402,A509,49.19,SP
4111803,A716,22.12,PR
3524501,A735,42.07,SP
5104807,A912,49.24,MT
3134707,A508,42.03,MG
4208708,A867,26.71,SC
2917508,A440,5.74,BA
2205151,A330,23.51,PI
3134806,A516,31.67,MG
2703502,A357,22.64,AL
4310876,B838,15.58,RS
3524600,A766,23.16,SP
4310900,A828,24.12,RS
3134905,A739,24.13,MG
2917607,A407,16.84,BA
3135001,A511,15.62,MG
4311007,A836,2.86,RS
2917706,A428,21.45,BA
3203056,A616,34.0,ES
2306702,A358,36.65,CE
4311106,A889,23.21,RS
2306801,A358,27.3,CE
2306900,A358,0.68,CE
2917805,A444,36.12,BA
3524709,A739,37.03,SP
2307007,A339,9.03,CE
4208807,A866,21.14,SC
3135050,A539,46.99,MG
2205201,A343,43.78,PI
3524808,A733,12.32,SP
3524907,A740,28.45,SP
3135076,A532,44.71,MG
3135100,A563,1.74,MG
5211701,A027,31.28,GO
4112108,A835,36.56,PR
2917904,A417,32.16,BA
3525003,A755,3.37,SP
5104906,A944,45.47,MT
4112207,A825,27.87,PR
3135209,A559,3.58,MG
2405306,A367,45.28,RN
3135308,A524,34.91,MG
2703601,A356,39.96,AL
2803302,A409,42.69,SE
3302270,A601,12.95,RJ
2405405,A367,28.29,RN
4112306,A871,5.99,PR
2803401,A421,37.96,SE
5004809,S709,32.05,MS
4112405,A869,40.3,PR
2607950,A357,25.72,PE
4311122,B856,24.74,RS
5004908,S703,21.71,MS
2703700,A353,45.1,AL
2307106,A315,30.62,CE
5005004,A758,1.16,MS
4112504,A822,38.8,PR
2405603,A316,30.93,RN
2205250,A377,10.83,PI
2405702,A316,36.62,RN
4112603,A850,14.62,PR
4208955,A816,34.79,SC
4311130,A886,44.65,RS
3525201,A744,26.89,SP
5211909,A016,5.04,GO
4112702,A842,44.43,PR
5005103,S708,19.21,MS
2307205,A370,43.31,CE
2105450,A222,23.46,MA
2205276,A376,37.87,PI
3525300,A741,19.74,SP
5212006,A028,34.55,GO
5105002,A937,38.76,MT
3135407,A513,24.42,MG
3135456,A566,35.27,MG
2105476,A221,46.96,MA
3135506,A510,40.04,MG
2703759,A355,32.44,AL
2918001,A407,36.1,BA
3135605,A545,42.39,MG
3135704,A569,28.77,MG
3135803,A508,45.85,MG
2918100,A450,1.38,BA
3525409,A753,19.86,SP
3203106,A617,11.19,ES
3135902,A531,37.19,MG
4112751,A825,40.68,PR
2918209,A434,28.48,BA
2918308,A445,28.21,BA
4209003,A841,4.77,SC
3136108,A511,44.96,MG
3525508,A509,24.73,SP
2608107,A328,23.45,PE
2205359,A331,24.87,PI
2918357,A424,22.96,BA
2105500,A225,13.8,MA
3203130,A613,32.66,ES
2507507,A320,3.22,PB
3136306,A553,7.42,MG
3525607,A718,25.31,SP
2703809,A356,26.33,AL
2608206,A357,6.51,PE
2205409,A338,44.74,PI
4112801,A821,3.88,PR
2513653,A333,43.18,PB
4311155,B835,0.76,RS
4209102,A851,32.28,SC
4209151,A817,36.06,SC
3525706,A735,24.21,SP
2205508,A312,40.29,PI
3136579,A552,47.71,MG
5105101,A914,1.84,MT
2507606,A310,27.31,PB
1711803,A241,31.58,TO
3136652,A535,10.01,MG
2918407,A307,3.8,BA
2307304,A315,12.31,CE
2205516,A361,28.25,PI
2307403,A319,30.6,CE
2608255,A322,23.24,PE
2406106,A316,49.3,RN
5105150,A920,2.89,MT
3136702,A518,2.8,MG
4311205,A886,21.32,RS
3525805,A763,30.92,SP
3525854,A713,42.81,SP
2406155,A352,40.3,RN
2703908,A357,29.61,AL
3525904,A755,37.77,SP
4112900,A821,31.88,PR
2704005,A353,19.01,AL
3526001,A762,13.54,SP
2608305,A322,24.13,PE
4209177,A816,12.07,SC
3526100,A766,33.43,SP
3526209,A771,45.28,SP
3136801,A506,32.73,MG
4112959,B803,17.18,PR
2608404,A341,40.75,PE
2205532,A337,22.18,PI
2507903,A320,48.7,PB
2508000,A373,42.94,PB
2918506,A424,33.81,BA
2918555,A437,43.98,BA
2918605,A430,44.8,BA
5005152,A749,0.27,MS
3136959,A526,30.71,MG
1302405,A111,0.79,AM
4209201,A841,9.87,SC
3137007,A527,38.44,MG
5005202,A724,4.44,MS
2918704,A407,17.22,BA
2803500,A451,34.48,SE
4209300,A865,1.71,SC
2105807,A220,49.48,MA
2105948,A220,45.83,MA
2105906,A220,33.14,MA
4311239,B840,10.63,RS
2704104,A353,13.75,AL
1711902,A055,25.25,TO
3137205,A524,48.79,MG
2508208,A352,28.74,PB
2608503,A301,38.89,PE
2406304,A304,42.64,RN
2205573,A335,25.03,PI
2406403,A367,29.44,RN
2608453,A301,45.53,PE
2608602,A322,24.19,PE
2205581,A312,46.12,PI
2205599,A363,22.33,PI
2608701,A341,36.47,PE
3137304,A545,41.64,MG
4311270,A883,26.21,RS
3137403,A514,27.82,MG
3137502,A562,28.21,MG
3137536,A553,42.37,MG
2608750,A448,40.01,PE
2406601,A304,43.17,RN
5212253,A742,34.39,GO
3137601,A521,28.3,MG
2508307,A313,9.93,PB
4311304,A844,1.88,RS
4311254,B840,27.58,RS
3526308,A740,27.8,SP
2205540,A362,13.91,PI
4209409,A866,13.82,SC
5005251,S711,3.56,MS
2918803,A434,27.52,BA
3302304,A517,28.27,RJ
1712009,A009,44.47,TO
4311403,A882,13.7,RS
4311429,A856,28.77,RS
4209458,A858,18.83,SC
2918902,A522,23.44,BA
2608800,A322,33.4,PE
2919058,A407,12.85,BA
2406809,A367,13.28,RN
2919108,A441,19.09,BA
3137809,A531,38.7,MG
5105234,A936,25.27,MT
3137908,A513,39.44,MG
2205607,A346,49.4,PI
2919157,A424,7.37,BA
3203163,A657,23.25,ES
3138005,A517,31.3,MG
4113254,B803,48.4,PR
3526407,A726,44.44,SP
2803609,A409,21.51,SE
4113304,B804,4.16,PR
2508406,A333,39.69,PB
4209508,A863,23.92,SC
2919207,A456,21.41,BA
4209607,A814,18.44,SC
3526506,A734,20.74,SP
4311502,B853,2.06,RS
3526605,A769,16.94,SP
4209706,A859,31.52,SC
2919306,A425,0.6,BA
3526803,A741,29.21,SP
4209805,A870,30.08,SC
3138401,A629,45.68,MG
5212303,A037,14.91,GO
4113403,A842,41.09,PR
4311601,B846,39.83,RS
3138500,A609,48.84,MG
2919405,A543,40.95,BA
4113429,A822,47.35,PR
2106003,A220,47.74,MA
3138609,A518,44.94,MG
3526902,A726,27.78,SP
2608909,A328,38.71,PE
2704203,A353,13.69,AL
1504000,A236,39.84,PA
2307601,A332,31.56,CE
3527009,A739,19.94,SP
4209854,A858,35.06,SC
4311627,A884,17.5,RS
4311643,B816,18.14,RS
3203205,A614,4.21,ES
3527108,A727,1.95,SP
2508505,A321,48.22,PB
4113502,A849,40.39,PR
4113601,A850,42.91,PR
2508554,A352,33.94,PB
4209904,A863,29.91,SC
3527207,A769,12.71,SP
3527256,A735,34.43,SP
3527306,A744,45.8,SP
5105259,A955,1.96,MT
3527405,A734,45.36,SP
2508604,A320,26.62,PB
5105309,A921,44.63,MT
3527603,A770,22.99,SP
2205706,A308,26.09,PI
2919553,A404,8.92,BA
2407005,A333,48.58,RN
3138674,A556,22.25,MG
4210001,A868,31.18,SC
4113734,A822,35.94,PR
3527702,A768,32.72,SP
4113759,A822,44.88,PR
3527801,A763,25.02,SP
4113809,A850,49.83,PR
3527900,A763,45.6,SP
3138807,A536,35.52,MG
4210035,A841,9.95,SC
5212501,A012,1.99,GO
3302403,A608,2.79,RJ
2407104,A304,16.36,RN
2919603,A412,0.34,BA
4311718,B851,10.87,RS
2803708,A451,7.72,SE
1600303,A249,2.17,AP
2609006,A328,49.86,PE
2919702,A446,41.07,BA
3528007,A741,16.02,SP
2407203,A317,8.08,RN
3528106,A735,31.91,SP
2919801,A454,8.67,BA
3528205,A729,37.56,SP
2704302,A303,13.35,AL
4311700,B861,24.21,RS
3139003,A567,2.35,MG
2609105,A328,35.19,PE
4210050,A859,38.4,SC
3302452,A630,25.29,RJ
2307635,A325,48.13,CE
2919926,A456,14.77,BA
3139102,A514,42.65,MG
2508703,A321,26.01,PB
4210100,A862,27.66,SC
1504109,A215,34.08,PA
3528304,A729,38.43,SP
3302502,A627,23.84,RJ
2920007,A446,42.29,BA
3528403,A755,32.22,SP
3528502,A701,20.16,SP
5212600,A029,45.32,GO
4210209,A870,30.27,SC
2704401,A327,42.56,AL
2407252,A333,48.54,RN
4210308,A864,4.45,SC
3139201,A541,36.55,MG
2920304,A433,32.09,BA
2803906,A451,18.7,SE
4113908,A823,43.5,PR
2508802,A321,34.19,PB
2508901,A352,30.26,PB
4114005,B803,39.51,PR
3139250,A543,21.17,MG
4311734,A808,24.47,RS
1302504,A119,0.87,AM
2509008,A350,32.02,PB
1302553,A119,24.66,AM
1302603,A101,1.79,AM
1200336,A108,24.1,AC
4114104,A835,17.77,PR
4114203,A835,30.87,PR
4114302,A807,37.8,PR
3528601,A725,40.23,SP
4114351,A848,35.8,PR
3139300,A539,37.93,MG
3302601,A628,26.93,RJ
3139409,A556,16.16,MG
3139508,A556,25.66,MG
1302702,A133,1.78,AM
2205904,A336,40.52,PI
4114500,A822,30.5,PR
4311759,A826,14.28,RS
2920452,A432,42.79,BA
3139607,A540,0.51,MG
3203304,A540,16.93,ES
4311775,B832,20.76,RS
3139805,A625,32.79,MG
2704906,A327,25.65,AL
1504208,A240,9.17,PA
3528809,A718,41.19,SP
4210407,A867,10.13,SC
5005400,A731,1.01,MS
1504307,A215,20.71,PA
2307650,A305,11.31,CE
2920502,A407,35.32,BA
2704500,A356,48.54,AL
2920601,A406,21.74,BA
2609204,A357,31.58,PE
2307700,A305,18.16,CE
1504406,A215,40.0,PA
3528858,A736,33.1,SP
4311791,B814,26.41,RS
3203320,A622,21.94,ES
4311809,B858,25.74,RS
2920700,A438,22.31,BA
4210506,A857,33.87,SC
3139706,A560,42.87,MG
2509057,A352,26.59,PB
5105580,A946,9.36,MT
4311908,A828,44.42,RS
2307809,A360,7.92,CE
4114609,A820,4.65,PR
2704708,A303,22.43,AL
3203346,A615,25.64,ES
1200351,A137,1.88,AC
4210555,A858,27.25,SC
2509107,A310,45.12,PB
3139904,A531,1.2,MG
4114708,A869,39.89,PR
4114807,A835,16.77,PR
3140001,A513,40.88,MG
4311981,B811,17.6,RS
4312005,A828,36.96,RS
1712504,A041,25.3,TO
3528908,A707,42.93,SP
2704807,A327,39.1,AL
3302700,A667,23.22,RJ
3140100,A532,37.52,MG
3203353,A632,0.77,ES
4115002,A849,18.61,PR
3529005,A763,2.54,SP
4115101,A825,21.69,PR
4115200,A835,1.69,PR
3529104,A733,38.79,SP
3140159,A555,18.75,MG
4115309,A876,21.52,PR
4115358,A820,23.04,PR
3140209,A557,35.87,MG
1504422,A201,12.22,PA
2509156,A333,4.64,PB
3140308,A511,19.0,MG
4115408,A816,33.76,PR
3140407,A529,21.58,MG
4312054,B860,25.57,RS
4115457,B804,32.6,PR
3140506,A560,31.27,MG
3529203,A707,24.66,SP
3140530,A556,31.75,MG
2804003,A409,24.89,SE
4115507,A835,44.78,PR
2920908,A437,37.89,BA
2308005,A306,24.96,CE
2509206,A313,13.81,PB
4210605,A817,42.58,SC
4312104,A889,27.0,RS
2921005,A456,37.42,BA
2106409,A206,30.01,MA
3529302,A747,39.15,SP
2509305,A352,9.87,PB
3140605,A533,37.27,MG
3140704,A535,10.58,MG
3171501,A532,27.46,MG
3140803,A518,12.2,MG
3140852,A539,27.75,MG
2206100,A338,40.49,PI
2921054,A426,34.57,BA
2106508,S108,48.84,MA
2509339,A310,17.46,PB
4115705,A851,30.11,PR
3140902,A556,16.62,MG
4312138,A839,21.45,RS
4312153,A882,30.76,RS
4312179,B844,33.62,RS
4115739,A822,35.32,PR
4210704,A875,21.8,SC
3141108,A569,14.27,MG
2705101,A356,15.49,AL
5105606,A906,26.09,MT
2509396,A321,22.02,PB
3141207,A536,48.88,MG
3529401,A771,22.9,SP
1302900,A122,3.7,AM
1712801,A225,44.4,TO
2407500,A304,35.6,RN
4312203,B861,26.3,RS
1600402,A249,27.71,AP
3141306,A565,22.41,MG
2921104,A522,47.69,BA
1504455,A209,11.06,PA
3141405,A550,39.06,MG
4210803,A867,18.08,SC
1504505,A228,29.66,PA
3302809,A611,18.87,RJ
3141504,A540,46.0,MG
3529500,A735,36.78,SP
4115853,A820,16.93,PR
3141603,A557,39.54,MG
3529609,A729,22.97,SP
2308203,A306,26.04,CE
3529658,A733,22.21,SP
3302858,A621,8.21,RJ
3141702,A511,38.94,MG
2705200,A303,19.05,AL
2921203,A440,29.19,BA
2206308,A362,25.76,PI
3302908,A637,13.82,RJ
3529708,A520,24.96,SP
2308302,A315,36.76,CE
2921302,A434,30.98,BA
3203403,A622,33.68,ES
2705309,A327,29.87,AL
4312252,B813,1.4,RS
5213103,A026,13.29,GO
3529807,A741,12.77,SP
1101203,A939,29.22,RO
3529906,A712,44.73,SP
3303005,A604,31.02,RJ
2106706,A222,40.8,MA
4115903,A869,19.68,PR
3142106,A517,24.12,MG
4312302,A854,28.0,RS
3142205,A517,26.78,MG
2308377,A359,42.96,CE
5005608,A722,18.77,MS
2609303,A370,39.96,PE
3530102,A734,27.55,SP
2921401,A440,29.62,BA
3530201,A850,47.05,SP
5105622,A961,4.32,MT
3142254,A526,36.31,MG
4210852,A861,29.61,SC
2308401,A315,15.9,CE
1504604,A236,38.19,PA
3530508,A738,35.92,SP
4210902,A816,44.91,SC
3142304,A555,34.56,MG
3142403,A536,43.97,MG
2509404,A310,43.09,PB
3530607,A765,36.27,SP
3530706,A739,15.09,SP
3530805,A739,15.34,SP
5213400,A028,45.71,GO
2804102,A451,16.84,SE
1504752,A250,21.77,PA
3530904,A726,25.92,SP
3531001,A735,31.93,SP
4211009,A854,32.88,SC
3531100,A771,39.97,SP
2206407,A362,40.72,PI
2206506,A343,42.63,PI
3142601,A515,25.45,MG
2509503,A313,16.38,PB
3142700,A526,3.7,MG
3203502,A522,38.87,ES
2407708,A352,18.53,RN
4312351,B858,13.95,RS
1504802,A239,0.51,PA
2407807,A304,29.01,RN
5213509,A032,0.33,GO
2804201,A453,24.73,SE
2206605,A364,14.29,PI
3531209,A739,32.29,SP
4312377,A880,20.94,RS
3531308,A764,35.4,SP
3531407,A735,41.07,SP
3142908,A543,27.45,MG
3531506,A764,17.98,SP
4312385,A840,9.63,RS
4211058,A898,29.58,SC
4211108,A864,15.01,SC
3531605,A762,17.83,SP
2407906,A367,35.56,RN
3143153,A550,41.34,MG
3531803,A726,41.72,SP
1101401,A940,48.78,RO
2921500,A442,38.32,BA
3143203,A561,34.04,MG
3143401,A739,23.96,MG
2509701,A334,1.39,PB
3531704,A509,23.18,SP
2705408,A323,25.55,AL
4312401,B814,9.01,RS
3143302,A506,4.88,MG
3143450,A543,44.31,MG
5213756,A025,43.89,GO
5213772,A005,46.97,GO
2308708,A332,0.92,CE
3143500,A528,45.63,MG
2308807,A368,47.67,CE
2614303,A315,46.61,PE
4116109,A825,15.3,PR
2609402,A301,14.75,PE
4312427,A837,23.69,RS
4116208,A873,4.63,PR
5213806,A003,1.37,GO
2308906,A360,13.2,CE
4312443,B841,13.97,RS
3531902,A764,49.39,SP
4211207,A814,16.31,SC
3143609,A538,28.23,MG
2206670,A338,19.99,PI
4211256,A867,26.17,SC
4312450,A811,21.8,RS
4312476,B816,9.26,RS
2107100,A203,41.4,MA
2921807,A543,48.41,BA
3532009,A744,28.03,SP
5213905,A014,21.9,GO
2408003,A318,31.16,RN
4312500,A878,15.92,RS
3532058,A747,19.56,SP
1400308,A135,48.45,RR
2309003,A368,35.15,CE
2921906,A430,46.82,BA
4312609,B859,1.2,RS
2922003,A405,48.88,BA
3203601,A631,31.5,ES
4312617,A844,33.78,RS
4312625,A844,27.63,RS
2509800,A310,29.01,PB
2309102,A314,9.13,CE
2922102,A412,33.39,BA
5005681,S709,43.75,MS
3143807,A744,41.38,MG
4116307,A835,32.83,PR
2922201,A406,37.16,BA
3203700,A633,25.12,ES
2922250,A439,39.24,BA
3203809,A617,26.77,ES
3143906,A517,2.86,MG
2705507,A303,33.11,AL
2206696,A308,43.12,PI
1713957,A048,19.17,TO
2922300,A406,11.58,BA
2922409,A434,27.23,BA
3144003,A657,47.66,MG
5214101,A005,49.78,GO
3532157,A718,38.36,SP
3144300,A522,12.23,MG
4312658,B842,14.62,RS
3144359,A511,49.02,MG
3532207,A707,34.04,SP
2408102,A304,4.97,RN
3144375,A542,42.46,MG
3144409,A531,26.33,MG
3303104,A517,42.77,RJ
3532306,A740,16.12,SP
2509909,A328,34.4,PB
4211306,A868,12.36,SC
5005707,A752,43.14,MS
2922508,A444,37.74,BA
1714302,A224,41.19,TO
2609501,A301,45.48,PE
2206704,A311,42.83,PI
3532405,A744,28.28,SP
3144508,A514,39.59,MG
2510006,A333,8.48,PB
2206720,A312,35.23,PI
2804409,A421,20.35,SE
3144607,A515,41.06,MG
5214507,A002,26.47,GO
3532504,A735,40.0,SP
1303007,A123,48.21,AM
3532603,A729,33.37,SP
4312674,A839,34.28,RS
2922607,A444,29.02,BA
3303203,A621,6.31,RJ
5005806,A758,49.2,MS
3532702,A735,24.03,SP
2408201,A304,28.49,RN
3303302,A627,1.75,RJ
5105903,A944,17.26,MT
4312708,B846,1.17,RS
2922656,A436,27.51,BA
5106000,A949,45.47,MT
2804458,A453,20.86,SE
2804508,A453,1.48,SE
2804607,A451,36.51,SE
4116406,A850,44.64,PR
2804706,A453,43.07,SE
2206753,A376,26.19,PI
5106109,A901,35.36,MT
2804805,A409,13.94,SE
2206803,A338,43.13,PI
3532801,A735,44.45,SP
4116505,A869,39.26,PR
4312757,B858,23.07,RS
5006002,S712,4.5,MS
5214705,A015,38.49,GO
4116604,A842,17.02,PR
5006200,S713,21.73,MS
4312807,A894,13.45,RS
4116703,A825,43.8,PR
5214804,A034,36.21,GO
4312906,A894,16.19,RS
3144672,A540,34.6,MG
4312955,A856,34.32,RS
4313003,B860,12.81,RS
3532827,A714,15.71,SP
5106216,A953,26.08,MT
3532843,A733,44.15,SP
4313011,B845,29.92,RS
4116802,B803,26.22,PR
2107258,A204,45.08,MA
2408300,A352,33.81,RN
3144706,A511,47.62,MG
4211405,A895,33.95,SC
4116901,A835,37.13,PR
4116950,A843,27.9,PR
4313037,A833,24.51,RS
3532900,A737,25.24,SP
4117008,A842,2.22,PR
2510105,A367,31.68,PB
3303401,A624,15.05,RJ
5214861,A015,18.74,GO
5108808,A953,49.16,MT
3533106,A762,16.95,SP
4313060,B816,15.41,RS
2922755,A445,40.76,BA
3303500,A621,12.79,RJ
3533205,A762,40.01,SP
4211454,A895,23.72,SC
2922805,A434,48.6,BA
4117057,B804,16.21,PR
3144805,F501,11.27,MG
4117107,A849,17.02,PR
3533304,A735,43.68,SP
1100338,S110,42.51,RO
5108907,A928,2.79,MT
5106174,A908,45.03,MT
3533403,A726,34.92,SP
4117206,A869,20.3,PR
5106232,A902,21.8,MT
2510204,A373,20.52,PB
2107357,A255,47.72,MA
1303106,A120,35.47,AM
4313086,B818,22.25,RS
4313102,B854,13.56,RS
4313201,B816,15.19,RS
3145059,A563,0.49,MG
4313300,A894,26.65,RS
4117255,A843,26.34,PR
4313334,B843,17.32,RS
2922854,A425,44.49,BA
3145109,A516,48.27,MG
4313359,A840,23.04,RS
4117214,A842,26.59,PR
4313375,B809,12.98,RS
2207959,A331,37.35,PI
4117222,A820,9.62,PR
3145208,A564,35.49,MG
2922904,A458,19.94,BA
4117271,A822,0.97,PR
4211504,A868,39.99,SC
3136603,A521,45.95,MG
3203908,A623,2.69,ES
4211603,A814,21.72,SC
5215009,A002,32.08,GO
2923001,A405,20.98,BA
5106257,A956,2.3,MT
3533254,A736,17.71,SP
4313490,A856,20.46,RS
4313391,B822,31.65,RS
5215231,A046,17.17,GO
4313409,A884,6.79,RS
4211652,A816,4.75,SC
5106273,A914,24.1,MT
5006259,A709,41.18,MS
1715259,A038,34.78,TO
2705606,A357,32.37,AL
4313425,A810,30.62,RS
5106265,A906,33.42,MT
2309409,A342,39.24,CE
2206902,A363,19.78,PI
5215256,A005,42.7,GO
1505064,A235,1.23,PA
2206951,A361,47.03,PI
5106315,A947,0.31,MT
4313441,A854,30.7,RS
2923050,A450,27.09,BA
4313466,A856,31.42,RS
3145372,A552,18.92,MG
3533601,A708,40.82,SP
1505106,A232,2.25,PA
2309458,A314,49.54,CE
3533700,A763,22.97,SP
2207009,A354,5.41,PI
1505205,A236,48.14,PA
1600501,A242,4.44,AP
3533809,A725,44.63,SP
2510402,A373,45.45,PB
2107407,A220,37.63,MA
2705705,A323,27.79,AL
2705804,A371,14.89,AL
2207108,A362,19.25,PI
2705903,A353,35.03,AL
2408409,A340,37.82,RN
3533908,A748,42.85,SP
3145505,A531,29.5,MG
2609600,A301,12.75,PE
2107456,S108,36.08,MA
2923100,A458,34.38,BA
2510501,A313,45.78,PB
3145604,A570,4.13,MG
2923209,A439,36.89,BA
3145703,A557,30.16,MG
2706000,A323,36.31,AL
3145802,A535,44.3,MG
3145851,A510,37.63,MG
3534104,A763,16.27,SP
1505304,A232,39.92,PA
3145877,A556,27.95,MG
5215306,A033,30.14,GO
3534302,A753,41.33,SP
4211702,A814,20.5,SC
2609709,A328,24.01,PE
2609808,A329,33.73,PE
2309508,A319,43.28,CE
3534401,A755,7.99,SP
3534500,A763,33.71,SP
4313508,A834,18.53,RS
3534609,A768,42.69,SP
4211751,A865,41.6,SC
1505403,A248,22.32,PA
2923308,A413,43.01,BA
2609907,A366,2.62,PE
1505437,A234,6.29,PA
3534708,A716,3.56,SP
4117404,A835,26.9,PR
4211801,A841,19.69,SC
3145901,A513,7.09,MG
2408508,A316,29.85,RN
3146008,A530,40.03,MG
3146107,A513,32.16,MG
2510600,A334,31.1,PB
4211850,A858,28.76,SC
3534807,A762,15.88,SP
5215405,A002,47.3,GO
3146206,A527,32.44,MG
4117453,A820,31.15,PR
3534757,A733,28.83,SP
5215504,A034,12.66,GO
3534906,A762,31.88,SP
1505486,A210,0.93,PA
2309607,A305,40.32,CE
1400456,S114,0.31,RR
2309706,A305,20.16,CE
2804904,A421,18.85,SE
2107506,A203,12.46,MA
2309805,A314,4.12,CE
2309904,A368,44.56,CE
3146255,A552,31.07,MG
3146552,A563,39.12,MG
4211876,A895,23.23,SC
4117503,A835,12.83,PR
4313607,B861,18.8,RS
4211892,A865,27.03,SC
3146503,A524,23.7,MG
3146602,A557,32.25,MG
2207355,A365,33.64,PI
2706208,A323,13.02,AL
5215652,A023,39.64,GO
1505494,A044,25.22,PA
2310001,A339,31.52,CE
4211900,A806,6.84,SC
3146701,A517,30.71,MG
4212007,A848,36.12,SC
2310100,A314,16.21,CE
2610004,A357,3.02,PE
4313656,B836,0.49,RS
3535101,A736,6.53,SP
4117602,A876,36.58,PR
1721000,A009,11.21,TO
2923407,A426,44.81,BA
4212056,A865,30.01,SC
3535200,A733,32.85,SP
4313706,A856,2.22,RS
2207405,A326,39.84,PI
2706307,A327,2.13,AL
2207504,A362,37.9,PI
2107605,S108,7.84,MA
2923506,A425,21.63,BA
1713809,A224,14.72,TO
2610103,A322,21.65,PE
5215801,A033,15.25,GO
5215900,A027,33.54,GO
3535309,A716,45.2,SP
4313805,A854,13.31,RS
4212106,A854,45.01,SC
4117909,A820,32.85,PR
5216007,A035,30.96,GO
4313904,B843,18.16,RS
3204005,A632,38.78,ES
2610202,A341,33.97,PE
3535408,S705,22.88,SP
4313953,B813,31.82,RS
2706406,A323,1.43,AL
3146909,A560,32.59,MG
4212205,A864,22.13,SC
2207553,A343,32.84,PI
3147105,A535,20.64,MG
3303609,A601,16.89,RJ
3147006,A571,2.42,MG
1505502,A212,19.42,PA
3147204,A567,26.1,MG
3535507,A718,41.5,SP
4314001,A894,14.42,RS
3303708,A625,11.91,RJ
3535606,A740,30.79,SP
2310258,A359,49.18,CE
3535705,A736,14.64,SP
4212239,A857,24.23,SC
5006275,A730,49.47,MS
4118006,A869,34.42,PR
4314027,B854,28.96,RS
3147303,A706,28.36,MG
2310308,A324,49.93,CE
2310407,A314,35.07,CE
1716208,A010,0.25,TO
2408607,A333,40.06,RN
4118105,A850,30.25,PR
4118204,A847,19.88,PR
5006309,A710,2.52,MS
5216304,A011,6.49,GO
3535804,A725,38.79,SP
4118303,A850,4.9,PR
3535903,A733,6.73,SP
2610301,A322,17.77,PE
5106307,A915,1.84,MT
5006358,A751,42.0,MS
3147402,A569,31.58,MG
3536000,A768,35.49,SP
2510659,A348,44.72,PB
3303807,A619,0.98,RJ
2408706,A372,36.47,RN
1505536,A230,26.4,PA
5216403,A027,3.02,GO
2408805,A344,39.63,RN
4314035,B814,14.08,RS
2706422,A371,47.96,AL
1303403,A123,3.02,AM
2923803,A419,27.47,BA
2706448,A356,19.59,AL
3536208,A766,20.22,SP
3536257,A729,12.28,SP
2207702,A308,20.12,PI
2403251,A304,10.77,RN
2107803,A362,49.88,MA
4314050,B819,20.9,RS
2409100,A367,47.87,RN
3147600,A529,1.34,MG
4314068,B840,8.4,RS
3147709,A570,39.27,MG
3147808,A609,34.52,MG
2409209,A352,41.32,RN
2510709,A321,26.05,PB
2207751,A362,30.94,PI
2610509,A328,28.73,PE
2706505,A356,11.08,AL
4212254,A808,4.62,SC
4314076,A813,17.25,RS
4314100,A839,3.48,RS
3147907,A516,3.88,MG
4212270,A858,38.02,SC
4118451,A820,23.41,PR
4118501,A816,26.63,PR
2510808,A321,6.93,PB
3148004,A562,8.43,MG
3148103,A523,6.58,MG
3148202,A517,17.81,MG
3536307,A708,12.23,SP
3303856,A637,9.37,RJ
1505551,A248,21.05,PA
2610608,A301,29.14,PE
3148301,A510,17.07,MG
4118600,A875,47.03,PR
3536406,S705,24.6,SP
3536505,A726,49.0,SP
2108058,A218,24.74,MA
2610707,A301,17.13,PE
2207801,A330,0.24,PI
3536570,A705,45.3,SP
3148400,A533,40.84,MG
4314134,A828,12.14,RS
2706604,A327,28.37,AL
4212304,A806,40.36,SC
4314159,A882,14.04,RS
2207850,A365,32.86,PI
3148608,A533,48.7,MG
3536703,A705,25.8,SP
2610806,A309,14.5,PE
3148707,A549,33.69,MG
3536802,A744,19.51,SP
3148756,A556,32.61,MG
2511004,A373,13.96,PB
3148806,A510,24.25,MG
3148905,A524,33.63,MG
3149002,A517,38.74,MG
2409506,A344,43.04,RN
2805000,A420,24.52,SE
5106372,A907,21.38,MT
3149101,A531,12.7,MG
3536901,A729,23.13,SP
2924108,A413,35.04,BA
4314175,B823,25.64,RS
2511202,A320,39.62,PB
3149150,A559,17.45,MG
4212403,A814,16.08,SC
3537008,A753,33.22,SP
3537107,A739,37.43,SP
2108207,A220,41.77,MA
2805109,A417,15.75,SE
1716505,A020,0.51,TO
2924207,A371,45.49,BA
2409704,A317,45.53,RN
3204054,A616,42.92,ES
2108256,A255,47.01,MA
5006408,S714,2.99,MS
2207900,A335,41.84,PI
2207934,A331,33.15,PI
3149309,A569,24.11,MG
4314209,A887,39.45,RS
2512721,A352,19.5,PB
3149408,A518,39.71,MG
2409803,A352,16.85,RN
1716604,A018,1.25,TO
5106422,A906,31.72,MT
4314308,A853,19.52,RS
4314407,A887,7.84,RS
2310605,A370,26.44,CE
3537305,A735,40.05,SP
2409902,A317,19.11,RN
2706703,A421,23.44,AL
4212502,A868,22.62,SC
2310704,A359,49.33,CE
3149507,A518,26.77,MG
3149606,A535,38.27,MG
3149705,A564,33.41,MG
3149804,A505,46.6,MG
3149903,A570,48.12,MG
3537404,S717,45.87,SP
2310803,A358,23.33,CE
2108405,S108,13.7,MA
3149952,A532,45.26,MG
4212601,A841,40.92,SC
4118857,A825,48.74,PR
4118907,A824,46.25,PR
4119004,A855,11.78,PR
4212650,A866,24.19,SC
2610905,A309,40.24,PE
4212700,A863,13.73,SC
2611101,A307,2.26,PE
3303906,A610,11.87,RJ
2706802,A421,9.19,AL
3537701,A768,38.96,SP
2511301,A373,27.23,PB
2924306,A430,1.09,BA
3150109,A557,6.77,MG
4314423,B816,12.49,RS
2208007,A343,6.97,PI
2511400,A367,47.4,PB
3537800,A713,35.91,SP
3150158,A554,6.96,MG
3150307,A514,40.75,MG
3150406,A513,49.67,MG
4119103,A862,21.97,PR
2924405,A449,1.64,BA
2511509,A320,46.36,PB
2706901,A303,20.94,AL
5216908,A015,24.7,GO
3537909,A715,29.65,SP
2511608,A310,16.64,PB
2511707,A310,25.38,PB
3150505,A524,36.7,MG
1100189,A939,35.98,RO
2208106,A363,42.62,PI
2924504,A426,32.32,BA
3538006,A728,14.37,SP
2707008,A327,36.52,AL
2924603,A428,41.09,BA
3538105,A736,9.14,SP
1717008,A053,42.83,TO
2310852,A305,33.99,CE
3150539,A511,28.18,MG
4119152,A807,3.85,PR
4314456,A854,25.16,RS
4314464,B861,42.79,RS
4119251,A848,32.03,PR
4314472,B854,28.88,RS
4119202,A871,13.21,PR
3538204,A744,19.79,SP
4212908,A895,43.91,SC
2805208,A420,18.85,SE
3303955,A626,15.68,RJ
4314498,A854,27.07,RS
2108603,S108,32.2,MA
4314506,B823,0.96,RS
4213005,A859,34.78,SC
3204104,A623,36.22,ES
4314548,A840,11.03,RS
3150570,A547,34.02,MG
2208205,A347,38.64,PI
3538303,A707,42.77,SP
3538501,A769,20.72,SP
3538600,A744,20.57,SP
3150604,A570,46.26,MG
3538709,A726,4.23,SP
2208304,A335,39.28,PI
3304003,A626,14.09,RJ
2924678,A438,47.36,BA
4119400,A819,29.62,PR
3538808,A725,46.17,SP
3538907,A727,46.58,SP
2805307,A409,33.72,SE
3150802,A510,45.86,MG
3539004,A736,19.3,SP
3150901,A531,26.52,MG
3151008,A531,18.68,MG
2707107,A371,1.14,AL
3151107,A604,40.51,MG
4314555,B837,16.02,RS
3151206,A545,13.81,MG
3539103,A755,19.38,SP
3539202,A707,19.14,SP
4119509,B806,16.4,PR
1717206,A021,38.25,TO
3539301,A738,43.37,SP
4314605,B823,31.01,RS
3539400,A705,12.47,SP
4213104,A841,35.02,SC
3151305,A557,38.73,MG
5217401,A033,0.82,GO
2208403,A335,2.58,PI
2924801,A412,49.9,BA
2511806,A310,33.27,PB
4119608,A822,41.12,PR
3539509,A764,26.99,SP
4119657,A835,40.41,PR
3151404,A560,49.62,MG
2511905,A320,36.42,PB
1717503,A051,48.47,TO
3204203,A615,21.96,ES
3151503,A565,49.77,MG
1505650,A211,0.62,PA
5217609,A045,16.16,GO
4119707,A869,38.85,PR
2924900,A407,40.06,BA
2925006,A414,43.12,BA
4314704,B846,27.79,RS
3539608,A735,5.86,SP
4119806,A855,1.62,PR
4213153,A895,22.95,SC
3151602,A748,49.58,MG
3539806,A701,28.11,SP
2611200,A309,46.76,PE
2512002,A313,25.14,PB
4314753,A882,14.66,RS
2512077,A333,37.4,PB
3151701,A567,11.25,MG
2805406,A371,22.43,SE
2805505,A419,8.37,SE
3151800,A530,24.59,MG
2925204,A456,45.41,BA
3539905,A735,35.05,SP
2611309,A301,48.99,PE
4213203,A817,21.41,SC
3540002,A763,25.99,SP
3152006,A560,5.3,MG
3540101,A727,39.53,SP
1505700,A201,47.46,PA
4119905,A819,36.71,PR
5006606,A703,2.58,MS
3540200,A747,35.99,SP
5106653,A013,9.19,MT
4119954,A847,27.23,PR
5217708,A003,44.34,GO
3540259,A733,31.38,SP
4314779,B842,32.3,RS
4213302,A860,31.23,SC
4213351,A860,19.86,SC
3152105,A510,39.23,MG
4314787,A828,17.63,RS
4213401,A858,39.04,SC
5106752,A937,16.46,MT
3540309,A729,37.3,SP
3204252,A631,27.32,ES
3152131,A547,30.32,MG
3152170,A550,19.18,MG
2925253,A428,46.99,BA
3540408,A733,25.14,SP
5218003,A005,14.85,GO
3304102,A517,37.64,RJ
2410207,A340,47.74,RN
4314803,B809,15.02,RS
2311108,A315,30.14,CE
3152204,A563,29.59,MG
1505809,A228,47.44,PA
5218102,A026,13.85,GO
4314902,A801,3.9,RS
1718006,A038,23.55,TO
4120150,B804,19.61,PR
4213500,A868,31.42,SC
2707305,A356,31.98,AL
2805604,A323,24.56,SE
1505908,A245,16.15,PA
2707404,A356,31.95,AL
2410256,A317,26.19,RN
5106802,A914,30.7,MT
5106828,A961,47.55,MT
5106851,A935,0.6,MT
3540606,A713,24.89,SP
3540705,A738,43.19,SP
3152303,A510,25.31,MG
2109007,A224,34.76,MA
1600535,A244,2.41,AP
4315008,B837,16.27,RS
4315057,A810,36.51,RS
5006903,A723,0.92,MS
3304110,A609,15.85,RJ
2707503,A353,48.6,AL
4120200,A849,41.53,PR
2925303,A427,13.99,BA
4213609,A875,32.52,SC
1100205,A925,6.97,RO
4315073,B837,31.93,RS
4120309,A875,28.47,PR
1200393,A136,0.79,AC
4315107,B837,2.94,RS
5218300,A017,0.56,GO
3152402,A527,30.15,MG
2311207,A347,37.49,CE
3540754,A769,30.28,SP
2311231,A340,39.12,CE
3152600,A529,22.22,MG
4315131,B860,17.42,RS
4213708,A863,33.25,SC
5107008,A923,28.11,MT
3540853,A707,44.78,SP
2925501,A405,44.98,BA
3540903,A747,5.47,SP
3152709,A514,18.69,MG
3541000,A765,32.82,SP
4213807,A897,24.87,SC
1718303,A225,42.91,TO
4120358,A848,31.4,PR
2512200,A334,23.45,PB
3541059,A741,39.35,SP
3152907,A516,23.77,MG
3541208,A707,19.67,SP
3153103,A510,33.86,MG
4213906,A841,25.41,SC
4120408,A835,26.61,PR
2925600,A424,13.69,BA
3541307,A759,37.25,SP
1303536,A126,3.0,AM
4214003,A817,38.34,SC
3153202,A538,43.18,MG
2109205,A203,46.36,MA
1718402,A049,49.89,TO
3204302,A622,0.91,ES
3153301,A537,44.1,MG
4315149,B816,16.67,RS
4214102,A863,29.95,SC
3153400,A562,12.6,MG
3541406,A707,1.66,SP
2925758,A444,33.78,BA
2611408,A357,44.2,PE
1506104,A226,40.01,PA
1101476,A939,44.58,RO
5107040,A923,11.44,MT
2109403,A217,34.36,MA
4214151,A848,17.84,SC
2512309,A350,41.84,PB
4315156,B860,30.21,RS
3541604,A727,19.44,SP
2805703,A421,49.06,SE
4315172,A894,38.97,RS
3153608,A569,2.58,MG
4120606,A818,25.41,PR
2410405,A344,34.62,RN
4315206,B860,15.03,RS
2512408,A313,9.58,PB
3541653,A713,49.92,SP
4315305,A831,2.01,RS
3153707,A536,23.85,MG
4120655,A825,10.76,PR
3541703,A718,31.92,SP
4120705,A821,7.54,PR
1506112,A226,30.97,PA
3304128,A609,19.75,RJ
4120804,B806,9.58,PR
4315313,A828,23.01,RS
4120853,A820,6.39,PR
2707602,A327,19.98,AL
4120903,A843,33.42,PR
2512507,A313,13.87,PB
2925808,A436,1.83,BA
3304144,A601,14.62,RJ
3541802,A768,29.48,SP
3541901,A635,19.12,SP
3153806,A513,24.56,MG
5107065,A916,2.24,MT
4121000,A824,37.49,PR
4315321,A886,37.96,RS
2925907,A442,33.54,BA
4214201,A816,37.73,SC
3542008,A768,24.62,SP
4315354,A883,10.42,RS
3304151,A620,43.57,RJ
4121208,A862,42.42,PR
2512606,A321,15.39,PB
2925931,A440,43.59,BA
2311306,A369,4.83,CE
2311355,A319,18.29,CE
2311405,A325,1.81,CE
2311504,A339,40.51,CE
3542107,A726,35.45,SP
3542206,A718,18.27,SP
4121356,A825,16.62,PR
4214300,A870,2.34,SC
2109452,A203,17.14,MA
3153905,A572,15.44,MG
3154002,A556,32.93,MG
4121406,A855,22.9,PR
4121505,A823,39.63,PR
2611606,A301,9.14,PE
3154101,A629,47.59,MG
1506138,A254,3.38,PA
2311603,A314,25.68,CE
3542305,A740,13.39,SP
4315404,A805,25.84,RS
3154150,A556,20.81,MG
2208809,A377,16.47,PI
3542404,A707,15.22,SP
3542503,A737,44.25,SP
3542602,A766,4.37,SP
4315453,B860,2.77,RS
2926004,A423,1.07,BA
2512705,A310,9.6,PB
4121604,A816,30.02,PR
3304201,A609,2.21,RJ
3154200,A514,21.07,MG
4121703,A818,40.22,PR
5107156,A936,36.0,MT
3154309,A534,28.78,MG
3154408,A502,18.27,MG
3542701,A708,10.75,SP
4315503,B854,26.11,RS
2926103,A441,48.06,BA
2512747,A310,48.54,PB
2926202,A402,43.35,BA
2512754,A313,26.15,PB
2805802,A417,23.27,SE
2926301,A441,42.13,BA
2512762,A320,48.61,PB
2410702,A340,36.49,RN
2611705,A341,30.25,PE
2512788,A348,26.13,PB
3154507,A563,35.08,MG
2208858,A374,41.74,PI
2805901,A409,28.74,SE
5218607,A015,37.5,GO
2109551,A225,42.41,MA
5007109,S715,2.51,MS
2926509,A458,2.85,BA
2926608,A458,26.66,BA
2611804,A357,27.93,PE
3542909,A711,32.26,SP
3543006,A714,29.3,SP
4121802,A716,23.16,PR
3543105,A753,22.14,SP
3154606,A521,18.11,MG
4121901,A842,22.22,PR
3543204,A716,25.25,SP
3543238,A707,37.61,SP
3543253,A715,44.16,SP
3543303,A771,27.73,SP
3543402,A747,36.65,SP
2806008,A451,15.55,SE
3543600,A525,22.8,SP
3543709,A747,28.24,SP
3543808,A768,32.72,SP
3154804,F501,21.48,MG
4122008,A823,33.36,PR
3204351,A632,26.09,ES
3304300,A667,17.12,RJ
4122156,B804,18.24,PR
5107206,A936,13.74,MT
1200401,A104,5.19,AC
4122206,B806,21.42,PR
5007208,A743,3.49,MS
3154903,A556,48.5,MG
3304409,A626,12.72,RJ
3543907,A726,34.6,SP
1100262,A940,28.5,RO
1718659,A038,22.56,TO
4214409,A859,11.67,SC
3304508,A611,23.85,RJ
3304524,A608,21.0,RJ
3544004,A726,15.53,SP
2926707,A430,47.89,BA
3304557,A652,8.45,RJ
2926806,A433,49.83,BA
4214508,A861,1.28,SC
2408953,A344,17.64,RN
4214607,A863,29.0,SC
2926905,A454,36.51,BA
4214805,A863,22.55,SC
4214706,A817,19.33,SC
4315552,B846,9.27,RS
3155207,A513,44.42,MG
2611903,A357,45.61,PE
4214904,A845,36.57,SC
4315602,A802,7.52,RS
3544103,A765,28.16,SP
2209005,A365,41.54,PI
2707701,A303,11.13,AL
3155306,A555,40.47,MG
1506161,A247,25.6,PA
4215000,A862,5.75,SC
5007307,A732,45.49,MS
4122305,A862,28.14,PR
3155405,A557,17.48,MG
3204401,A622,29.2,ES
4315701,A813,12.92,RS
3155603,A551,16.35,MG
3155801,A557,32.06,MG
3155900,A611,33.23,MG
1303569,A125,12.32,AM
5218789,A003,35.01,GO
2927002,A417,27.69,BA
4215059,A845,41.58,SC
2512903,A352,27.64,PB
5218805,A025,4.91,GO
5007406,A720,47.26,MS
4315750,B819,16.46,RS
4215075,A857,36.17,SC
3156106,A514,11.35,MG
4315800,B859,14.99,RS
3156205,A557,26.87,MG
4215109,A817,9.68,SC
4315909,A854,27.0,RS
3156304,A510,49.04,MG
2927101,A351,35.27,BA
2411007,A340,32.06,RN
1200427,A108,14.41,AC
4315958,A852,22.75,RS
4316006,B819,3.65,RS
1100288,A939,48.24,RO
4215208,A857,22.81,SC
4122503,A822,36.84,PR
4316105,B846,46.47,RS
4316204,A856,41.49,RS
4122602,A869,17.94,PR
1506187,A214,13.04,PA
5107602,A907,6.09,MT
4316303,B837,28.76,RS
3544251,A849,18.73,SP
2109601,A203,45.55,MA
3156452,A517,19.67,MG
2806107,A409,29.22,SE
5107701,A944,2.0,MT
3544301,A728,27.38,SP
2707800,A303,38.94,AL
3156502,A552,27.75,MG
3544400,A734,20.89,SP
5218904,A015,34.95,GO
3156601,A508,28.27,MG
3544509,A733,43.02,SP
2311801,A339,31.76,CE
2411106,A367,39.26,RN
2927200,A412,22.49,BA
3156700,A572,14.29,MG
4122701,A835,39.83,PR
3544608,A727,28.28,SP
3156809,A533,19.41,MG
3156908,A525,2.27,MG
4316428,A856,29.64,RS
3544707,A768,48.66,SP
2612000,A341,36.61,PE
4316436,B842,28.75,RS
3544806,A727,44.0,SP
3544905,A753,46.03,SP
3545001,A765,46.34,SP
4215307,A861,15.29,SC
2513000,A321,47.17,PB
2612109,A328,18.05,PE
2806206,A451,39.72,SE
4122800,A848,29.53,PR
2612208,A370,3.6,PE
3157005,A552,2.23,MG
2927309,A456,29.13,BA
1506203,A215,1.74,PA
2311959,A347,24.87,CE
3545100,A734,34.93,SP
2612307,A322,22.76,PE
4215356,A816,30.23,SC
3545159,A726,16.58,SP
3545209,A713,39.07,SP
3545308,A713,24.63,SP
5107750,A936,0.78,MT
4122909,A821,33.67,PR
4316451,B838,0.16,RS
4123006,A843,23.69,PR
3545407,A716,18.91,SP
4215406,A841,33.32,SC
2927408,A401,3.79,BA
4316477,A852,34.91,RS
4316501,A882,30.59,RS
1506302,A227,3.42,PA
1718808,A044,41.29,TO
4316600,B861,29.15,RS
5219001,A014,33.95,GO
1718840,A054,43.36,TO
3545506,A850,44.18,SP
4215455,A814,21.06,SC
4317103,A804,19.28,RS
3545605,A736,12.7,SP
3545704,A733,20.48,SP
4123105,A842,22.56,PR
2927507,A413,27.2,BA
3545803,A726,22.21,SP
3157252,A554,26.64,MG
3157278,A518,40.76,MG
1506351,A201,33.08,PA
4316709,A883,34.79,RS
3157302,A502,21.53,MG
2927606,A371,40.65,BA
5107248,A917,37.77,MT
4215505,A861,27.82,SC
2513158,A328,14.92,PB
4123204,A842,24.0,PR
4316733,A844,41.26,RS
3546108,A733,37.9,SP
4316758,A882,25.42,RS
2411205,A367,0.89,RN
2513208,A333,44.35,PB
2612455,A366,47.6,PE
2927705,A427,20.16,BA
2612471,A350,22.55,PE
3546207,A711,48.02,SP
3546256,A770,24.06,SP
3546306,A738,18.46,SP
5219209,A033,20.92,GO
3157336,A514,3.74,MG
3157377,A549,48.93,MG
2612505,A328,47.28,PE
2209104,A343,41.13,PI
3546405,A716,24.11,SP
4316808,A813,17.45,RS
5107743,A942,36.89,MT
3157500,A532,48.61,MG
3546504,A747,32.21,SP
4123402,A835,42.57,PR
3157609,A547,47.14,MG
1718865,A048,8.09,TO
3546603,A733,35.5,SP
2209203,A223,2.28,PI
3546702,A726,29.07,SP
4123501,A820,48.29,PR
4215554,A857,19.84,SC
2513307,A333,38.84,PB
5219308,A025,39.0,GO
2927903,A434,36.82,BA
4123600,A850,23.92,PR
2513356,A350,46.76,PB
3546801,A701,45.08,SP
5219357,A015,37.2,GO
4123709,A869,48.14,PR
1303601,S121,1.01,AM
4123808,A855,29.03,PR
1506500,A202,23.63,PA
3204500,A613,13.56,ES
3546900,A747,38.64,SP
4123824,A855,39.26,PR
2209302,A326,26.2,PI
2928059,A437,30.67,BA
3157807,A521,19.05,MG
2513406,A321,46.12,PB
2806305,A417,37.77,SE
2707909,A303,8.24,AL
1506559,A248,29.42,PA
3157906,A556,15.22,MG
4316972,A832,21.99,RS
4316907,A803,10.05,RS
2612604,A448,24.65,PE
3547007,A741,42.24,SP
2928109,A416,45.44,BA
1506583,A256,20.56,PA
3204559,A613,17.67,ES
2612703,A328,11.45,PE
4316956,B816,2.41,RS
1506609,A202,42.31,PA
1718881,A020,46.42,TO
3304607,A630,0.46,RJ
4123907,A842,30.53,PR
3547106,A762,24.33,SP
4123956,A869,33.35,PR
2513703,A320,13.98,PB
3547403,A733,25.27,SP
3159209,A530,13.19,MG
2928406,A415,1.23,BA
3159407,A502,40.55,MG
3159308,A611,47.55,MG
3159357,A554,15.59,MG
5219407,A909,2.83,GO
3159506,A534,36.22,MG
5219456,A022,16.89,GO
5007554,S716,1.42,MS
3547502,A770,29.42,SP
3159605,A531,34.83,MG
5107768,A948,0.49,MT
4317202,A810,3.65,RS
3159704,A536,38.71,MG
4215604,A845,35.58,SC
2806503,A451,30.57,SE
3547601,A770,22.55,SP
2209377,A354,24.77,PI
4215653,A808,24.45,SC
1718907,A052,7.21,TO
3547650,A733,13.06,SP
3204609,A613,6.1,ES
2928505,A434,28.6,BA
2513802,A321,18.84,PB
4317251,B859,12.71,RS
5219605,A005,46.32,GO
4215679,A861,22.03,SC
2612802,A321,40.1,PE
4124053,A846,19.85,PR
4215687,A857,36.08,SC
1720002,A224,36.1,TO
4317301,B830,2.12,RS
2928000,A436,39.65,BA
1600600,A249,12.93,AP
4317004,B821,4.52,RS
3547205,A733,23.62,SP
3158300,A515,37.11,MG
3158409,A517,27.48,MG
2513505,A373,32.45,PB
3547304,A755,10.17,SP
2312007,A306,35.17,CE
1506708,A233,1.39,PA
3158607,A625,17.15,MG
2708006,A323,46.69,AL
4124004,A821,42.87,PR
3158805,A570,34.35,MG
3158904,A556,32.03,MG
2708105,A322,41.91,AL
3158953,A511,24.51,MG
2209351,A343,18.65,PI
2806404,A421,24.61,SE
2513604,A373,18.89,PB
3159100,A513,26.37,MG
2928307,A413,21.22,BA
1506807,A250,7.48,PA
1506906,A215,34.85,PA
4317400,A833,1.85,RS
4215695,A816,30.91,SC
5107263,A902,48.65,MT
2928604,A456,37.44,BA
4215703,A806,18.36,SC
2806602,A409,18.16,SE
2110278,A217,49.94,MA
3547700,A707,29.9,SP
3547809,A771,14.79,SP
2513851,A348,47.12,PB
4317509,B844,2.55,RS
2411502,A352,46.61,RN
3547908,A561,19.9,SP
5219712,A025,43.15,GO
4317608,B839,1.94,RS
4124103,A821,27.06,PR
4317707,B849,25.58,RS
5219738,A002,20.3,GO
2928703,A406,36.69,BA
2209401,A343,21.86,PI
3304706,A604,23.82,RJ
3548005,A739,23.95,SP
3159902,A570,25.95,MG
3160009,A629,29.4,MG
4124202,A850,23.13,PR
5219753,A046,12.88,GO
3160108,A556,44.43,MG
3160207,A537,44.72,MG
3548104,A739,35.9,SP
5107792,A931,32.62,MT
5107800,A901,28.56,MT
3160405,A524,44.37,MG
4317558,B858,9.42,RS
4124301,A842,11.41,PR
3548203,A706,10.46,SP
4317756,B842,14.34,RS
3160454,A551,46.88,MG
4124400,A848,25.39,PR
1507003,A202,26.24,PA
2209450,A377,5.07,PI
4317806,A805,1.34,RS
4317905,A810,20.77,RS
2928802,A406,32.61,BA
3548302,A707,30.43,SP
4317954,B861,16.0,RS
4124509,A850,34.88,PR
3548401,A768,32.24,SP
3548500,A765,22.93,SP
3160702,A557,31.28,MG
2312304,A368,38.88,CE
2110401,A206,49.38,MA
2612901,A357,44.69,PE
2513901,A316,40.24,PB
2110500,S108,2.36,MA
3160801,A515,34.62,MG
3548609,A706,14.79,SP
4215802,A862,19.06,SC
1720101,A044,48.47,TO
2411700,A367,13.89,RN
2613008,A322,43.06,PE
4215752,A816,13.98,SC
3548708,A771,12.07,SP
4215901,A870,26.96,SC
4318002,A830,1.52,RS
2708204,A353,42.86,AL
3160900,A513,21.68,MG
2209559,A345,33.77,PI
2613107,A341,28.52,PE
3548807,A701,15.57,SP
3548906,A711,4.13,SP
4216008,A895,36.42,SC
4124608,A869,46.79,PR
2806701,A409,17.51,SE
4216057,A860,16.53,SC
2928901,A402,26.42,BA
4216107,A876,23.76,SC
2513968,A333,40.23,PB
2806800,A451,17.04,SE
5219803,A032,43.91,GO
3160959,A554,26.97,MG
1507151,A240,39.66,PA
1507201,A202,47.51,PA
2513943,A348,23.52,PB
3204658,A632,30.58,ES
3161007,A511,48.98,MG
4318051,B858,8.89,RS
2929107,A406,18.22,BA
2929008,A406,14.59,BA
5107859,A921,6.24,MT
2929057,A416,47.56,BA
1507300,A216,3.71,PA
2411809,A316,14.86,RN
3304805,A604,22.23,RJ
3549003,A733,24.3,SP
2513984,A333,34.73,PB
2806909,A421,46.58,SE
4318101,A826,42.33,RS
3304755,A607,36.45,RJ
4318200,B820,2.19,RS
3161205,A570,12.48,MG
3161304,A519,44.63,MG
2110856,A225,48.45,MA
2929206,A456,28.97,BA
3161403,A517,36.55,MG
2110906,A377,23.71,MA
1507409,A202,22.69,PA
4216206,A851,19.64,SC
4318309,A832,1.35,RS
2929255,A424,12.57,BA
1303809,A134,2.64,AM
3204708,A623,39.05,ES
5007695,A732,3.5,MS
3161502,A510,18.32,MG
3161601,A532,32.62,MG
3161650,A540,42.15,MG
3304904,A627,6.01,RJ
3161700,A528,41.36,MG
2412005,A304,14.01,RN
2209757,A364,17.87,PI
3161809,A564,21.32,MG
2209807,A362,9.26,PI
3125507,A537,37.65,MG
3162005,A515,41.06,MG
2929305,A413,26.35,BA
4318408,B812,9.61,RS
4124707,A842,38.22,PR
4124806,A843,39.47,PR
2613206,A322,14.6,PE
2111003,S108,28.89,MA
4216305,A868,37.26,SC
3162203,A516,17.94,MG
1400506,S113,18.56,RR
3305000,A607,32.08,RJ
3549102,A738,35.88,SP
2209856,A343,29.63,PI
2209872,A368,36.77,PI
3162302,A567,27.53,MG
5220058,A027,16.76,GO
1507466,A202,49.37,PA
2209906,A361,45.75,PI
4318424,B861,24.09,RS
2209955,A354,28.72,PI
3549201,A733,33.48,SP
3162450,A539,23.69,MG
3549250,A729,42.36,SP
3305109,A621,7.33,RJ
1507474,A215,26.52,PA
3162500,A514,2.75,MG
1507508,A240,28.62,PA
2209971,A338,24.92,PI
4124905,A850,30.33,PR
2514008,A348,29.6,PB
4216354,A868,36.65,SC
2312502,A332,23.03,CE
3162559,A556,14.77,MG
3162575,A540,19.65,MG
4216255,A857,35.67,SC
3162609,A554,44.24,MG
2111052,A224,45.3,MA
3549300,A762,24.4,SP
2210003,A331,1.15,PI
4318432,B854,3.89,RS
2500700,A333,19.57,PB
2412104,A316,30.32,RN
4216404,A808,16.71,SC
2514107,A334,36.0,PB
4125100,A874,18.51,PR
3162807,A533,32.49,MG
3162906,A557,26.31,MG
4216503,A815,1.81,SC
3549409,A753,26.14,SP
3162922,A535,23.4,MG
2613305,A341,26.13,PE
4318440,B858,26.67,RS
4125209,A843,17.55,PR
4125308,A835,36.88,PR
4125357,A752,46.49,PR
4216602,A806,2.05,SC
3162948,A516,33.51,MG
3549508,A708,27.07,SP
2514206,A333,19.94,PB
2708303,A322,49.84,AL
3162955,A521,20.8,MG
2708402,A323,21.93,AL
3163102,A535,25.17,MG
2929354,A437,35.15,BA
4318457,A856,24.83,RS
4125456,A820,33.97,PR
2514305,A373,19.18,PB
2514404,A321,27.22,PB
2412203,A304,26.95,RN
2514503,A333,37.82,PB
2514552,A350,33.16,PB
2111201,A203,17.25,MA
3305133,A604,24.63,RJ
3163201,A531,15.75,MG
3549607,A609,25.13,SP
2613503,A370,43.45,PE
2514602,A321,9.63,PB
2514651,A316,41.72,PB
3204807,A617,35.74,ES
2412302,A367,36.55,RN
4216701,A848,23.31,SC
4216800,A865,28.23,SC
2210052,A338,46.08,PI
2613602,A321,43.34,PE
3163409,A511,39.56,MG
4318465,B860,24.25,RS
4318481,B816,23.07,RS
4318499,A810,34.75,RS
4318507,A802,14.54,RS
4318606,B861,1.0,RS
2210201,A343,23.42,PI
5107297,A907,35.37,MT
5107305,A903,5.07,MT
3549706,A738,28.31,SP
2514701,A316,45.71,PB
2412401,A316,23.45,RN
4318614,B814,24.19,RS
3305158,A625,29.02,RJ
4318622,A829,0.97,RS
3549904,A509,39.94,SP
4125506,A807,9.6,PR
5107107,A961,10.62,MT
2514453,A310,49.0,PB
4318705,B809,6.64,RS
3163706,A529,32.36,MG
2613701,A301,8.26,PE
3549953,A771,30.38,SP
4216909,A816,5.64,SC
2210359,A345,22.15,PI
4318804,B831,4.13,RS
4217006,A814,27.6,SC
2111300,A203,7.77,MA
5220108,A027,49.4,GO
2312601,A359,43.94,CE
2210375,A343,29.58,PI
2708501,A356,3.46,AL
2111409,A220,21.38,MA
1400605,S113,33.58,RR
5220157,A015,26.24,GO
3550001,A740,10.86,SP
4318903,A852,0.87,RS
2514909,A321,26.15,PB
4125555,A869,29.5,PR
3550100,A741,29.06,SP
4319000,B817,13.85,RS
4217105,A845,48.49,SC
4319109,A805,23.73,RS
4319125,A803,24.57,RS
3204906,A616,5.08,ES
2111508,A220,42.62,MA
4125605,A874,3.88,PR
2412500,A358,36.18,RN
3550209,A715,1.52,SP
4217154,A857,28.37,SC
2929404,A434,17.65,BA
4319158,B844,41.42,RS
2515005,A320,40.48,PB
2807006,A453,20.37,SE
3163805,A510,16.45,MG
2412559,A344,16.89,RN
1507607,A248,48.7,PA
4125704,A846,37.18,PR
4217204,A857,6.92,SC
5220264,A037,42.34,GO
2210409,A361,27.22,PI
1720200,A225,12.71,TO
2708600,A355,43.66,AL
2708709,A356,20.95,AL
4319208,B837,32.66,RS
3550308,A701,4.53,SP
4319307,B837,25.78,RS
2412609,A367,46.67,RN
2412708,A304,47.47,RN
3550407,A726,34.05,SP
2111532,A214,40.24,MA
3305208,A606,16.91,RJ
4319356,A840,28.41,RS
3163904,A516,42.95,MG
4319364,A856,17.89,RS
4217253,A806,18.65,SC
4319372,A852,33.28,RS
4125753,A820,47.98,PR
4125902,A849,39.91,PR
2210508,A362,1.08,PI
4319406,B852,11.72,RS
3550506,A716,30.19,SP
3164001,A556,37.1,MG
2412807,A372,29.24,RN
2111631,A221,47.79,MA
2210607,A345,2.31,PI
3164209,A547,5.23,MG
3550605,A755,27.15,SP
3164308,A565,44.28,MG
3204955,A613,28.54,ES
1720259,A010,42.01,TO
3550704,A767,2.12,SP
2708808,A353,15.48,AL
4126009,A842,19.66,PR
3164407,A531,42.94,MG
3550803,A738,27.62,SP
2515104,A313,13.44,PB
3305307,A630,12.66,RJ
3164472,A554,30.08,MG
4319505,B814,19.82,RS
3164506,A541,46.38,MG
3164605,A564,17.82,MG
3164704,A561,13.57,MG
2929503,A456,32.92,BA
3164902,A529,19.79,MG
1720309,A044,43.67,TO
1303957,A124,13.07,AM
2515203,A334,31.23,PB
4319604,A812,43.3,RS
3550902,A770,3.16,SP
5220405,A011,9.56,GO
3165206,A515,46.65,MG
3165008,A514,34.81,MG
3165107,A561,14.67,MG
4126108,A869,39.97,PR
2412906,A367,29.94,RN
4319703,A828,24.15,RS
4319711,B859,15.3,RS
1720499,A018,33.93,TO
4319737,A805,15.99,RS
4319752,B818,26.36,RS
3551009,A765,27.88,SP
4319802,A889,1.93,RS
2613800,A328,44.19,PE
2111706,S108,21.76,MA
2515302,A320,41.95,PB
2929602,A406,11.27,BA
5107875,A911,34.99,MT
4319901,A884,7.09,RS
4126207,A871,43.3,PR
3165404,A706,13.79,MG
1507755,A247,32.81,PA
3305406,A625,32.42,RJ
4320008,B809,1.9,RS
3305505,A667,12.02,RJ
4126256,A835,7.22,PR
4320107,A856,38.88,RS
3551108,A715,33.08,SP
3165503,A532,40.97,MG
3551207,A716,48.17,SP
3165537,A555,13.96,MG
2929701,A441,47.43,BA
2708907,A303,6.09,AL
2929750,A456,29.94,BA
4126272,B804,41.77,PR
4217303,A895,40.1,SC
2929800,A440,29.65,BA
2929909,A425,44.46,BA
4217501,A858,26.13,SC
3551306,A729,28.01,SP
2210623,A415,38.51,PI
2930006,A543,40.62,BA
2210631,A346,34.43,PI
4320206,A854,10.07,RS
4320230,A805,28.78,RS
4320263,B840,6.24,RS
4320305,A883,16.05,RS
5007802,S717,1.79,MS
3165578,A509,33.46,MG
5220454,A002,15.55,GO
3165602,A629,38.53,MG
2413102,A367,42.32,RN
3165701,A510,29.06,MG
2413201,A304,36.66,RN
1200450,A104,25.69,AC
3165800,A530,34.43,MG
2111763,A225,21.86,MA
2312700,A325,46.24,CE
2708956,A323,31.2,AL
2312809,A306,45.91,CE
4320321,A810,21.93,RS
2930105,A428,4.55,BA
3166006,A510,49.59,MG
3166105,A533,18.47,MG
3166204,A502,28.92,MG
4320354,B811,14.92,RS
2930204,A423,25.3,BA
4320404,A894,6.34,RS
3166303,A556,39.13,MG
4320453,B860,38.07,RS
3305554,A601,3.21,RJ
3205002,A612,16.66,ES
4217550,A816,39.98,SC
3551405,A770,17.21,SP
2515500,A348,41.85,PB
2410306,A367,37.46,RN
2515609,A352,36.13,PB
3166600,A536,21.49,MG
2413300,A367,41.49,RN
2413359,A372,43.19,RN
2930154,A418,40.46,BA
3166808,A523,32.88,MG
3166709,A522,1.39,MG
2515708,A373,27.5,PB
3551603,A739,24.47,SP
2413409,A316,40.83,RN
5107883,A943,11.61,MT
2930402,A413,39.71,BA
2515807,A310,23.72,PB
2613909,A350,3.14,PE
3551504,A770,28.6,SP
3166907,A567,18.23,MG
2111789,A219,35.14,MA
5220504,A016,49.64,GO
3166956,A563,45.37,MG
4126355,A855,48.73,PR
2515906,A310,20.36,PB
2930501,A441,1.59,BA
2614006,A370,25.52,PE
3167103,A533,50.0,MG
2930600,A440,29.02,BA
4126405,A842,49.51,PR
2614105,A334,25.0,PE
4320503,A839,30.91,RS
4320552,B811,7.26,RS
3551702,A747,26.46,SP
2515930,A352,39.44,PB
3551801,A766,17.99,SP
4320578,B844,24.39,RS
3167202,A569,7.13,MG
5007703,A751,1.64,MS
3165552,A541,27.08,MG
4320602,A828,30.6,RS
2413607,A340,22.91,RN
3551900,A736,36.02,SP
4217600,A814,13.33,SC
5007901,A754,5.73,MS
2210656,A376,46.29,PI
3305604,A659,2.37,RJ
5220603,A037,2.43,GO
1720655,A052,31.38,TO
4320651,A803,15.25,RS
3167301,A557,43.12,MG
3552007,A769,15.98,SP
1304005,A121,43.74,AM
3167400,A567,40.06,MG
2807105,A419,32.63,SE
3167509,A625,18.18,MG
2930709,A456,10.36,BA
5220686,A017,43.63,GO
3167608,A556,23.13,MG
4320677,A813,40.07,RS
5107909,A917,14.9,MT
4126603,A821,23.46,PR
2807204,A451,40.04,SE
2930758,A418,20.22,BA
2930766,A450,33.34,BA
2413706,A367,18.38,RN
1720804,A225,20.38,TO
2930774,A307,32.67,BA
4320701,B840,2.98,RS
2515971,A320,42.46,PB
2312908,A306,6.56,CE
3167707,A532,46.77,MG
3552106,A739,34.76,SP
2516003,A310,25.62,PB
2516102,A348,48.09,PB
4320800,A837,4.28,RS
3167806,A529,38.84,MG
2313005,A358,47.17,CE
4217709,A867,23.62,SC
5007935,A761,7.3,MS
3205010,A614,18.84,ES
3552205,A713,16.35,SP
5107925,A904,1.4,MT
1507904,A227,1.62,PA
2516201,A333,12.93,PB
1720853,A019,29.02,TO
2111904,A222,49.73,MA
4217758,A816,38.26,SC
4126652,A843,36.62,PR
3552403,A726,38.24,SP
2516300,A334,37.03,PB
3305703,A629,14.48,RJ
2614501,A328,4.68,PE
2210938,A343,4.87,PI
3552551,S717,45.1,SP
3552502,A701,31.95,SP
4320859,B815,21.68,RS
5107941,A952,27.82,MT
3552601,A736,27.55,SP
3552700,A737,18.54,SP
1304062,S105,1.06,AM
3552809,A755,14.73,SP
2413805,A340,40.76,RN
3167905,A557,20.54,MG
2313104,A332,31.2,CE
2614709,A341,30.35,PE
3552908,A707,32.13,SP
5007950,A751,36.81,MS
3553104,A764,22.08,SP
4217808,A861,25.32,SC
3168002,A551,24.48,MG
2413904,A304,48.28,RN
3553203,A764,19.47,SP
3553302,A738,21.92,SP
4126702,A869,49.84,PR
2210953,A365,32.95,PI
3553401,A729,40.45,SP
2414001,A367,25.42,RN
4217907,A841,31.79,SC
5107958,A902,7.28,MT
3305752,A667,18.31,RJ
2931004,A433,49.25,BA
2709004,A327,23.77,AL
2210979,A354,44.33,PI
2931103,A413,29.35,BA
4126801,A869,41.83,PR
4320909,A839,42.59,RS
4321006,A883,24.63,RS
2931202,A444,21.14,BA
4321105,B811,31.85,RS
4126900,A869,14.62,PR
3168101,A505,36.89,MG
3168200,A565,15.35,MG
3553609,A738,48.47,SP
4321204,B819,15.21,RS
3168309,A521,37.85,MG
3553658,A764,15.25,SP
2709103,A353,22.47,AL
4321303,B815,3.66,RS
3553708,A747,41.71,SP
2615003,A328,28.35,PE
3553856,A714,20.56,SP
4321329,A854,4.06,RS
5007976,S713,47.2,MS
3553906,A707,25.64,SP
1200609,A138,47.2,AC
3554003,A713,27.95,SP
2313302,A324,3.91,CE
3554102,A728,5.25,SP
4321352,A878,17.72,RS
2516607,A373,45.4,PB
1304203,S117,1.08,AM
2516706,A321,15.87,PB
3168507,A510,11.86,MG
4127106,A872,41.57,PR
2414100,A333,44.36,RN
4321402,B845,20.81,RS
2931400,A413,37.8,BA
3554300,A850,14.7,SP
2931509,A441,20.53,BA
3168606,A527,3.77,MG
2931608,A444,47.34,BA
2709152,A355,24.56,AL
5008008,A702,14.85,MS
2211001,A312,6.37,PI
5221080,A024,48.08,GO
3305802,A618,3.77,RJ
2615102,A322,21.85,PE
5221197,A002,31.41,GO
1507961,A202,30.62,PA
4321436,B832,13.76,RS
2931707,A413,43.05,BA
2615201,A329,32.16,PE
4127304,A849,28.97,PR
4127403,A820,42.56,PR
3554409,A764,23.07,SP
5108105,A932,36.47,MT
4321451,A882,1.84,RS
2313401,A368,2.2,CE
4127502,A872,33.52,PR
2411056,A318,14.42,RN
2414209,A352,41.51,RN
3554508,A713,37.59,SP
4217956,A857,37.37,SC
4218004,A868,34.15,SC
2414308,A316,20.97,RN
4218103,A829,22.84,SC
4218202,A817,9.9,SC
4218251,A864,38.33,SC
3554607,A716,33.04,SP
2112209,A312,7.82,MA
3168705,A511,2.7,MG
4321469,A837,32.43,RS
3168804,A514,7.94,MG
4321477,B845,11.51,RS
2807402,A417,24.57,SE
1721208,A224,36.57,TO
3169000,A557,48.45,MG
3169109,A744,27.87,MG
4127700,A820,35.24,PR
2807501,A417,11.99,SE
4127809,A871,23.48,PR
3169208,A517,42.66,MG
1508001,A213,31.47,PA
2615409,A328,35.38,PE
5108204,A013,46.98,MT
4321493,B852,27.73,RS
4321501,A808,1.88,RS
3554706,A741,39.85,SP
2414407,A344,5.43,RN
3554755,A711,46.88,SP
1508035,A226,13.57,PA
2615508,A301,41.41,PE
2709202,A353,45.99,AL
1508050,A231,33.44,PA
2313500,A359,42.85,CE
3305901,A630,13.77,RJ
4321600,A834,2.93,RS
4321626,B860,21.49,RS
3554805,A728,9.79,SP
4321634,A828,23.63,RS
4218301,A874,30.43,SC
4127858,A843,32.43,PR
4321667,B841,12.62,RS
3169307,A515,21.11,MG
4321709,A879,16.91,RS
4321808,A810,22.6,RS
4321832,B832,17.98,RS
3554904,A733,31.79,SP
5008305,A704,1.73,MS
3169356,A528,22.44,MG
4321857,B846,29.12,RS
4321907,B845,9.85,RS
3169406,A515,24.53,MG
5221304,A034,27.32,GO
3306008,A625,2.28,RJ
4218350,A814,14.69,SC
4218400,A814,15.69,SC
4218509,A841,23.77,SC
5221403,A002,29.04,GO
2615607,A366,22.74,PE
4321956,B846,21.73,RS
4322004,B812,8.88,RS
2516805,A333,43.24,PB
2615706,A350,25.58,PE
2414456,A372,49.07,RN
2112233,A220,37.66,MA
5221452,A005,46.25,GO
4218608,A863,19.28,SC
4218707,A866,24.6,SC
2931905,A458,39.29,BA
1508084,A234,2.31,PA
4322103,A810,21.23,RS
1508100,A229,6.35,PA
2112274,A255,45.07,MA
3554953,A744,22.43,SP
3169505,A532,38.17,MG
4218756,A857,23.84,SC
4322152,B838,25.15,RS
4127882,B806,39.48,PR
4127908,A825,39.55,PR
3555000,A768,3.05,SP
2615805,A309,47.24,PE
4322186,B861,17.52,RS
4322202,A886,1.78,RS
4322251,B814,31.34,RS
4322301,A810,10.22,RS
2615904,A334,38.94,PE
3555109,A762,8.7,SP
1721257,A020,1.26,TO
2112407,A219,0.85,MA
3555208,A735,25.58,SP
3555307,A733,17.71,SP
4322327,B831,17.4,RS
2313559,A359,20.85,CE
5221502,A027,49.59,GO
4218806,A867,18.03,SC
3169802,A567,26.94,MG
2932002,A435,1.77,BA
3169901,A510,40.49,MG
3170008,A547,37.79,MG
2932101,A434,29.61,BA
2932200,A410,42.38,BA
2313609,A368,16.97,CE
3170057,A554,11.67,MG
3555356,A735,22.59,SP
2932309,A445,18.92,BA
3555406,A740,40.97,SP
3170107,A568,4.83,MG
3170206,A507,2.06,MG
3555505,A763,45.04,SP
4128005,B803,19.16,PR
4322343,A810,31.38,RS
3555604,A736,39.84,SP
2932408,A424,29.56,BA
2516904,A333,37.38,PB
1508126,S111,6.01,PA
2313708,A333,48.23,CE
2414506,A340,39.55,RN
2807600,A417,18.83,SE
2932457,A443,33.52,BA
2517001,A328,22.18,PB
2313757,A359,34.34,CE
2932507,A437,1.6,BA
3170404,A542,21.79,MG
4322350,A894,17.28,RS
4128203,A875,32.67,PR
4218855,A816,39.54,SC
3555703,A735,22.24,SP
4128302,A835,42.19,PR
4322376,A833,30.87,RS
2414605,A372,44.78,RN
4128401,A842,32.56,PR
2932606,A543,23.44,BA
3555802,A733,10.39,SP
3555901,A727,48.37,SP
4218905,A845,16.6,SC
2313807,A359,17.71,CE
3170503,A510,47.51,MG
1304302,A124,0.76,AM
2932705,A410,13.15,BA
2211209,A346,32.47,PI
1304401,A121,37.0,AM
4322400,A809,8.75,RS
4218954,A815,36.08,SC
3556008,A736,47.57,SP
4219002,A814,1.81,SC
5221809,A033,19.93,GO
4322509,A880,5.8,RS
5108352,A937,18.26,MT
4322533,B840,38.79,RS
4322541,B818,22.79,RS
4322525,A813,21.2,RS
2932903,A444,6.36,BA
3306107,A611,12.75,RJ
2211308,A363,2.61,PI
3556107,A729,12.96,SP
3556206,A744,48.31,SP
3556305,A734,12.4,SP
5221858,A012,21.75,GO
4322558,B858,15.6,RS
4219101,A858,25.57,SC
4219150,A898,26.38,SC
3556354,A744,13.54,SP
3170578,A554,22.47,MG
3205036,A615,28.94,ES
4219176,A841,25.56,SC
3170651,A551,38.56,MG
3556404,A738,19.84,SP
3556453,A755,17.67,SP
3170701,A515,3.54,MG
5221908,A029,44.11,GO
3170750,A562,46.14,MG
3306156,A617,44.24,RJ
2414704,A352,35.57,RN
2517100,A316,34.33,PB
2314003,A319,43.04,CE
2211357,A345,37.22,PI
3170800,A545,39.27,MG
2933109,A440,39.4,BA
2211407,A354,48.58,PI
5108402,A901,8.78,MT
3556503,A755,34.82,SP
2933174,A434,24.83,BA
3170909,A559,45.77,MG
3306206,A611,6.0,RJ
4322608,A813,33.98,RS
3205069,A633,8.64,ES
2414753,A358,48.57,RN
4128534,A872,4.73,PR
2616001,A309,25.66,PE
5108501,A951,42.03,MT
2414803,A304,33.47,RN
2933208,A401,13.04,BA
4322707,A813,21.4,RS
3556602,A763,14.97,SP
4322806,A840,25.99,RS
2616100,A370,20.5,PE
3171030,A563,41.56,MG
4128609,A843,27.47,PR
3171071,A541,49.85,MG
3171105,A568,36.96,MG
3171154,A556,26.34,MG
2616183,A328,10.27,PE
2616209,A328,20.66,PE
3171204,A521,22.26,MG
4322855,B859,9.8,RS
4322905,A828,29.65,RS
4323002,B824,9.44,RS
3205101,A634,13.23,ES
5222005,A037,12.81,GO
4323101,A854,26.25,RS
5008404,S708,16.37,MS
5222054,A029,45.47,GO
2414902,A340,42.15,RN
2709400,A327,41.79,AL
3171303,A510,1.3,MG
2314102,A368,20.42,CE
4323200,B842,27.42,RS
4219200,A863,28.59,SC
4219309,A859,26.9,SC
3171402,A517,29.98,MG
2517209,A333,37.08,PB
1508209,A227,44.49,PA
5105507,A922,10.38,MT
2415008,A352,28.7,RN
4323309,A840,33.91,RS
4323358,A839,28.78,RS
4323408,B858,17.79,RS
4323457,A832,41.73,RS
2112852,A214,40.43,MA
3205150,A623,24.93,ES
5222302,A022,28.48,GO
3205176,A623,33.42,ES
3205200,A612,8.11,ES
1100304,S104,0.06,RO
3556701,A744,47.66,SP
3556800,A764,20.3,SP
3171600,A566,33.09,MG
3171709,A529,15.85,MG
3171808,A533,25.62,MG
4128658,B804,20.35,PR
3172004,A510,27.97,MG
4323507,A854,6.86,RS
3556909,A736,22.37,SP
4323606,A894,13.41,RS
4323705,B845,28.42,RS
4219358,A861,31.7,SC
3205309,A612,5.02,ES
3556958,A733,11.72,SP
2933307,A414,5.37,BA
4323754,B844,23.96,RS
2616407,A301,38.04,PE
4128708,A816,16.7,PR
3172103,A629,20.16,MG
3306305,A626,16.01,RJ
3557006,A713,19.94,SP
3557105,A729,2.59,SP
2933406,A425,38.71,BA
2211704,A354,39.13,PI
1722081,A021,38.57,TO
3172202,A531,24.75,MG
4128500,A871,39.99,PR
4323770,A882,6.24,RS
4219408,A861,34.8,SC
4128807,A824,41.32,PR
4323804,B832,14.63,RS
4219507,A858,7.13,SC
1200708,A140,48.9,AC
4219606,A858,15.25,SC
4219705,A858,14.01,SC
2616506,A357,16.41,PE
1508407,A247,2.37,PA
2517407,A334,20.63,PB
3557154,A735,14.53,SP
2114007,A255,0.48,MA
4219853,A841,31.47,SC
5101837,A948,36.94,MT
