ibge_municipio,semanas,semanas_completas,cobertura
3100104,262,258,0.9847328244274809
3100203,262,252,0.9618320610687023
3100302,262,245,0.9351145038167938
3100401,262,255,0.9732824427480916
3100500,262,257,0.9809160305343512
3100609,262,214,0.816793893129771
3100708,262,261,0.9961832061068703
3100807,262,249,0.950381679389313
3100906,262,228,0.8702290076335878
3101003,262,237,0.9045801526717557
3101102,262,202,0.7709923664122137
3101201,262,152,0.5801526717557252
3101300,262,152,0.5801526717557252
3101409,262,162,0.6183206106870229
3101508,262,234,0.8931297709923665
3101607,262,259,0.9885496183206107
3101631,262,214,0.816793893129771
3101706,262,242,0.9236641221374046
3101805,262,260,0.9923664122137404
3101904,262,256,0.9770992366412213
3102001,262,259,0.9885496183206107
3102050,262,245,0.9351145038167938
3102100,262,214,0.816793893129771
3102209,262,239,0.9122137404580153
3102308,262,255,0.9732824427480916
3102407,262,257,0.9809160305343512
3102506,262,255,0.9732824427480916
3102605,262,206,0.7862595419847328
3102704,262,237,0.9045801526717557
3102803,262,248,0.9465648854961832
3102852,262,214,0.816793893129771
3102902,262,214,0.816793893129771
3103009,262,255,0.9732824427480916
3103108,262,245,0.9351145038167938
3103207,262,247,0.9427480916030534
3103306,262,247,0.9427480916030534
3103405,262,261,0.9961832061068703
3103504,262,257,0.9809160305343512
3103603,262,258,0.9847328244274809
3103702,262,255,0.9732824427480916
3103751,262,261,0.9961832061068703
3103801,262,247,0.9427480916030534
3103900,262,258,0.9847328244274809
3104007,262,234,0.8931297709923665
3104106,262,154,0.5877862595419847
3104205,262,249,0.950381679389313
3104304,262,259,0.9885496183206107
3104403,262,234,0.8931297709923665
3104452,262,214,0.816793893129771
3104502,262,180,0.6870229007633588
3104601,262,247,0.9427480916030534
3104700,262,252,0.9618320610687023
3104809,262,260,0.9923664122137404
3104908,262,253,0.9656488549618321
3105004,262,247,0.9427480916030534
3105103,262,261,0.9961832061068703
3105202,262,242,0.9236641221374046
3105301,262,206,0.7862595419847328
3105400,262,0,0.0
3105509,262,245,0.9351145038167938
3105608,262,214,0.816793893129771
3105707,262,255,0.9732824427480916
3105905,262,214,0.816793893129771
3106002,262,255,0.9732824427480916
3106101,262,259,0.9885496183206107
3106200,262,0,0.0
3106309,262,255,0.9732824427480916
3106408,262,252,0.9618320610687023
3106507,262,261,0.9961832061068703
3106606,262,255,0.9732824427480916
3106655,262,237,0.9045801526717557
3106705,262,255,0.9732824427480916
3106804,262,214,0.816793893129771
3106903,262,247,0.9427480916030534
3107000,262,261,0.9961832061068703
3107109,262,206,0.7862595419847328
3107208,262,258,0.9847328244274809
3107307,262,224,0.8549618320610687
3107406,262,252,0.9618320610687023
3107505,262,258,0.9847328244274809
3107604,262,256,0.9770992366412213
3107703,262,261,0.9961832061068703
3107802,262,239,0.9122137404580153
3107901,262,232,0.8854961832061069
3108008,262,261,0.9961832061068703
3108107,262,255,0.9732824427480916
3108206,262,223,0.851145038167939
3108255,262,260,0.9923664122137404
3108305,262,206,0.7862595419847328
3108404,262,206,0.7862595419847328
3108503,262,224,0.8549618320610687
3108552,262,249,0.950381679389313
3108602,262,223,0.851145038167939
3108701,262,255,0.9732824427480916
3108800,262,257,0.9809160305343512
3108909,262,243,0.9274809160305344
3109006,262,255,0.9732824427480916
3109105,262,162,0.6183206106870229
3109204,262,260,0.9923664122137404
3109253,262,239,0.9122137404580153
3109303,262,180,0.6870229007633588
3109402,262,260,0.9923664122137404
3109451,262,261,0.9961832061068703
3109501,262,206,0.7862595419847328
3109600,262,247,0.9427480916030534
3109709,262,243,0.9274809160305344
3109808,262,261,0.9961832061068703
3109907,262,247,0.9427480916030534
3110004,262,0,0.0
3110103,262,224,0.8549618320610687
3110202,262,255,0.9732824427480916
3110301,262,206,0.7862595419847328
3110400,262,261,0.9961832061068703
3110509,262,232,0.8854961832061069
3110608,262,232,0.8854961832061069
3110707,262,206,0.7862595419847328
3110806,262,252,0.9618320610687023
3110905,262,206,0.7862595419847328
3111002,262,206,0.7862595419847328
3111101,262,261,0.9961832061068703
3111150,262,223,0.851145038167939
3111200,262,261,0.9961832061068703
3111309,262,259,0.9885496183206107
3111408,262,261,0.9961832061068703
3111507,262,261,0.9961832061068703
3111606,262,206,0.7862595419847328
3111705,262,255,0.9732824427480916
3111804,262,261,0.9961832061068703
3111903,262,261,0.9961832061068703
3112000,262,249,0.950381679389313
3112059,262,257,0.9809160305343512
3112109,262,245,0.9351145038167938
3112208,262,214,0.816793893129771
3112307,262,214,0.816793893129771
3112406,262,186,0.7099236641221374
3112505,262,247,0.9427480916030534
3112604,262,177,0.6755725190839694
3112653,262,260,0.9923664122137404
3112703,262,224,0.8549618320610687
3112802,262,256,0.9770992366412213
3112901,262,245,0.9351145038167938
3113008,262,261,0.9961832061068703
3113107,262,252,0.9618320610687023
3113206,262,214,0.816793893129771
3113305,262,245,0.9351145038167938
3113404,262,239,0.9122137404580153
3113503,262,214,0.816793893129771
3113602,262,243,0.9274809160305344
3113701,262,255,0.9732824427480916
3113800,262,257,0.9809160305343512
3113909,262,206,0.7862595419847328
3114006,262,261,0.9961832061068703
3114105,262,243,0.9274809160305344
3114204,262,258,0.9847328244274809
3114303,262,247,0.9427480916030534
3114402,262,256,0.9770992366412213
3114501,262,261,0.9961832061068703
3114550,262,165,0.6297709923664122
3114600,262,248,0.9465648854961832
3114709,262,259,0.9885496183206107
3114808,262,152,0.5801526717557252
3114907,262,252,0.9618320610687023
3115003,262,258,0.9847328244274809
3115102,262,256,0.9770992366412213
3115201,262,248,0.9465648854961832
3115300,262,245,0.9351145038167938
3115359,262,261,0.9961832061068703
3115409,262,252,0.9618320610687023
3115458,262,252,0.9618320610687023
3115474,262,47,0.17938931297709923
3115508,262,253,0.9656488549618321
3115607,262,252,0.9618320610687023
3115706,262,260,0.9923664122137404
3115805,262,261,0.9961832061068703
3115904,262,247,0.9427480916030534
3116001,262,245,0.9351145038167938
3116100,262,261,0.9961832061068703
3116159,262,247,0.9427480916030534
3116209,262,255,0.9732824427480916
3116308,262,255,0.9732824427480916
3116407,262,245,0.9351145038167938
3116506,262,224,0.8549618320610687
3116605,262,261,0.9961832061068703
3116704,262,255,0.9732824427480916
3116803,262,257,0.9809160305343512
3116902,262,261,0.9961832061068703
3117009,262,228,0.8702290076335878
3117108,262,256,0.9770992366412213
3117207,262,243,0.9274809160305344
3117306,262,261,0.9961832061068703
3117405,262,239,0.9122137404580153
3117504,262,257,0.9809160305343512
3117603,262,258,0.9847328244274809
3117702,262,206,0.7862595419847328
3117801,262,192,0.732824427480916
3117836,262,260,0.9923664122137404
3117876,262,247,0.9427480916030534
3117900,262,206,0.7862595419847328
3118007,262,252,0.9618320610687023
3118106,262,260,0.9923664122137404
3118205,262,223,0.851145038167939
3118304,262,252,0.9618320610687023
3118403,262,202,0.7709923664122137
3118502,262,232,0.8854961832061069
3118601,262,261,0.9961832061068703
3118700,262,206,0.7862595419847328
3118809,262,224,0.8549618320610687
3118908,262,247,0.9427480916030534
3119005,262,259,0.9885496183206107
3119104,262,259,0.9885496183206107
3119203,262,260,0.9923664122137404
3119302,262,258,0.9847328244274809
3119401,262,255,0.9732824427480916
3119500,262,261,0.9961832061068703
3119609,262,247,0.9427480916030534
3119708,262,248,0.9465648854961832
3119807,262,261,0.9961832061068703
3119906,262,232,0.8854961832061069
3119955,262,249,0.950381679389313
3120003,262,239,0.9122137404580153
3120102,262,260,0.9923664122137404
3120151,262,255,0.9732824427480916
3120201,262,249,0.950381679389313
3120300,262,254,0.9694656488549618
3120409,262,252,0.9618320610687023
3120508,262,243,0.9274809160305344
3120607,262,255,0.9732824427480916
3120706,262,258,0.9847328244274809
3120805,262,152,0.5801526717557252
3120839,262,260,0.9923664122137404
3120870,262,237,0.9045801526717557
3120904,262,259,0.9885496183206107
3121001,262,260,0.9923664122137404
3121100,262,243,0.9274809160305344
3121209,262,256,0.9770992366412213
3121258,262,257,0.9809160305343512
3121308,262,247,0.9427480916030534
3121407,262,248,0.9465648854961832
3121506,262,214,0.816793893129771
3121605,262,260,0.9923664122137404
3121704,262,255,0.9732824427480916
3121803,262,255,0.9732824427480916
3121902,262,255,0.9732824427480916
3122009,262,245,0.9351145038167938
3122108,262,260,0.9923664122137404
3122207,262,257,0.9809160305343512
3122306,262,258,0.9847328244274809
3122355,262,237,0.9045801526717557
3122405,262,259,0.9885496183206107
3122454,262,237,0.9045801526717557
3122470,262,260,0.9923664122137404
3122504,262,239,0.9122137404580153
3122603,262,257,0.9809160305343512
3122702,262,255,0.9732824427480916
3122801,262,243,0.9274809160305344
3122900,262,245,0.9351145038167938
3123007,262,248,0.9465648854961832
3123106,262,257,0.9809160305343512
3123205,262,252,0.9618320610687023
3123304,262,255,0.9732824427480916
3123403,262,261,0.9961832061068703
3123502,262,258,0.9847328244274809
3123528,262,245,0.9351145038167938
3123601,262,206,0.7862595419847328
3123700,262,260,0.9923664122137404
3123809,262,224,0.8549618320610687
3123858,262,239,0.9122137404580153
3123908,262,252,0.9618320610687023
3124005,262,255,0.9732824427480916
3124104,262,249,0.950381679389313
3124203,262,224,0.8549618320610687
3124302,262,47,0.17938931297709923
3124401,262,259,0.9885496183206107
3124500,262,232,0.8854961832061069
3124609,262,234,0.8931297709923665
3124708,262,252,0.9618320610687023
3124807,262,257,0.9809160305343512
3124906,262,245,0.9351145038167938
3125002,262,247,0.9427480916030534
3125101,262,246,0.9389312977099237
3125200,262,259,0.9885496183206107
3125309,262,245,0.9351145038167938
3125408,262,260,0.9923664122137404
3125507,262,260,0.9923664122137404
3125606,262,242,0.9236641221374046
3125705,262,259,0.9885496183206107
3125804,262,260,0.9923664122137404
3125903,262,257,0.9809160305343512
3125952,262,245,0.9351145038167938
3126000,262,249,0.950381679389313
3126109,262,249,0.950381679389313
3126208,262,180,0.6870229007633588
3126307,262,256,0.9770992366412213
3126406,262,247,0.9427480916030534
3126505,262,261,0.9961832061068703
3126604,262,260,0.9923664122137404
3126703,262,224,0.8549618320610687
3126752,262,214,0.816793893129771
3126802,262,252,0.9618320610687023
3126901,262,260,0.9923664122137404
3126950,262,214,0.816793893129771
3127008,262,201,0.767175572519084
3127057,262,228,0.8702290076335878
3127073,262,254,0.9694656488549618
3127107,262,201,0.767175572519084
3127206,262,247,0.9427480916030534
3127305,262,260,0.9923664122137404
3127339,262,47,0.17938931297709923
3127354,262,224,0.8549618320610687
3127370,262,260,0.9923664122137404
3127388,262,247,0.9427480916030534
3127404,262,192,0.732824427480916
3127503,262,257,0.9809160305343512
3127602,262,260,0.9923664122137404
3127701,262,260,0.9923664122137404
3127800,262,254,0.9694656488549618
3127909,262,258,0.9847328244274809
3128006,262,257,0.9809160305343512
3128105,262,249,0.950381679389313
3128204,262,255,0.9732824427480916
3128253,262,224,0.8549618320610687
3128303,262,186,0.7099236641221374
3128402,262,247,0.9427480916030534
3128501,262,247,0.9427480916030534
3128600,262,186,0.7099236641221374
3128709,262,186,0.7099236641221374
3128808,262,245,0.9351145038167938
3128907,262,258,0.9847328244274809
3129004,262,255,0.9732824427480916
3129103,262,177,0.6755725190839694
3129202,262,243,0.9274809160305344
3129301,262,239,0.9122137404580153
3129400,262,214,0.816793893129771
3129509,262,234,0.8931297709923665
3129608,262,260,0.9923664122137404
3129657,262,260,0.9923664122137404
3129707,262,245,0.9351145038167938
3129806,262,255,0.9732824427480916
3129905,262,206,0.7862595419847328
3130002,262,261,0.9961832061068703
3130051,262,223,0.851145038167939
3130101,262,249,0.950381679389313
3130200,262,258,0.9847328244274809
3130309,262,261,0.9961832061068703
3130408,262,261,0.9961832061068703
3130507,262,249,0.950381679389313
3130556,262,239,0.9122137404580153
3130606,262,206,0.7862595419847328
3130655,262,249,0.950381679389313
3130705,262,257,0.9809160305343512
3130804,262,206,0.7862595419847328
3130903,262,239,0.9122137404580153
3131000,262,247,0.9427480916030534
3131109,262,259,0.9885496183206107
3131158,262,255,0.9732824427480916
3131208,262,239,0.9122137404580153
3131307,262,255,0.9732824427480916
3131406,262,177,0.6755725190839694
3131505,262,206,0.7862595419847328
3131604,262,258,0.9847328244274809
3131703,262,255,0.9732824427480916
3131802,262,260,0.9923664122137404
3131901,262,255,0.9732824427480916
3132008,262,224,0.8549618320610687
3132107,262,253,0.9656488549618321
3132206,262,258,0.9847328244274809
3132305,262,252,0.9618320610687023
3132404,262,243,0.9274809160305344
3132503,262,214,0.816793893129771
3132602,262,247,0.9427480916030534
3132701,262,252,0.9618320610687023
3132800,262,255,0.9732824427480916
3132909,262,186,0.7099236641221374
3133006,262,253,0.9656488549618321
3133105,262,253,0.9656488549618321
3133204,262,260,0.9923664122137404
3133303,262,228,0.8702290076335878
3133402,262,261,0.9961832061068703
3133501,262,249,0.950381679389313
3133600,262,232,0.8854961832061069
3133709,262,249,0.950381679389313
3133758,262,256,0.9770992366412213
3133808,262,249,0.950381679389313
3133907,262,252,0.9618320610687023
3134004,262,228,0.8702290076335878
3134103,262,202,0.7709923664122137
3134202,262,177,0.6755725190839694
3134301,262,206,0.7862595419847328
3134400,262,233,0.8893129770992366
3134509,262,248,0.9465648854961832
3134608,262,247,0.9427480916030534
3134707,262,242,0.9236641221374046
3134806,262,256,0.9770992366412213
3134905,262,162,0.6183206106870229
3135001,262,255,0.9732824427480916
3135050,262,253,0.9656488549618321
3135076,262,260,0.9923664122137404
3135100,262,261,0.9961832061068703
3135209,262,260,0.9923664122137404
3135308,262,249,0.950381679389313
3135357,262,260,0.9923664122137404
3135407,262,252,0.9618320610687023
3135456,262,261,0.9961832061068703
3135506,262,255,0.9732824427480916
3135605,262,260,0.9923664122137404
3135704,262,247,0.9427480916030534
3135803,262,242,0.9236641221374046
3135902,262,243,0.9274809160305344
3136009,262,228,0.8702290076335878
3136108,262,255,0.9732824427480916
3136207,262,255,0.9732824427480916
3136306,262,249,0.950381679389313
3136405,262,260,0.9923664122137404
3136504,262,242,0.9236641221374046
3136520,262,261,0.9961832061068703
3136553,262,214,0.816793893129771
3136579,262,254,0.9694656488549618
3136603,262,261,0.9961832061068703
3136652,262,249,0.950381679389313
3136702,262,259,0.9885496183206107
3136801,262,224,0.8549618320610687
3136900,262,256,0.9770992366412213
3136959,262,198,0.7557251908396947
3137007,262,252,0.9618320610687023
3137106,262,247,0.9427480916030534
3137205,262,249,0.950381679389313
3137304,262,260,0.9923664122137404
3137403,262,248,0.9465648854961832
3137502,262,247,0.9427480916030534
3137536,262,249,0.950381679389313
3137601,262,261,0.9961832061068703
3137700,262,244,0.9312977099236641
3137809,262,243,0.9274809160305344
3137908,262,252,0.9618320610687023
3138005,262,245,0.9351145038167938
3138104,262,260,0.9923664122137404
3138203,262,206,0.7862595419847328
3138302,262,258,0.9847328244274809
3138351,262,261,0.9961832061068703
3138401,262,234,0.8931297709923665
3138500,262,258,0.9847328244274809
3138609,262,259,0.9885496183206107
3138625,262,165,0.6297709923664122
3138658,262,260,0.9923664122137404
3138674,262,245,0.9351145038167938
3138682,262,223,0.851145038167939
3138708,262,206,0.7862595419847328
3138807,262,252,0.9618320610687023
3138906,262,255,0.9732824427480916
3139003,262,259,0.9885496183206107
3139102,262,248,0.9465648854961832
3139201,262,214,0.816793893129771
3139250,262,47,0.17938931297709923
3139300,262,253,0.9656488549618321
3139409,262,245,0.9351145038167938
3139508,262,245,0.9351145038167938
3139607,262,260,0.9923664122137404
3139706,262,112,0.42748091603053434
3139805,262,255,0.9732824427480916
3139904,262,243,0.9274809160305344
3140001,262,252,0.9618320610687023
3140100,262,260,0.9923664122137404
3140159,262,255,0.9732824427480916
3140209,262,247,0.9427480916030534
3140308,262,255,0.9732824427480916
3140407,262,253,0.9656488549618321
3140506,262,112,0.42748091603053434
3140530,262,245,0.9351145038167938
3140555,262,242,0.9236641221374046
3140605,262,257,0.9809160305343512
3140704,262,249,0.950381679389313
3140803,262,259,0.9885496183206107
3140852,262,253,0.9656488549618321
3140902,262,245,0.9351145038167938
3141009,262,47,0.17938931297709923
3141108,262,247,0.9427480916030534
3141207,262,252,0.9618320610687023
3141306,262,261,0.9961832061068703
3141405,262,228,0.8702290076335878
3141504,262,260,0.9923664122137404
3141603,262,247,0.9427480916030534
3141702,262,255,0.9732824427480916
3141801,262,214,0.816793893129771
3141900,262,248,0.9465648854961832
3142007,262,224,0.8549618320610687
3142106,262,245,0.9351145038167938
3142205,262,245,0.9351145038167938
3142254,262,198,0.7557251908396947
3142304,262,255,0.9732824427480916
3142403,262,252,0.9618320610687023
3142502,262,260,0.9923664122137404
3142601,262,206,0.7862595419847328
3142700,262,198,0.7557251908396947
3142809,262,261,0.9961832061068703
3142908,262,47,0.17938931297709923
3143005,262,259,0.9885496183206107
3143104,262,258,0.9847328244274809
3143153,262,228,0.8702290076335878
3143203,262,186,0.7099236641221374
3143302,262,224,0.8549618320610687
3143401,262,162,0.6183206106870229
3143450,262,47,0.17938931297709923
3143500,262,261,0.9961832061068703
3143609,262,259,0.9885496183206107
3143708,262,257,0.9809160305343512
3143807,262,246,0.9389312977099237
3143906,262,245,0.9351145038167938
3144003,262,210,0.8015267175572519
3144102,262,206,0.7862595419847328
3144201,262,260,0.9923664122137404
3144300,262,255,0.9732824427480916
3144359,262,255,0.9732824427480916
3144375,262,260,0.9923664122137404
3144409,262,243,0.9274809160305344
3144508,262,248,0.9465648854961832
3144607,262,206,0.7862595419847328
3144656,262,237,0.9045801526717557
3144672,262,260,0.9923664122137404
3144706,262,255,0.9732824427480916
3144805,262,261,0.9961832061068703
3144904,262,252,0.9618320610687023
3145000,262,257,0.9809160305343512
3145059,262,261,0.9961832061068703
3145109,262,256,0.9770992366412213
3145208,262,258,0.9847328244274809
3145307,262,214,0.816793893129771
3145356,262,252,0.9618320610687023
3145372,262,254,0.9694656488549618
3145406,262,259,0.9885496183206107
3145455,262,224,0.8549618320610687
3145505,262,243,0.9274809160305344
3145604,262,261,0.9961832061068703
3145703,262,247,0.9427480916030534
3145802,262,249,0.950381679389313
3145851,262,255,0.9732824427480916
3145877,262,245,0.9351145038167938
3145901,262,252,0.9618320610687023
3146008,262,206,0.7862595419847328
3146107,262,252,0.9618320610687023
3146206,262,252,0.9618320610687023
3146255,262,254,0.9694656488549618
3146305,262,228,0.8702290076335878
3146404,262,252,0.9618320610687023
3146503,262,249,0.950381679389313
3146552,262,261,0.9961832061068703
3146602,262,247,0.9427480916030534
3146701,262,245,0.9351145038167938
3146750,262,242,0.9236641221374046
3146909,262,112,0.42748091603053434
3147006,262,230,0.8778625954198473
3147105,262,249,0.950381679389313
3147204,262,259,0.9885496183206107
3147303,262,192,0.732824427480916
3147402,262,247,0.9427480916030534
3147501,262,255,0.9732824427480916
3147600,262,253,0.9656488549618321
3147709,262,261,0.9961832061068703
3147808,262,258,0.9847328244274809
3147907,262,256,0.9770992366412213
3147956,262,224,0.8549618320610687
3148004,262,247,0.9427480916030534
3148103,262,258,0.9847328244274809
3148202,262,245,0.9351145038167938
3148301,262,255,0.9732824427480916
3148400,262,257,0.9809160305343512
3148509,262,252,0.9618320610687023
3148608,262,257,0.9809160305343512
3148707,262,237,0.9045801526717557
3148756,262,245,0.9351145038167938
3148806,262,255,0.9732824427480916
3148905,262,249,0.950381679389313
3149002,262,245,0.9351145038167938
3149101,262,243,0.9274809160305344
3149150,262,260,0.9923664122137404
3149200,262,258,0.9847328244274809
3149309,262,247,0.9427480916030534
3149408,262,259,0.9885496183206107
3149507,262,259,0.9885496183206107
3149606,262,249,0.950381679389313
3149705,262,258,0.9847328244274809
3149804,262,234,0.8931297709923665
3149903,262,261,0.9961832061068703
3149952,262,260,0.9923664122137404
3150000,262,252,0.9618320610687023
3150109,262,247,0.9427480916030534
3150158,262,239,0.9122137404580153
3150208,262,245,0.9351145038167938
3150307,262,248,0.9465648854961832
3150406,262,252,0.9618320610687023
3150505,262,249,0.950381679389313
3150539,262,255,0.9732824427480916
3150570,262,223,0.851145038167939
3150604,262,261,0.9961832061068703
3150703,262,261,0.9961832061068703
3150802,262,255,0.9732824427480916
3150901,262,243,0.9274809160305344
3151008,262,243,0.9274809160305344
3151107,262,231,0.8816793893129771
3151206,262,260,0.9923664122137404
3151305,262,247,0.9427480916030534
3151404,262,112,0.42748091603053434
3151503,262,261,0.9961832061068703
3151602,262,201,0.767175572519084
3151701,262,259,0.9885496183206107
3151800,262,206,0.7862595419847328
3151909,262,239,0.9122137404580153
3152006,262,112,0.42748091603053434
3152105,262,255,0.9732824427480916
3152131,262,223,0.851145038167939
3152170,262,228,0.8702290076335878
3152204,262,261,0.9961832061068703
3152303,262,255,0.9732824427480916
3152402,262,252,0.9618320610687023
3152501,262,206,0.7862595419847328
3152600,262,253,0.9656488549618321
3152709,262,248,0.9465648854961832
3152808,262,261,0.9961832061068703
3152907,262,256,0.9770992366412213
3153004,262,261,0.9961832061068703
3153103,262,255,0.9732824427480916
3153202,262,259,0.9885496183206107
3153301,262,260,0.9923664122137404
3153400,262,247,0.9427480916030534
3153509,262,245,0.9351145038167938
3153608,262,247,0.9427480916030534
3153707,262,252,0.9618320610687023
3153806,262,252,0.9618320610687023
3153905,262,0,0.0
3154002,262,245,0.9351145038167938
3154101,262,234,0.8931297709923665
3154150,262,245,0.9351145038167938
3154200,262,248,0.9465648854961832
3154309,262,202,0.7709923664122137
3154408,262,214,0.816793893129771
3154457,262,180,0.6870229007633588
3154507,262,261,0.9961832061068703
3154606,262,261,0.9961832061068703
3154705,262,206,0.7862595419847328
3154804,262,261,0.9961832061068703
3154903,262,245,0.9351145038167938
3155009,262,255,0.9732824427480916
3155108,262,242,0.9236641221374046
3155207,262,252,0.9618320610687023
3155306,262,255,0.9732824427480916
3155405,262,247,0.9427480916030534
3155504,262,252,0.9618320610687023
3155603,262,249,0.950381679389313
3155702,262,255,0.9732824427480916
3155801,262,247,0.9427480916030534
3155900,262,205,0.7824427480916031
3156007,262,257,0.9809160305343512
3156106,262,248,0.9465648854961832
3156205,262,247,0.9427480916030534
3156304,262,255,0.9732824427480916
3156403,262,258,0.9847328244274809
3156452,262,245,0.9351145038167938
3156502,262,254,0.9694656488549618
3156601,262,242,0.9236641221374046
3156700,262,0,0.0
3156809,262,257,0.9809160305343512
3156908,262,223,0.851145038167939
3157005,262,254,0.9694656488549618
3157104,262,121,0.4618320610687023
3157203,262,0,0.0
3157252,262,239,0.9122137404580153
3157278,262,259,0.9885496183206107
3157302,262,214,0.816793893129771
3157336,262,248,0.9465648854961832
3157377,262,237,0.9045801526717557
3157401,262,255,0.9732824427480916
3157500,262,260,0.9923664122137404
3157609,262,223,0.851145038167939
3157658,262,242,0.9236641221374046
3157708,262,257,0.9809160305343512
3157807,262,261,0.9961832061068703
3157906,262,245,0.9351145038167938
3158003,262,255,0.9732824427480916
3158102,262,242,0.9236641221374046
3158201,262,214,0.816793893129771
3158300,262,206,0.7862595419847328
3158409,262,245,0.9351145038167938
3158508,262,259,0.9885496183206107
3158607,262,255,0.9732824427480916
3158706,262,214,0.816793893129771
3158805,262,261,0.9961832061068703
3158904,262,245,0.9351145038167938
3158953,262,255,0.9732824427480916
3159001,262,247,0.9427480916030534
3159100,262,252,0.9618320610687023
3159209,262,206,0.7862595419847328
3159308,262,205,0.7824427480916031
3159357,262,239,0.9122137404580153
3159407,262,214,0.816793893129771
3159506,262,202,0.7709923664122137
3159605,262,243,0.9274809160305344
3159704,262,252,0.9618320610687023
3159803,262,257,0.9809160305343512
3159902,262,261,0.9961832061068703
3160009,262,234,0.8931297709923665
3160108,262,245,0.9351145038167938
3160207,262,260,0.9923664122137404
3160306,262,242,0.9236641221374046
3160405,262,249,0.950381679389313
3160454,262,249,0.950381679389313
3160504,262,257,0.9809160305343512
3160603,262,259,0.9885496183206107
3160702,262,247,0.9427480916030534
3160801,262,206,0.7862595419847328
3160900,262,252,0.9618320610687023
3160959,262,239,0.9122137404580153
3161007,262,255,0.9732824427480916
3161056,262,260,0.9923664122137404
3161106,262,223,0.851145038167939
3161205,262,261,0.9961832061068703
3161304,262,261,0.9961832061068703
3161403,262,245,0.9351145038167938
3161502,262,255,0.9732824427480916
3161601,262,260,0.9923664122137404
3161650,262,260,0.9923664122137404
3161700,262,261,0.9961832061068703
3161809,262,258,0.9847328244274809
3161908,262,0,0.0
3162005,262,206,0.7862595419847328
3162104,262,252,0.9618320610687023
3162203,262,256,0.9770992366412213
3162252,262,224,0.8549618320610687
3162302,262,259,0.9885496183206107
3162401,262,260,0.9923664122137404
3162450,262,253,0.9656488549618321
3162500,262,248,0.9465648854961832
3162559,262,245,0.9351145038167938
3162575,262,260,0.9923664122137404
3162609,262,239,0.9122137404580153
3162658,262,223,0.851145038167939
3162708,262,249,0.950381679389313
3162807,262,257,0.9809160305343512
3162906,262,247,0.9427480916030534
3162922,262,249,0.950381679389313
3162948,262,256,0.9770992366412213
3162955,262,261,0.9961832061068703
3163003,262,260,0.9923664122137404
3163102,262,249,0.950381679389313
3163201,262,243,0.9274809160305344
3163300,262,260,0.9923664122137404
3163409,262,255,0.9732824427480916
3163508,262,257,0.9809160305343512
3163607,262,239,0.9122137404580153
3163706,262,253,0.9656488549618321
3163805,262,255,0.9732824427480916
3163904,262,256,0.9770992366412213
3164001,262,245,0.9351145038167938
3164100,262,257,0.9809160305343512
3164209,262,223,0.851145038167939
3164308,262,261,0.9961832061068703
3164407,262,243,0.9274809160305344
3164431,262,0,0.0
3164472,262,239,0.9122137404580153
3164506,262,214,0.816793893129771
3164605,262,258,0.9847328244274809
3164704,262,186,0.7099236641221374
3164803,262,257,0.9809160305343512
3164902,262,253,0.9656488549618321
3165008,262,248,0.9465648854961832
3165107,262,186,0.7099236641221374
3165206,262,206,0.7862595419847328
3165305,262,248,0.9465648854961832
3165404,262,192,0.732824427480916
3165503,262,260,0.9923664122137404
3165537,262,255,0.9732824427480916
3165552,262,214,0.816793893129771
3165560,262,255,0.9732824427480916
3165578,262,232,0.8854961832061069
3165602,262,234,0.8931297709923665
3165701,262,255,0.9732824427480916
3165800,262,206,0.7862595419847328
3165909,262,260,0.9923664122137404
3166006,262,255,0.9732824427480916
3166105,262,257,0.9809160305343512
3166204,262,214,0.816793893129771
3166303,262,245,0.9351145038167938
3166402,262,152,0.5801526717557252
3166501,262,260,0.9923664122137404
3166600,262,252,0.9618320610687023
3166709,262,255,0.9732824427480916
3166808,262,258,0.9847328244274809
3166907,262,259,0.9885496183206107
3166956,262,261,0.9961832061068703
3167004,262,152,0.5801526717557252
3167103,262,257,0.9809160305343512
3167202,262,247,0.9427480916030534
3167301,262,247,0.9427480916030534
3167400,262,259,0.9885496183206107
3167509,262,255,0.9732824427480916
3167608,262,245,0.9351145038167938
3167707,262,260,0.9923664122137404
3167806,262,253,0.9656488549618321
3167905,262,247,0.9427480916030534
3168002,262,249,0.950381679389313
3168051,262,239,0.9122137404580153
3168101,262,234,0.8931297709923665
3168200,262,261,0.9961832061068703
3168309,262,261,0.9961832061068703
3168408,262,260,0.9923664122137404
3168507,262,255,0.9732824427480916
3168606,262,252,0.9618320610687023
3168705,262,255,0.9732824427480916
3168804,262,248,0.9465648854961832
3168903,262,252,0.9618320610687023
3169000,262,247,0.9427480916030534
3169059,262,232,0.8854961832061069
3169109,262,246,0.9389312977099237
3169208,262,245,0.9351145038167938
3169307,262,206,0.7862595419847328
3169356,262,261,0.9961832061068703
3169406,262,206,0.7862595419847328
3169505,262,260,0.9923664122137404
3169604,262,261,0.9961832061068703
3169703,262,214,0.816793893129771
3169802,262,259,0.9885496183206107
3169901,262,255,0.9732824427480916
3170008,262,223,0.851145038167939
3170057,262,239,0.9122137404580153
3170107,262,257,0.9809160305343512
3170206,262,257,0.9809160305343512
3170305,262,255,0.9732824427480916
3170404,262,260,0.9923664122137404
3170438,262,257,0.9809160305343512
3170479,262,180,0.6870229007633588
3170503,262,255,0.9732824427480916
3170529,262,223,0.851145038167939
3170578,262,239,0.9122137404580153
3170602,262,261,0.9961832061068703
3170651,262,249,0.950381679389313
3170701,262,206,0.7862595419847328
3170750,262,247,0.9427480916030534
3170800,262,260,0.9923664122137404
3170909,262,260,0.9923664122137404
3171006,262,186,0.7099236641221374
3171030,262,261,0.9961832061068703
3171071,262,214,0.816793893129771
3171105,262,257,0.9809160305343512
3171154,262,245,0.9351145038167938
3171204,262,261,0.9961832061068703
3171303,262,255,0.9732824427480916
3171402,262,245,0.9351145038167938
3171501,262,260,0.9923664122137404
3171600,262,261,0.9961832061068703
3171709,262,253,0.9656488549618321
3171808,262,257,0.9809160305343512
3171907,262,260,0.9923664122137404
3172004,262,255,0.9732824427480916
3172103,262,234,0.8931297709923665
3172202,262,243,0.9274809160305344
3200102,262,210,0.8015267175572519
3200136,262,260,0.9923664122137404
3200169,262,260,0.9923664122137404
3200201,262,224,0.8549618320610687
3200300,262,179,0.683206106870229
3200359,262,260,0.9923664122137404
3200409,262,179,0.683206106870229
3200508,262,224,0.8549618320610687
3200607,263,156,0.5931558935361216
3200706,262,246,0.9389312977099237
3200805,263,203,0.7718631178707225
3200904,263,261,0.9923954372623575
3201001,262,196,0.7480916030534351
3201100,262,224,0.8549618320610687
3201159,262,210,0.8015267175572519
3201209,263,247,0.9391634980988594
3201308,263,258,0.9809885931558935
3201407,262,244,0.9312977099236641
3201506,262,261,0.9961832061068703
3201605,262,231,0.8816793893129771
3201704,262,244,0.9312977099236641
3201803,262,224,0.8549618320610687
3201902,262,249,0.950381679389313
3202009,262,224,0.8549618320610687
3202108,262,258,0.9847328244274809
3202207,263,156,0.5931558935361216
3202256,262,261,0.9961832061068703
3202306,262,224,0.8549618320610687
3202405,262,179,0.683206106870229
3202454,262,244,0.9312977099236641
3202504,262,156,0.5954198473282443
3202553,262,224,0.8549618320610687
3202603,262,179,0.683206106870229
3202652,262,224,0.8549618320610687
3202702,262,156,0.5954198473282443
3202801,262,246,0.9389312977099237
3202900,264,156,0.5909090909090909
3203007,262,244,0.9312977099236641
3203056,263,231,0.8783269961977186
3203106,262,224,0.8549618320610687
3203130,263,156,0.5931558935361216
3203163,262,210,0.8015267175572519
3203205,270,269,0.9962962962962963
3203304,262,260,0.9923664122137404
3203320,262,246,0.9389312977099237
3203346,262,179,0.683206106870229
3203353,262,261,0.9961832061068703
3203403,262,246,0.9389312977099237
3203502,262,255,0.9732824427480916
3203601,262,258,0.9847328244274809
3203700,262,244,0.9312977099236641
3203809,262,224,0.8549618320610687
3203908,262,196,0.7480916030534351
3204005,262,261,0.9961832061068703
3204054,262,231,0.8816793893129771
3204104,262,196,0.7480916030534351
3204203,262,179,0.683206106870229
3204252,262,258,0.9847328244274809
3204302,262,246,0.9389312977099237
3204351,262,261,0.9961832061068703
3204401,262,246,0.9389312977099237
3204500,262,156,0.5954198473282443
3204559,262,156,0.5954198473282443
3204609,262,156,0.5954198473282443
3204658,262,261,0.9961832061068703
3204708,262,196,0.7480916030534351
3204807,262,224,0.8549618320610687
3204906,264,232,0.8787878787878788
3204955,262,156,0.5954198473282443
3205002,265,260,0.9811320754716981
3205010,262,261,0.9961832061068703
3205036,262,179,0.683206106870229
3205069,262,244,0.9312977099236641
3205101,262,249,0.950381679389313
3205150,262,196,0.7480916030534351
3205176,262,196,0.7480916030534351
3205200,264,259,0.9810606060606061
3205309,265,260,0.9811320754716981
3300100,262,226,0.8625954198473282
3300159,262,231,0.8816793893129771
3300209,262,261,0.9961832061068703
3300225,262,255,0.9732824427480916
3300233,262,247,0.9427480916030534
3300258,262,247,0.9427480916030534
3300308,262,205,0.7824427480916031
3300407,262,261,0.9961832061068703
3300456,262,261,0.9961832061068703
3300506,262,234,0.8931297709923665
3300605,262,224,0.8549618320610687
3300704,262,247,0.9427480916030534
3300803,262,249,0.950381679389313
3300902,262,231,0.8816793893129771
3300936,262,256,0.9770992366412213
3300951,262,255,0.9732824427480916
3301009,262,261,0.9961832061068703
3301108,262,234,0.8931297709923665
3301157,262,231,0.8816793893129771
3301207,262,234,0.8931297709923665
3301306,262,261,0.9961832061068703
3301405,262,255,0.9732824427480916
3301504,262,234,0.8931297709923665
3301603,262,234,0.8931297709923665
3301702,262,261,0.9961832061068703
3301801,262,205,0.7824427480916031
3301850,262,261,0.9961832061068703
3301876,262,247,0.9427480916030534
3301900,262,259,0.9885496183206107
3302007,262,249,0.950381679389313
3302056,262,231,0.8816793893129771
3302106,262,231,0.8816793893129771
3302205,262,231,0.8816793893129771
3302254,262,258,0.9847328244274809
3302270,262,249,0.950381679389313
3302304,262,245,0.9351145038167938
3302403,262,256,0.9770992366412213
3302452,262,255,0.9732824427480916
3302502,262,259,0.9885496183206107
3302601,262,226,0.8625954198473282
3302700,262,257,0.9809160305343512
3302809,262,205,0.7824427480916031
3302858,262,261,0.9961832061068703
3302908,262,61,0.23282442748091603
3303005,262,231,0.8816793893129771
3303104,262,245,0.9351145038167938
3303203,262,261,0.9961832061068703
3303302,262,259,0.9885496183206107
3303401,262,249,0.950381679389313
3303500,262,261,0.9961832061068703
3303609,262,249,0.950381679389313
3303708,262,255,0.9732824427480916
3303807,262,228,0.8702290076335878
3303856,262,61,0.23282442748091603
3303906,262,167,0.6374045801526718
3303955,262,261,0.9961832061068703
3304003,262,261,0.9961832061068703
3304102,262,245,0.9351145038167938
3304110,262,258,0.9847328244274809
3304128,262,258,0.9847328244274809
3304144,262,249,0.950381679389313
3304151,262,248,0.9465648854961832
3304201,262,258,0.9847328244274809
3304300,262,257,0.9809160305343512
3304409,262,261,0.9961832061068703
3304508,262,205,0.7824427480916031
3304524,262,256,0.9770992366412213
3304557,262,250,0.9541984732824428
3304607,262,255,0.9732824427480916
3304706,262,231,0.8816793893129771
3304755,262,261,0.9961832061068703
3304805,262,231,0.8816793893129771
3304904,262,259,0.9885496183206107
3305000,262,261,0.9961832061068703
3305109,262,261,0.9961832061068703
3305133,262,231,0.8816793893129771
3305158,262,255,0.9732824427480916
3305208,262,247,0.9427480916030534
3305307,262,255,0.9732824427480916
3305406,262,255,0.9732824427480916
3305505,262,257,0.9809160305343512
3305554,262,249,0.950381679389313
3305604,262,261,0.9961832061068703
3305703,262,234,0.8931297709923665
3305752,262,257,0.9809160305343512
3305802,262,261,0.9961832061068703
3305901,262,255,0.9732824427480916
3306008,262,255,0.9732824427480916
3306107,262,205,0.7824427480916031
3306156,262,224,0.8549618320610687
3306206,262,205,0.7824427480916031
3306305,262,261,0.9961832061068703
3500105,262,235,0.8969465648854962
3500204,262,169,0.6450381679389313
3500303,262,154,0.5877862595419847
3500402,262,206,0.7862595419847328
3500501,262,162,0.6183206106870229
3500550,262,177,0.6755725190839694
3500600,262,176,0.6717557251908397
3500709,262,261,0.9961832061068703
3500758,262,239,0.9122137404580153
3500808,262,255,0.9732824427480916
3500907,262,201,0.767175572519084
3501004,262,186,0.7099236641221374
3501103,262,179,0.683206106870229
3501152,262,239,0.9122137404580153
3501202,262,113,0.4312977099236641
3501301,262,255,0.9732824427480916
3501400,262,252,0.9618320610687023
3501509,262,252,0.9618320610687023
3501608,262,176,0.6717557251908397
3501707,262,259,0.9885496183206107
3501806,262,113,0.4312977099236641
3501905,262,162,0.6183206106870229
3502002,262,259,0.9885496183206107
3502101,262,111,0.42366412213740456
3502200,262,198,0.7557251908396947
3502309,262,176,0.6717557251908397
3502408,262,255,0.9732824427480916
3502507,262,190,0.7251908396946565
3502606,262,233,0.8893129770992366
3502705,262,250,0.9541984732824428
3502754,262,176,0.6717557251908397
3502804,262,235,0.8969465648854962
3502903,262,239,0.9122137404580153
3503000,262,200,0.7633587786259542
3503109,262,177,0.6755725190839694
3503158,262,258,0.9847328244274809
3503208,262,259,0.9885496183206107
3503307,262,176,0.6717557251908397
3503356,262,261,0.9961832061068703
3503406,262,138,0.5267175572519084
3503505,262,152,0.5801526717557252
3503604,262,163,0.6221374045801527
3503703,262,214,0.816793893129771
3503802,262,162,0.6183206106870229
3503901,262,261,0.9961832061068703
3503950,262,233,0.8893129770992366
3504008,262,198,0.7557251908396947
3504107,262,246,0.9389312977099237
3504206,262,233,0.8893129770992366
3504305,262,261,0.9961832061068703
3504404,262,179,0.683206106870229
3504503,262,177,0.6755725190839694
3504602,262,169,0.6450381679389313
3504701,262,179,0.683206106870229
3504800,262,169,0.6450381679389313
3504909,262,258,0.9847328244274809
3505005,262,261,0.9961832061068703
3505104,262,169,0.6450381679389313
3505203,262,138,0.5267175572519084
3505302,262,163,0.6221374045801527
3505351,262,250,0.9541984732824428
3505401,262,135,0.5152671755725191
3505500,262,201,0.767175572519084
3505609,262,235,0.8969465648854962
3505708,262,176,0.6717557251908397
3505807,262,261,0.9961832061068703
3505906,262,245,0.9351145038167938
3506003,262,261,0.9961832061068703
3506102,262,141,0.5381679389312977
3506201,262,235,0.8969465648854962
3506300,262,119,0.4541984732824427
3506359,262,195,0.7442748091603053
3506409,262,235,0.8969465648854962
3506508,262,169,0.6450381679389313
3506607,262,195,0.7442748091603053
3506706,262,138,0.5267175572519084
3506805,262,163,0.6221374045801527
3506904,262,177,0.6755725190839694
3507001,262,239,0.9122137404580153
3507100,262,246,0.9389312977099237
3507159,262,250,0.9541984732824428
3507209,262,261,0.9961832061068703
3507308,262,261,0.9961832061068703
3507407,262,138,0.5267175572519084
3507456,262,261,0.9961832061068703
3507506,262,163,0.6221374045801527
3507605,262,246,0.9389312977099237
3507704,262,261,0.9961832061068703
3507753,262,169,0.6450381679389313
3507803,262,245,0.9351145038167938
3507902,262,259,0.9885496183206107
3508009,262,250,0.9541984732824428
3508108,262,169,0.6450381679389313
3508207,262,200,0.7633587786259542
3508306,262,261,0.9961832061068703
3508405,262,176,0.6717557251908397
3508504,262,218,0.8320610687022901
3508603,262,190,0.7251908396946565
3508702,262,206,0.7862595419847328
3508801,262,179,0.683206106870229
3508900,262,255,0.9732824427480916
3509007,262,261,0.9961832061068703
3509106,262,167,0.6374045801526718
3509205,262,176,0.6717557251908397
3509254,262,213,0.8129770992366412
3509304,262,214,0.816793893129771
3509403,262,236,0.9007633587786259
3509452,262,198,0.7557251908396947
3509502,262,246,0.9389312977099237
3509601,262,176,0.6717557251908397
3509700,262,192,0.732824427480916
3509809,262,252,0.9618320610687023
3509908,262,135,0.5152671755725191
3509957,262,190,0.7251908396946565
3510005,262,119,0.4541984732824427
3510104,262,214,0.816793893129771
3510153,262,119,0.4541984732824427
3510203,262,198,0.7557251908396947
3510302,262,239,0.9122137404580153
3510401,262,176,0.6717557251908397
3510500,262,96,0.366412213740458
3510609,262,176,0.6717557251908397
3510708,262,113,0.4312977099236641
3510807,262,154,0.5877862595419847
3510906,262,186,0.7099236641221374
3511003,262,111,0.42366412213740456
3511102,262,214,0.816793893129771
3511201,262,214,0.816793893129771
3511300,262,214,0.816793893129771
3511409,262,177,0.6755725190839694
3511508,262,239,0.9122137404580153
3511607,262,239,0.9122137404580153
3511706,262,176,0.6717557251908397
3511904,262,261,0.9961832061068703
3512001,262,201,0.767175572519084
3512100,262,201,0.767175572519084
3512209,262,162,0.6183206106870229
3512308,262,176,0.6717557251908397
3512407,262,176,0.6717557251908397
3512506,262,169,0.6450381679389313
3512605,262,250,0.9541984732824428
3512704,262,259,0.9885496183206107
3512803,262,176,0.6717557251908397
3512902,262,113,0.4312977099236641
3513009,262,176,0.6717557251908397
3513108,262,236,0.9007633587786259
3513207,262,245,0.9351145038167938
3513306,262,198,0.7557251908396947
3513405,262,190,0.7251908396946565
3513504,262,195,0.7442748091603053
3513603,262,228,0.8702290076335878
3513702,262,259,0.9885496183206107
3513801,262,259,0.9885496183206107
3513850,262,233,0.8893129770992366
3513900,262,154,0.5877862595419847
3514007,262,235,0.8969465648854962
3514106,262,163,0.6221374045801527
3514205,262,233,0.8893129770992366
3514304,262,259,0.9885496183206107
3514403,262,218,0.8320610687022901
3514502,262,261,0.9961832061068703
3514601,262,235,0.8969465648854962
3514700,262,252,0.9618320610687023
3514809,262,213,0.8129770992366412
3514908,262,176,0.6717557251908397
3514924,262,214,0.816793893129771
3514957,262,214,0.816793893129771
3515004,262,176,0.6717557251908397
3515103,262,259,0.9885496183206107
3515129,262,255,0.9732824427480916
3515152,262,162,0.6183206106870229
3515186,262,162,0.6183206106870229
3515194,262,119,0.4541984732824427
3515202,262,233,0.8893129770992366
3515301,262,255,0.9732824427480916
3515350,262,196,0.7480916030534351
3515400,262,261,0.9961832061068703
3515509,262,113,0.4312977099236641
3515608,262,214,0.816793893129771
3515657,262,252,0.9618320610687023
3515707,262,261,0.9961832061068703
3515806,262,218,0.8320610687022901
3515905,262,113,0.4312977099236641
3516002,262,235,0.8969465648854962
3516101,262,135,0.5152671755725191
3516200,262,245,0.9351145038167938
3516309,262,261,0.9961832061068703
3516408,262,261,0.9961832061068703
3516507,262,261,0.9961832061068703
3516606,262,252,0.9618320610687023
3516705,262,252,0.9618320610687023
3516804,262,169,0.6450381679389313
3516853,262,138,0.5267175572519084
3516903,262,113,0.4312977099236641
3517000,262,179,0.683206106870229
3517109,262,169,0.6450381679389313
3517208,262,179,0.683206106870229
3517307,262,179,0.683206106870229
3517406,262,201,0.767175572519084
3517505,262,214,0.816793893129771
3517604,262,250,0.9541984732824428
3517703,262,200,0.7633587786259542
3517802,262,235,0.8969465648854962
3517901,262,201,0.767175572519084
3518008,262,233,0.8893129770992366
3518107,262,179,0.683206106870229
3518206,262,235,0.8969465648854962
3518305,262,195,0.7442748091603053
3518404,262,190,0.7251908396946565
3518503,262,198,0.7557251908396947
3518602,262,235,0.8969465648854962
3518701,262,195,0.7442748091603053
3518800,262,261,0.9961832061068703
3518859,262,235,0.8969465648854962
3518909,262,233,0.8893129770992366
3519006,262,261,0.9961832061068703
3519055,262,162,0.6183206106870229
3519071,262,176,0.6717557251908397
3519105,262,138,0.5267175572519084
3519204,262,261,0.9961832061068703
3519253,262,177,0.6755725190839694
3519303,262,259,0.9885496183206107
3519402,262,214,0.816793893129771
3519501,262,119,0.4541984732824427
3519600,262,138,0.5267175572519084
3519709,262,176,0.6717557251908397
3519808,262,201,0.767175572519084
3519907,262,198,0.7557251908396947
3520004,262,163,0.6221374045801527
3520103,262,200,0.7633587786259542
3520202,262,232,0.8854961832061069
3520301,262,232,0.8854961832061069
3520400,262,96,0.366412213740458
3520426,262,232,0.8854961832061069
3520442,262,66,0.25190839694656486
3520509,262,239,0.9122137404580153
3520608,262,255,0.9732824427480916
3520707,262,233,0.8893129770992366
3520806,262,235,0.8969465648854962
3520905,262,119,0.4541984732824427
3521002,262,239,0.9122137404580153
3521101,262,176,0.6717557251908397
3521150,262,113,0.4312977099236641
3521200,262,135,0.5152671755725191
3521309,262,200,0.7633587786259542
3521408,262,176,0.6717557251908397
3521507,262,179,0.683206106870229
3521606,262,218,0.8320610687022901
3521705,262,250,0.9541984732824428
3521804,262,177,0.6755725190839694
3521903,262,214,0.816793893129771
3522000,262,138,0.5267175572519084
3522109,262,259,0.9885496183206107
3522158,262,135,0.5152671755725191
3522208,262,259,0.9885496183206107
3522307,262,198,0.7557251908396947
3522406,262,250,0.9541984732824428
3522505,262,176,0.6717557251908397
3522604,262,162,0.6183206106870229
3522653,262,250,0.9541984732824428
3522703,262,138,0.5267175572519084
3522802,262,261,0.9961832061068703
3522901,262,163,0.6221374045801527
3523008,262,111,0.42366412213740456
3523107,262,261,0.9961832061068703
3523206,262,250,0.9541984732824428
3523305,262,232,0.8854961832061069
3523404,262,246,0.9389312977099237
3523503,262,177,0.6755725190839694
3523602,262,259,0.9885496183206107
3523701,262,245,0.9351145038167938
3523800,262,154,0.5877862595419847
3523909,262,239,0.9122137404580153
3524006,262,176,0.6717557251908397
3524105,262,200,0.7633587786259542
3524204,262,201,0.767175572519084
3524303,262,235,0.8969465648854962
3524402,262,232,0.8854961832061069
3524501,262,169,0.6450381679389313
3524600,262,213,0.8129770992366412
3524709,262,162,0.6183206106870229
3524808,262,233,0.8893129770992366
3524907,262,138,0.5267175572519084
3525003,262,176,0.6717557251908397
3525102,262,235,0.8969465648854962
3525201,262,246,0.9389312977099237
3525300,262,163,0.6221374045801527
3525409,262,200,0.7633587786259542
3525508,262,232,0.8854961832061069
3525607,262,198,0.7557251908396947
3525706,262,169,0.6450381679389313
3525805,262,252,0.9618320610687023
3525854,262,239,0.9122137404580153
3525904,262,176,0.6717557251908397
3526001,262,218,0.8320610687022901
3526100,262,213,0.8129770992366412
3526209,262,259,0.9885496183206107
3526308,262,138,0.5267175572519084
3526407,262,176,0.6717557251908397
3526506,262,235,0.8969465648854962
3526605,262,190,0.7251908396946565
3526704,262,154,0.5877862595419847
3526803,262,163,0.6221374045801527
3526902,262,176,0.6717557251908397
3527009,262,162,0.6183206106870229
3527108,262,179,0.683206106870229
3527207,262,190,0.7251908396946565
3527256,262,169,0.6450381679389313
3527306,262,246,0.9389312977099237
3527405,262,235,0.8969465648854962
3527504,262,252,0.9618320610687023
3527603,262,236,0.9007633587786259
3527702,262,261,0.9961832061068703
3527801,262,252,0.9618320610687023
3527900,262,252,0.9618320610687023
3528007,262,163,0.6221374045801527
3528106,262,169,0.6450381679389313
3528205,262,113,0.4312977099236641
3528304,262,113,0.4312977099236641
3528403,262,176,0.6717557251908397
3528502,262,261,0.9961832061068703
3528601,262,177,0.6755725190839694
3528700,262,255,0.9732824427480916
3528809,262,198,0.7557251908396947
3528858,262,214,0.816793893129771
3528908,262,255,0.9732824427480916
3529005,262,252,0.9618320610687023
3529104,262,233,0.8893129770992366
3529203,262,255,0.9732824427480916
3529302,262,235,0.8969465648854962
3529401,262,259,0.9885496183206107
3529500,262,169,0.6450381679389313
3529609,262,113,0.4312977099236641
3529658,262,233,0.8893129770992366
3529708,262,261,0.9961832061068703
3529807,262,163,0.6221374045801527
3529906,262,232,0.8854961832061069
3530003,262,113,0.4312977099236641
3530102,262,235,0.8969465648854962
3530201,262,203,0.7748091603053435
3530300,262,169,0.6450381679389313
3530409,262,113,0.4312977099236641
3530508,262,154,0.5877862595419847
3530607,262,195,0.7442748091603053
3530706,262,162,0.6183206106870229
3530805,262,162,0.6183206106870229
3530904,262,176,0.6717557251908397
3531001,262,169,0.6450381679389313
3531100,262,259,0.9885496183206107
3531209,262,162,0.6183206106870229
3531308,262,141,0.5381679389312977
3531407,262,169,0.6450381679389313
3531506,262,141,0.5381679389312977
3531605,262,218,0.8320610687022901
3531704,262,232,0.8854961832061069
3531803,262,176,0.6717557251908397
3531902,262,141,0.5381679389312977
3532009,262,246,0.9389312977099237
3532058,262,235,0.8969465648854962
3532108,262,111,0.42366412213740456
3532157,262,198,0.7557251908396947
3532207,262,255,0.9732824427480916
3532306,262,138,0.5267175572519084
3532405,262,246,0.9389312977099237
3532504,262,169,0.6450381679389313
3532603,262,113,0.4312977099236641
3532702,262,169,0.6450381679389313
3532801,262,169,0.6450381679389313
3532827,262,250,0.9541984732824428
3532843,262,233,0.8893129770992366
3532868,262,113,0.4312977099236641
3532900,262,138,0.5267175572519084
3533007,262,113,0.4312977099236641
3533106,262,218,0.8320610687022901
3533205,262,218,0.8320610687022901
3533254,262,214,0.816793893129771
3533304,262,169,0.6450381679389313
3533403,262,176,0.6717557251908397
3533502,262,214,0.816793893129771
3533601,262,245,0.9351145038167938
3533700,262,252,0.9618320610687023
3533809,262,177,0.6755725190839694
3533908,262,201,0.767175572519084
3534005,262,113,0.4312977099236641
3534104,262,252,0.9618320610687023
3534203,262,113,0.4312977099236641
3534302,262,200,0.7633587786259542
3534401,262,176,0.6717557251908397
3534500,262,252,0.9618320610687023
3534609,262,261,0.9961832061068703
3534708,262,119,0.4541984732824427
3534757,262,233,0.8893129770992366
3534807,262,218,0.8320610687022901
3534906,262,218,0.8320610687022901
3535002,262,113,0.4312977099236641
3535101,262,214,0.816793893129771
3535200,262,233,0.8893129770992366
3535309,262,119,0.4541984732824427
3535408,262,30,0.11450381679389313
3535507,262,198,0.7557251908396947
3535606,262,138,0.5267175572519084
3535705,262,214,0.816793893129771
3535804,262,177,0.6755725190839694
3535903,262,233,0.8893129770992366
3536000,262,261,0.9961832061068703
3536109,262,177,0.6755725190839694
3536208,262,213,0.8129770992366412
3536257,262,113,0.4312977099236641
3536307,262,245,0.9351145038167938
3536406,262,30,0.11450381679389313
3536505,262,176,0.6717557251908397
3536570,262,261,0.9961832061068703
3536604,262,261,0.9961832061068703
3536703,262,261,0.9961832061068703
3536802,262,246,0.9389312977099237
3536901,262,113,0.4312977099236641
3537008,262,200,0.7633587786259542
3537107,262,162,0.6183206106870229
3537156,262,198,0.7557251908396947
3537206,262,232,0.8854961832061069
3537305,262,169,0.6450381679389313
3537404,262,66,0.25190839694656486
3537503,262,176,0.6717557251908397
3537602,262,232,0.8854961832061069
3537701,262,261,0.9961832061068703
3537800,262,239,0.9122137404580153
3537909,262,198,0.7557251908396947
3538006,262,218,0.8320610687022901
3538105,262,214,0.816793893129771
3538204,262,246,0.9389312977099237
3538303,262,255,0.9732824427480916
3538501,262,190,0.7251908396946565
3538600,262,246,0.9389312977099237
3538709,262,176,0.6717557251908397
3538808,262,177,0.6755725190839694
3538907,262,179,0.683206106870229
3539004,262,214,0.816793893129771
3539103,262,176,0.6717557251908397
3539202,262,255,0.9732824427480916
3539301,262,154,0.5877862595419847
3539400,262,261,0.9961832061068703
3539509,262,141,0.5381679389312977
3539608,262,169,0.6450381679389313
3539707,262,252,0.9618320610687023
3539806,262,261,0.9961832061068703
3539905,262,169,0.6450381679389313
3540002,262,252,0.9618320610687023
3540101,262,179,0.683206106870229
3540200,262,235,0.8969465648854962
3540259,262,233,0.8893129770992366
3540309,262,113,0.4312977099236641
3540408,262,233,0.8893129770992366
3540507,262,239,0.9122137404580153
3540606,262,239,0.9122137404580153
3540705,262,154,0.5877862595419847
3540754,262,190,0.7251908396946565
3540804,262,169,0.6450381679389313
3540853,262,255,0.9732824427480916
3540903,262,235,0.8969465648854962
3541000,262,195,0.7442748091603053
3541059,262,163,0.6221374045801527
3541109,262,261,0.9961832061068703
3541208,262,255,0.9732824427480916
3541307,262,167,0.6374045801526718
3541406,262,255,0.9732824427480916
3541505,262,255,0.9732824427480916
3541604,262,179,0.683206106870229
3541653,262,239,0.9122137404580153
3541703,262,198,0.7557251908396947
3541802,262,261,0.9961832061068703
3541901,262,152,0.5801526717557252
3542008,262,261,0.9961832061068703
3542107,262,176,0.6717557251908397
3542206,262,198,0.7557251908396947
3542305,262,138,0.5267175572519084
3542404,262,255,0.9732824427480916
3542503,262,138,0.5267175572519084
3542602,262,213,0.8129770992366412
3542701,262,245,0.9351145038167938
3542800,262,135,0.5152671755725191
3542909,262,259,0.9885496183206107
3543006,262,250,0.9541984732824428
3543105,262,200,0.7633587786259542
3543204,262,119,0.4541984732824427
3543238,262,255,0.9732824427480916
3543253,262,198,0.7557251908396947
3543303,262,259,0.9885496183206107
3543402,262,235,0.8969465648854962
3543501,262,250,0.9541984732824428
3543600,262,223,0.851145038167939
3543709,262,235,0.8969465648854962
3543808,262,261,0.9961832061068703
3543907,262,176,0.6717557251908397
3544004,262,176,0.6717557251908397
3544103,262,195,0.7442748091603053
3544202,262,261,0.9961832061068703
3544251,262,196,0.7480916030534351
3544301,262,218,0.8320610687022901
3544400,262,235,0.8969465648854962
3544509,262,233,0.8893129770992366
3544608,262,179,0.683206106870229
3544707,262,261,0.9961832061068703
3544806,262,179,0.683206106870229
3544905,262,200,0.7633587786259542
3545001,262,195,0.7442748091603053
3545100,262,235,0.8969465648854962
3545159,262,176,0.6717557251908397
3545209,262,239,0.9122137404580153
3545308,262,239,0.9122137404580153
3545407,262,119,0.4541984732824427
3545506,262,203,0.7748091603053435
3545605,262,214,0.816793893129771
3545704,262,233,0.8893129770992366
3545803,262,176,0.6717557251908397
3546009,262,138,0.5267175572519084
3546108,262,233,0.8893129770992366
3546207,262,259,0.9885496183206107
3546256,262,236,0.9007633587786259
3546306,262,154,0.5877862595419847
3546405,262,119,0.4541984732824427
3546504,262,235,0.8969465648854962
3546603,262,233,0.8893129770992366
3546702,262,176,0.6717557251908397
3546801,262,261,0.9961832061068703
3546900,262,235,0.8969465648854962
3547007,262,163,0.6221374045801527
3547106,262,218,0.8320610687022901
3547205,262,233,0.8893129770992366
3547304,262,176,0.6717557251908397
3547403,262,233,0.8893129770992366
3547502,262,236,0.9007633587786259
3547601,262,236,0.9007633587786259
3547650,262,233,0.8893129770992366
3547700,262,255,0.9732824427480916
3547809,262,259,0.9885496183206107
3547908,262,186,0.7099236641221374
3548005,262,162,0.6183206106870229
3548054,262,235,0.8969465648854962
3548104,262,162,0.6183206106870229
3548203,262,192,0.732824427480916
3548302,262,255,0.9732824427480916
3548401,262,261,0.9961832061068703
3548500,262,195,0.7442748091603053
3548609,262,192,0.732824427480916
3548708,262,259,0.9885496183206107
3548807,262,261,0.9961832061068703
3548906,262,259,0.9885496183206107
3549003,262,233,0.8893129770992366
3549102,262,154,0.5877862595419847
3549201,262,233,0.8893129770992366
3549250,262,113,0.4312977099236641
3549300,262,218,0.8320610687022901
3549409,262,200,0.7633587786259542
3549508,262,245,0.9351145038167938
3549607,262,258,0.9847328244274809
3549706,262,154,0.5877862595419847
3549805,262,169,0.6450381679389313
3549904,262,232,0.8854961832061069
3549953,262,259,0.9885496183206107
3550001,262,138,0.5267175572519084
3550100,262,163,0.6221374045801527
3550209,262,198,0.7557251908396947
3550308,262,261,0.9961832061068703
3550407,262,176,0.6717557251908397
3550506,262,119,0.4541984732824427
3550605,262,176,0.6717557251908397
3550704,262,96,0.366412213740458
3550803,262,154,0.5877862595419847
3550902,262,236,0.9007633587786259
3551009,262,195,0.7442748091603053
3551108,262,198,0.7557251908396947
3551207,262,119,0.4541984732824427
3551306,262,113,0.4312977099236641
3551405,262,236,0.9007633587786259
3551504,262,236,0.9007633587786259
3551603,262,162,0.6183206106870229
3551702,262,235,0.8969465648854962
3551801,262,213,0.8129770992366412
3551900,262,214,0.816793893129771
3552007,262,190,0.7251908396946565
3552106,262,162,0.6183206106870229
3552205,262,239,0.9122137404580153
3552304,262,66,0.25190839694656486
3552403,262,176,0.6717557251908397
3552502,262,261,0.9961832061068703
3552551,262,66,0.25190839694656486
3552601,262,214,0.816793893129771
3552700,262,138,0.5267175572519084
3552809,262,176,0.6717557251908397
3552908,262,255,0.9732824427480916
3553005,262,261,0.9961832061068703
3553104,262,141,0.5381679389312977
3553203,262,141,0.5381679389312977
3553302,262,154,0.5877862595419847
3553401,262,113,0.4312977099236641
3553500,262,198,0.7557251908396947
3553609,262,154,0.5877862595419847
3553658,262,141,0.5381679389312977
3553708,262,235,0.8969465648854962
3553807,262,177,0.6755725190839694
3553856,262,250,0.9541984732824428
3553906,262,255,0.9732824427480916
3553955,262,198,0.7557251908396947
3554003,262,239,0.9122137404580153
3554102,262,218,0.8320610687022901
3554201,262,177,0.6755725190839694
3554300,262,203,0.7748091603053435
3554409,262,141,0.5381679389312977
3554508,262,239,0.9122137404580153
3554607,262,119,0.4541984732824427
3554656,262,239,0.9122137404580153
3554706,262,163,0.6221374045801527
3554755,262,259,0.9885496183206107
3554805,262,218,0.8320610687022901
3554904,262,233,0.8893129770992366
3554953,262,246,0.9389312977099237
3555000,262,261,0.9961832061068703
3555109,262,218,0.8320610687022901
3555208,262,169,0.6450381679389313
3555307,262,233,0.8893129770992366
3555356,262,169,0.6450381679389313
3555406,262,138,0.5267175572519084
3555505,262,252,0.9618320610687023
3555604,262,214,0.816793893129771
3555703,262,169,0.6450381679389313
3555802,262,233,0.8893129770992366
3555901,262,179,0.683206106870229
3556008,262,214,0.816793893129771
3556107,262,113,0.4312977099236641
3556206,262,246,0.9389312977099237
3556305,262,235,0.8969465648854962
3556354,262,246,0.9389312977099237
3556404,262,154,0.5877862595419847
3556453,262,176,0.6717557251908397
3556503,262,176,0.6717557251908397
3556602,262,252,0.9618320610687023
3556701,262,246,0.9389312977099237
3556800,262,141,0.5381679389312977
3556909,262,214,0.816793893129771
3556958,262,233,0.8893129770992366
3557006,262,239,0.9122137404580153
3557105,262,113,0.4312977099236641
3557154,262,169,0.6450381679389313
3557204,262,119,0.4541984732824427
3557303,262,162,0.6183206106870229
5200050,262,252,0.9618320610687023
5200100,262,220,0.8396946564885496
5200134,262,261,0.9961832061068703
5200159,262,254,0.9694656488549618
5200175,262,261,0.9961832061068703
5200209,262,260,0.9923664122137404
5200258,262,259,0.9885496183206107
5200308,262,261,0.9961832061068703
5200506,262,260,0.9923664122137404
5200555,262,162,0.6183206106870229
5200605,262,244,0.9312977099236641
5200803,262,215,0.8206106870229007
5200829,262,217,0.8282442748091603
5200852,262,254,0.9694656488549618
5200902,262,207,0.7900763358778626
5201108,262,252,0.9618320610687023
5201207,262,258,0.9847328244274809
5201306,262,254,0.9694656488549618
5201405,262,252,0.9618320610687023
5201454,262,201,0.767175572519084
5201504,262,178,0.6793893129770993
5201603,262,252,0.9618320610687023
5201702,262,164,0.6259541984732825
5201801,262,252,0.9618320610687023
5202155,262,0,0.0
5202353,262,207,0.7900763358778626
5202502,262,0,0.0
5202601,262,261,0.9961832061068703
5202809,262,252,0.9618320610687023
5203104,262,164,0.6259541984732825
5203203,262,197,0.7519083969465649
5203302,262,252,0.9618320610687023
5203401,262,164,0.6259541984732825
5203500,262,261,0.9961832061068703
5203559,262,252,0.9618320610687023
5203575,262,217,0.8282442748091603
5203609,262,252,0.9618320610687023
5203807,262,0,0.0
5203906,262,261,0.9961832061068703
5203939,262,254,0.9694656488549618
5203962,262,215,0.8206106870229007
5204003,262,180,0.6870229007633588
5204102,262,257,0.9809160305343512
5204201,262,261,0.9961832061068703
5204250,262,261,0.9961832061068703
5204300,262,257,0.9809160305343512
5204409,262,181,0.6908396946564885
5204508,262,260,0.9923664122137404
5204557,262,252,0.9618320610687023
5204607,262,252,0.9618320610687023
5204656,262,217,0.8282442748091603
5204706,262,162,0.6183206106870229
5204805,262,258,0.9847328244274809
5204854,262,252,0.9618320610687023
5204904,262,257,0.9809160305343512
5204953,262,162,0.6183206106870229
5205000,262,162,0.6183206106870229
5205059,262,201,0.767175572519084
5205109,262,258,0.9847328244274809
5205208,262,252,0.9618320610687023
5205307,262,244,0.9312977099236641
5205406,262,162,0.6183206106870229
5205455,262,240,0.916030534351145
5205471,262,137,0.5229007633587787
5205497,262,241,0.9198473282442748
5205513,262,259,0.9885496183206107
5205521,262,244,0.9312977099236641
5205703,262,254,0.9694656488549618
5205802,262,259,0.9885496183206107
5205901,262,258,0.9847328244274809
5206206,262,253,0.9656488549618321
5206305,262,250,0.9541984732824428
5206404,262,162,0.6183206106870229
5206503,262,240,0.916030534351145
5206602,262,258,0.9847328244274809
5206701,262,215,0.8206106870229007
5206800,262,252,0.9618320610687023
5206909,262,258,0.9847328244274809
5207105,262,207,0.7900763358778626
5207253,262,181,0.6908396946564885
5207352,262,240,0.916030534351145
5207402,262,240,0.916030534351145
5207501,262,217,0.8282442748091603
5207535,262,254,0.9694656488549618
5207600,262,207,0.7900763358778626
5207808,262,261,0.9961832061068703
5207907,262,244,0.9312977099236641
5208004,262,261,0.9961832061068703
5208103,262,217,0.8282442748091603
5208152,262,220,0.8396946564885496
5208301,262,257,0.9809160305343512
5208400,262,252,0.9618320610687023
5208509,262,258,0.9847328244274809
5208608,262,197,0.7519083969465649
5208707,262,252,0.9618320610687023
5208806,262,252,0.9618320610687023
5208905,262,254,0.9694656488549618
5209101,262,260,0.9923664122137404
5209150,262,177,0.6755725190839694
5209200,262,252,0.9618320610687023
5209291,262,254,0.9694656488549618
5209408,262,215,0.8206106870229007
5209457,262,162,0.6183206106870229
5209606,262,254,0.9694656488549618
5209705,262,252,0.9618320610687023
5209804,262,162,0.6183206106870229
5209903,262,215,0.8206106870229007
5209937,262,177,0.6755725190839694
5209952,262,240,0.916030534351145
5210000,262,252,0.9618320610687023
5210109,262,250,0.9541984732824428
5210158,262,162,0.6183206106870229
5210208,262,207,0.7900763358778626
5210307,262,207,0.7900763358778626
5210406,262,254,0.9694656488549618
5210562,262,254,0.9694656488549618
5210604,262,254,0.9694656488549618
5210802,262,178,0.6793893129770993
5210901,262,162,0.6183206106870229
5211008,262,254,0.9694656488549618
5211206,262,254,0.9694656488549618
5211305,262,178,0.6793893129770993
5211404,262,254,0.9694656488549618
5211503,262,261,0.9961832061068703
5211602,262,207,0.7900763358778626
5211701,262,261,0.9961832061068703
5211800,262,197,0.7519083969465649
5211909,262,254,0.9694656488549618
5212006,262,207,0.7900763358778626
5212055,262,252,0.9618320610687023
5212105,262,260,0.9923664122137404
5212204,262,207,0.7900763358778626
5212253,262,178,0.6793893129770993
5212303,262,220,0.8396946564885496
5212501,262,241,0.9198473282442748
5212600,262,240,0.916030534351145
5212709,262,215,0.8206106870229007
5212808,262,217,0.8282442748091603
5212907,262,260,0.9923664122137404
5212956,262,254,0.9694656488549618
5213004,262,201,0.767175572519084
5213053,262,259,0.9885496183206107
5213087,262,217,0.8282442748091603
5213103,262,245,0.9351145038167938
5213400,262,207,0.7900763358778626
5213509,262,257,0.9809160305343512
5213707,262,207,0.7900763358778626
5213756,262,201,0.767175572519084
5213772,262,217,0.8282442748091603
5213806,262,260,0.9923664122137404
5213855,262,162,0.6183206106870229
5213905,262,254,0.9694656488549618
5214002,262,0,0.0
5214051,262,0,0.0
5214101,262,217,0.8282442748091603
5214408,262,252,0.9618320610687023
5214507,262,252,0.9618320610687023
5214606,262,197,0.7519083969465649
5214705,262,162,0.6183206106870229
5214804,262,258,0.9847328244274809
5214838,262,0,0.0
5214861,262,162,0.6183206106870229
5214879,262,162,0.6183206106870229
5214903,262,257,0.9809160305343512
5215009,262,252,0.9618320610687023
5215207,262,254,0.9694656488549618
5215231,262,261,0.9961832061068703
5215256,262,217,0.8282442748091603
5215306,262,250,0.9541984732824428
5215405,262,252,0.9618320610687023
5215504,262,258,0.9847328244274809
5215603,262,259,0.9885496183206107
5215652,262,181,0.6908396946564885
5215702,262,261,0.9961832061068703
5215801,262,250,0.9541984732824428
5215900,262,261,0.9961832061068703
5216007,262,261,0.9961832061068703
5216304,262,257,0.9809160305343512
5216403,262,261,0.9961832061068703
5216452,262,245,0.9351145038167938
5216809,262,252,0.9618320610687023
5216908,262,162,0.6183206106870229
5217104,262,260,0.9923664122137404
5217203,262,181,0.6908396946564885
5217302,262,197,0.7519083969465649
5217401,262,250,0.9541984732824428
5217609,262,261,0.9961832061068703
5217708,262,260,0.9923664122137404
5218003,262,217,0.8282442748091603
5218052,262,240,0.916030534351145
5218102,262,245,0.9351145038167938
5218300,262,215,0.8206106870229007
5218391,262,260,0.9923664122137404
5218508,262,257,0.9809160305343512
5218607,262,162,0.6183206106870229
5218706,262,162,0.6183206106870229
5218789,262,260,0.9923664122137404
5218805,262,201,0.767175572519084
5218904,262,162,0.6183206106870229
5219001,262,254,0.9694656488549618
5219100,262,252,0.9618320610687023
5219209,262,250,0.9541984732824428
5219258,262,207,0.7900763358778626
5219308,262,201,0.767175572519084
5219357,262,162,0.6183206106870229
5219407,262,236,0.9007633587786259
5219456,262,197,0.7519083969465649
5219506,262,252,0.9618320610687023
5219605,262,217,0.8282442748091603
5219704,262,162,0.6183206106870229
5219712,262,201,0.767175572519084
5219738,262,252,0.9618320610687023
5219753,262,261,0.9961832061068703
5219803,262,257,0.9809160305343512
5219902,262,252,0.9618320610687023
5220009,262,244,0.9312977099236641
5220058,262,261,0.9961832061068703
5220108,262,261,0.9961832061068703
5220157,262,162,0.6183206106870229
5220207,262,237,0.9045801526717557
5220264,262,220,0.8396946564885496
5220280,262,162,0.6183206106870229
5220405,262,257,0.9809160305343512
5220454,262,252,0.9618320610687023
5220504,262,254,0.9694656488549618
5220603,262,220,0.8396946564885496
5220686,262,215,0.8206106870229007
5220702,262,215,0.8206106870229007
5221007,262,254,0.9694656488549618
5221080,262,244,0.9312977099236641
5221197,262,252,0.9618320610687023
5221304,262,258,0.9847328244274809
5221403,262,252,0.9618320610687023
5221452,262,217,0.8282442748091603
5221502,262,261,0.9961832061068703
5221551,262,240,0.916030534351145
5221577,262,162,0.6183206106870229
5221601,262,162,0.6183206106870229
5221700,262,162,0.6183206106870229
5221809,262,250,0.9541984732824428
5221858,262,241,0.9198473282442748
5221908,262,240,0.916030534351145
5222005,262,220,0.8396946564885496
5222054,262,240,0.916030534351145
5222203,262,180,0.6870229007633588
5222302,262,197,0.7519083969465649
5300108,263,262,0.9961977186311787
