ibge_municipio,p50,p75,p90,threshold_source,escopo
3100104,0.0,1.0,2.0,municipio,municipio
3100203,1.0,2.0,9.0,municipio,municipio
3100302,0.0,0.0,1.0,municipio,municipio
3100401,0.0,1.0,2.0,municipio,municipio
3100500,0.0,1.0,2.0,municipio,municipio
3100609,0.0,0.0,3.0,municipio,municipio
3100708,0.0,1.0,2.0,municipio,municipio
3100807,0.0,0.0,1.0,municipio,municipio
3100906,1.0,3.0,10.400000000000006,municipio,municipio
3101003,0.0,0.0,1.0,municipio,municipio
3101508,1.0,2.0,6.400000000000006,municipio,municipio
3101607,6.0,20.0,67.20000000000005,municipio,municipio
3101631,0.0,0.0,0.0,municipio,municipio
3101706,1.0,4.0,9.400000000000006,municipio,municipio
3101805,0.0,1.0,1.0,municipio,municipio
3101904,0.0,1.0,2.0,municipio,municipio
3102001,0.0,0.0,1.0,municipio,municipio
3102050,0.0,0.0,0.0,municipio,municipio
3102100,0.0,0.0,0.0,municipio,municipio
3102209,0.0,1.0,5.400000000000006,municipio,municipio
3102308,0.0,1.0,5.0,municipio,municipio
3102407,0.0,0.0,0.0,municipio,municipio
3102506,0.0,0.0,0.0,municipio,municipio
3102704,0.0,0.0,1.0,municipio,municipio
3102803,0.0,0.0,0.0,municipio,municipio
3102852,0.0,0.0,0.4000000000000057,municipio,municipio
3102902,0.0,0.0,0.0,municipio,municipio
3103009,0.0,1.0,2.0,municipio,municipio
3103108,0.0,0.0,0.0,municipio,municipio
3103207,0.0,0.0,1.0,municipio,municipio
3103306,0.0,0.0,0.0,municipio,municipio
3103405,2.0,6.0,22.400000000000006,municipio,municipio
3103504,5.0,11.0,107.80000000000018,municipio,municipio
3103603,0.0,0.0,0.0,municipio,municipio
3103702,0.0,0.0,0.0,municipio,municipio
3103751,1.0,3.0,5.0,municipio,municipio
3103801,0.0,0.0,1.0,municipio,municipio
3103900,1.0,2.0,5.0,municipio,municipio
3104007,14.0,22.0,51.80000000000007,municipio,municipio
3104205,1.0,6.0,104.80000000000004,municipio,municipio
3104304,0.0,0.0,2.8000000000000114,municipio,municipio
3104403,0.0,0.0,0.4000000000000057,municipio,municipio
3104452,0.0,0.0,0.0,municipio,municipio
3104601,1.0,5.0,11.0,municipio,municipio
3104700,0.0,0.0,1.0,municipio,municipio
3104809,0.0,1.0,3.0,municipio,municipio
3104908,0.0,0.0,5.0,municipio,municipio
3105004,0.0,0.0,2.4000000000000057,municipio,municipio
3105103,0.0,1.0,7.0,municipio,municipio
3105202,0.0,0.0,1.4000000000000057,municipio,municipio
3105509,0.0,0.0,0.0,municipio,municipio
3105608,0.0,1.0,3.0,municipio,municipio
3105707,0.0,0.0,0.0,municipio,municipio
3105905,0.0,2.0,3.0,municipio,municipio
3106002,0.0,1.0,3.4000000000000057,municipio,municipio
3106101,0.0,0.0,0.0,municipio,municipio
3106309,2.0,4.0,10.400000000000006,municipio,municipio
3106408,0.0,1.0,2.0,municipio,municipio
3106507,0.0,2.0,7.0,municipio,municipio
3106606,0.0,0.0,0.0,municipio,municipio
3106655,0.0,0.0,0.0,municipio,municipio
3106705,27.0,44.0,1117.8000000000018,municipio,municipio
3106804,0.0,0.0,0.0,municipio,municipio
3106903,0.0,0.0,1.0,municipio,municipio
3107000,0.0,0.0,0.0,municipio,municipio
3107208,0.0,0.0,0.0,municipio,municipio
3107307,3.0,8.0,28.00000000000003,municipio,municipio
3107406,6.0,11.0,28.0,municipio,municipio
3107505,0.0,0.0,0.0,municipio,municipio
3107604,0.0,0.0,1.0,municipio,municipio
3107703,0.0,1.0,7.400000000000006,municipio,municipio
3107802,0.0,1.0,3.4000000000000057,municipio,municipio
3107901,0.0,0.0,0.0,municipio,municipio
3108008,0.0,0.0,0.4000000000000057,municipio,municipio
3108107,0.0,1.0,2.4000000000000057,municipio,municipio
3108206,0.0,0.0,2.0,municipio,municipio
3108255,0.0,0.0,3.0,municipio,municipio
3108503,0.0,0.0,1.0,municipio,municipio
3108552,0.0,0.0,2.0,municipio,municipio
3108602,0.0,1.0,12.800000000000011,municipio,municipio
3108701,0.0,0.0,0.0,municipio,municipio
3108800,0.0,1.0,1.0,municipio,municipio
3108909,0.0,0.0,0.4000000000000057,municipio,municipio
3109006,3.0,7.0,24.0,municipio,municipio
3109204,0.0,0.0,6.400000000000006,municipio,municipio
3109253,0.0,0.0,1.0,municipio,municipio
3109402,0.0,1.0,6.400000000000006,municipio,municipio
3109451,1.0,3.0,9.0,municipio,municipio
3109600,0.0,1.0,3.0,municipio,municipio
3109709,0.0,0.0,0.0,municipio,municipio
3109808,0.0,0.0,1.0,municipio,municipio
3109907,1.0,3.0,6.400000000000006,municipio,municipio
3110103,0.0,0.0,0.0,municipio,municipio
3110202,0.0,0.0,0.0,municipio,municipio
3110400,0.0,0.0,0.0,municipio,municipio
3110509,0.0,0.0,0.0,municipio,municipio
3110608,0.0,0.0,0.0,municipio,municipio
3110806,0.0,1.0,2.4000000000000057,municipio,municipio
3111101,1.0,3.0,8.0,municipio,municipio
3111150,0.0,1.0,7.0,municipio,municipio
3111200,1.0,11.0,50.0,municipio,municipio
3111309,0.0,0.0,0.0,municipio,municipio
3111408,0.0,3.0,7.0,municipio,municipio
3111507,0.0,2.0,5.0,municipio,municipio
3111705,0.0,0.0,0.0,municipio,municipio
3111804,0.0,2.0,7.400000000000006,municipio,municipio
3111903,0.0,0.0,1.0,municipio,municipio
3112000,0.0,2.0,8.0,municipio,municipio
3112059,0.0,0.0,2.0,municipio,municipio
3112109,0.0,0.0,0.0,municipio,municipio
3112208,0.0,0.0,0.0,municipio,municipio
3112307,0.0,1.0,2.0,municipio,municipio
3112505,1.0,5.0,16.400000000000006,municipio,municipio
3112653,0.0,0.0,1.0,municipio,municipio
3112703,0.0,3.0,10.400000000000006,municipio,municipio
3112802,1.0,3.0,5.400000000000006,municipio,municipio
3112901,0.0,0.0,0.0,municipio,municipio
3113008,0.0,0.0,2.0,municipio,municipio
3113107,0.0,0.0,0.0,municipio,municipio
3113206,0.0,1.0,2.0,municipio,municipio
3113305,0.0,2.0,3.0,municipio,municipio
3113404,1.0,2.0,9.000000000000028,municipio,municipio
3113503,0.0,0.0,1.0,municipio,municipio
3113602,0.0,0.0,0.0,municipio,municipio
3113701,1.0,3.0,7.400000000000006,municipio,municipio
3113800,0.0,0.0,0.0,municipio,municipio
3114006,0.0,1.0,6.400000000000006,municipio,municipio
3114105,0.0,0.0,0.0,municipio,municipio
3114204,0.0,2.0,5.0,municipio,municipio
3114303,0.0,2.0,14.800000000000011,municipio,municipio
3114402,0.0,1.0,3.0,municipio,municipio
3114501,1.0,2.0,6.800000000000011,municipio,municipio
3114600,0.0,0.0,0.0,municipio,municipio
3114709,0.0,0.0,0.0,municipio,municipio
3114907,0.0,0.0,0.0,municipio,municipio
3115003,0.0,0.0,1.0,municipio,municipio
3115102,0.0,3.0,15.400000000000006,municipio,municipio
3115201,0.0,0.0,0.0,municipio,municipio
3115300,4.0,16.0,47.60000000000002,municipio,municipio
3115359,0.0,0.0,1.0,municipio,municipio
3115409,0.0,0.0,0.0,municipio,municipio
3115458,0.0,0.0,1.0,municipio,municipio
3115508,0.0,1.0,5.0,municipio,municipio
3115607,0.0,0.0,0.0,municipio,municipio
3115706,0.0,1.0,3.0,municipio,municipio
3115805,1.0,4.0,14.800000000000011,municipio,municipio
3115904,0.0,0.0,1.0,municipio,municipio
3116001,0.0,0.0,0.0,municipio,municipio
3116100,0.0,2.0,6.400000000000006,municipio,municipio
3116159,1.0,10.0,24.600000000000023,municipio,municipio
3116209,0.0,0.0,0.0,municipio,municipio
3116308,0.0,0.0,0.0,municipio,municipio
3116407,0.0,0.0,1.0,municipio,municipio
3116506,0.0,1.0,3.4000000000000057,municipio,municipio
3116605,0.0,1.0,3.4000000000000057,municipio,municipio
3116704,0.0,0.0,0.0,municipio,municipio
3116803,0.0,0.0,0.4000000000000057,municipio,municipio
3116902,0.0,0.0,2.0,municipio,municipio
3117009,0.0,0.0,0.0,municipio,municipio
3117108,0.0,0.0,1.0,municipio,municipio
3117207,0.0,0.0,0.0,municipio,municipio
3117306,1.0,3.0,14.000000000000028,municipio,municipio
3117405,0.0,0.0,0.4000000000000057,municipio,municipio
3117504,1.0,4.0,12.200000000000017,municipio,municipio
3117603,0.0,1.0,3.0,municipio,municipio
3117836,0.0,1.0,4.800000000000011,municipio,municipio
3117876,0.0,0.0,3.0,municipio,municipio
3118007,1.0,3.0,8.0,municipio,municipio
3118106,0.0,0.0,0.0,municipio,municipio
3118205,0.0,2.0,14.0,municipio,municipio
3118304,5.0,11.0,21.400000000000006,municipio,municipio
3118502,0.0,0.0,0.0,municipio,municipio
3118601,42.0,97.0,739.6000000000007,municipio,municipio
3118809,0.0,1.0,5.200000000000017,municipio,municipio
3118908,0.0,2.0,6.400000000000006,municipio,municipio
3119005,0.0,0.0,0.0,municipio,municipio
3119104,0.0,2.0,9.0,municipio,municipio
3119203,0.0,1.0,3.0,municipio,municipio
3119302,1.0,4.0,14.0,municipio,municipio
3119401,7.0,14.0,32.80000000000001,municipio,municipio
3119500,0.0,0.0,1.0,municipio,municipio
3119609,0.0,0.0,1.0,municipio,municipio
3119708,0.0,0.0,0.0,municipio,municipio
3119807,0.0,0.0,0.0,municipio,municipio
3119906,0.0,0.0,0.0,municipio,municipio
3119955,0.0,0.0,2.0,municipio,municipio
3120003,0.0,0.0,0.0,municipio,municipio
3120102,0.0,1.0,5.400000000000006,municipio,municipio
3120151,0.0,0.0,3.0,municipio,municipio
3120201,0.0,1.0,7.800000000000011,municipio,municipio
3120300,0.0,0.0,0.4000000000000057,municipio,municipio
3120409,0.0,0.0,0.0,municipio,municipio
3120508,0.0,0.0,0.0,municipio,municipio
3120607,0.0,0.0,1.0,municipio,municipio
3120706,0.0,0.0,1.0,municipio,municipio
3120839,0.0,0.0,2.0,municipio,municipio
3120870,0.0,0.0,0.0,municipio,municipio
3120904,4.0,10.0,41.20000000000002,municipio,municipio
3121001,0.0,0.0,2.0,municipio,municipio
3121100,0.0,0.0,0.0,municipio,municipio
3121209,0.0,0.0,4.0,municipio,municipio
3121258,0.0,4.0,10.0,municipio,municipio
3121308,0.0,0.0,1.0,municipio,municipio
3121407,0.0,0.0,1.0,municipio,municipio
3121506,0.0,0.0,0.0,municipio,municipio
3121605,1.0,6.0,31.80000000000001,municipio,municipio
3121704,0.0,0.0,0.0,municipio,municipio
3121803,0.0,1.0,6.400000000000006,municipio,municipio
3121902,0.0,0.0,0.0,municipio,municipio
3122009,0.0,0.0,1.0,municipio,municipio
3122108,0.0,0.0,1.4000000000000057,municipio,municipio
3122207,0.0,0.0,2.0,municipio,municipio
3122306,8.0,21.0,62.40000000000006,municipio,municipio
3122355,0.0,0.0,1.4000000000000057,municipio,municipio
3122405,0.0,0.0,1.0,municipio,municipio
3122454,0.0,0.0,0.4000000000000057,municipio,municipio
3122470,0.0,1.0,5.0,municipio,municipio
3122504,0.0,0.0,0.0,municipio,municipio
3122603,0.0,0.0,0.0,municipio,municipio
3122702,0.0,0.0,1.0,municipio,municipio
3122801,0.0,0.0,0.0,municipio,municipio
3122900,0.0,1.0,3.0,municipio,municipio
3123007,0.0,0.0,1.4000000000000057,municipio,municipio
3123106,0.0,0.0,0.0,municipio,municipio
3123205,0.0,1.0,4.0,municipio,municipio
3123304,0.0,0.0,0.0,municipio,municipio
3123403,0.0,0.0,1.0,municipio,municipio
3123502,0.0,0.0,0.4000000000000057,municipio,municipio
3123528,0.0,0.0,0.0,municipio,municipio
3123700,0.0,0.0,1.0,municipio,municipio
3123809,0.0,1.0,2.4000000000000057,municipio,municipio
3123858,0.0,0.0,2.0,municipio,municipio
3123908,0.0,0.0,1.0,municipio,municipio
3124005,0.0,0.0,0.0,municipio,municipio
3124104,5.0,10.0,39.20000000000013,municipio,municipio
3124203,0.0,1.0,1.0,municipio,municipio
3124401,0.0,0.0,0.0,municipio,municipio
3124500,0.0,0.0,0.0,municipio,municipio
3124609,0.0,0.0,0.0,municipio,municipio
3124708,0.0,0.0,1.0,municipio,municipio
3124807,0.0,1.0,2.0,municipio,municipio
3124906,0.0,0.0,1.0,municipio,municipio
3125002,0.0,0.0,0.0,municipio,municipio
3125101,0.0,0.0,0.0,municipio,municipio
3125200,0.0,0.0,1.0,municipio,municipio
3125309,0.0,0.0,0.0,municipio,municipio
3125408,0.0,0.0,0.0,municipio,municipio
3125507,0.0,0.0,1.0,municipio,municipio
3125606,0.0,1.0,4.400000000000006,municipio,municipio
3125705,3.0,10.0,26.400000000000006,municipio,municipio
3125804,0.0,0.0,0.0,municipio,municipio
3125903,0.0,0.0,2.0,municipio,municipio
3125952,0.0,0.0,1.4000000000000057,municipio,municipio
3126000,0.0,1.0,6.200000000000017,municipio,municipio
3126109,5.0,32.0,119.40000000000006,municipio,municipio
3126307,0.0,0.0,1.4000000000000057,municipio,municipio
3126406,0.0,1.0,3.0,municipio,municipio
3126505,1.0,4.0,13.800000000000011,municipio,municipio
3126604,0.0,0.0,1.4000000000000057,municipio,municipio
3126703,1.0,3.0,8.0,municipio,municipio
3126752,0.0,1.0,3.0,municipio,municipio
3126802,0.0,1.0,4.0,municipio,municipio
3126901,0.0,0.0,1.0,municipio,municipio
3126950,0.0,0.0,0.0,municipio,municipio
3127057,0.0,0.0,1.0,municipio,municipio
3127073,0.0,1.0,2.0,municipio,municipio
3127206,0.0,1.0,5.400000000000006,municipio,municipio
3127305,0.0,1.0,6.0,municipio,municipio
3127354,0.0,1.0,2.0,municipio,municipio
3127370,0.0,0.0,0.0,municipio,municipio
3127388,0.0,0.0,0.0,municipio,municipio
3127503,0.0,0.0,1.0,municipio,municipio
3127602,0.0,1.0,2.0,municipio,municipio
3127701,19.0,42.0,76.4,municipio,municipio
3127800,0.0,0.0,1.4000000000000057,municipio,municipio
3127909,0.0,0.0,3.0,municipio,municipio
3128006,1.0,3.0,5.0,municipio,municipio
3128105,0.0,1.0,2.0,municipio,municipio
3128204,0.0,0.0,0.0,municipio,municipio
3128253,0.0,1.0,2.4000000000000057,municipio,municipio
3128402,0.0,1.0,5.400000000000006,municipio,municipio
3128501,0.0,0.0,0.0,municipio,municipio
3128808,0.0,0.0,1.0,municipio,municipio
3128907,0.0,0.0,6.0,municipio,municipio
3129004,0.0,1.0,2.0,municipio,municipio
3129202,0.0,0.0,0.0,municipio,municipio
3129301,0.0,0.0,1.0,municipio,municipio
3129400,0.0,0.0,0.0,municipio,municipio
3129509,2.0,4.0,9.0,municipio,municipio
3129608,0.0,1.0,3.0,municipio,municipio
3129657,0.0,0.0,2.0,municipio,municipio
3129707,0.0,0.0,2.4000000000000057,municipio,municipio
3129806,12.0,26.0,123.80000000000013,municipio,municipio
3130002,0.0,0.0,0.0,municipio,municipio
3130051,0.0,1.0,3.0,municipio,municipio
3130101,2.0,5.0,47.80000000000018,municipio,municipio
3130200,1.0,3.0,12.0,municipio,municipio
3130309,1.0,3.0,15.800000000000011,municipio,municipio
3130408,0.0,1.0,2.4000000000000057,municipio,municipio
3130507,0.0,0.0,1.4000000000000057,municipio,municipio
3130556,0.0,0.0,1.0,municipio,municipio
3130655,0.0,0.0,0.0,municipio,municipio
3130705,0.0,2.0,6.400000000000006,municipio,municipio
3130903,0.0,1.0,3.0,municipio,municipio
3131000,0.0,2.0,15.400000000000006,municipio,municipio
3131109,0.0,0.0,2.0,municipio,municipio
3131158,1.0,2.0,4.0,municipio,municipio
3131208,0.0,3.0,13.400000000000006,municipio,municipio
3131307,18.0,26.0,47.80000000000001,municipio,municipio
3131604,0.0,0.0,2.0,municipio,municipio
3131703,10.0,21.0,53.400000000000006,municipio,municipio
3131802,0.0,1.0,4.0,municipio,municipio
3131901,0.0,1.0,4.0,municipio,municipio
3132008,0.0,0.0,0.0,municipio,municipio
3132107,0.0,0.0,1.4000000000000057,municipio,municipio
3132206,0.0,1.0,8.0,municipio,municipio
3132305,0.0,0.0,1.0,municipio,municipio
3132404,3.0,6.0,24.400000000000034,municipio,municipio
3132503,0.0,1.0,2.0,municipio,municipio
3132602,0.0,0.0,1.0,municipio,municipio
3132701,1.0,3.0,33.200000000000045,municipio,municipio
3132800,0.0,0.0,0.0,municipio,municipio
3133006,0.0,0.0,2.0,municipio,municipio
3133105,0.0,0.0,1.0,municipio,municipio
3133204,0.0,0.0,1.0,municipio,municipio
3133303,0.0,2.0,6.0,municipio,municipio
3133402,3.0,9.0,25.400000000000006,municipio,municipio
3133501,0.0,1.0,3.0,municipio,municipio
3133600,0.0,0.0,0.0,municipio,municipio
3133709,0.0,1.0,6.600000000000023,municipio,municipio
3133758,0.0,2.0,5.0,municipio,municipio
3133808,1.0,4.0,18.400000000000006,municipio,municipio
3133907,0.0,0.0,0.0,municipio,municipio
3134004,0.0,2.0,4.800000000000011,municipio,municipio
3134400,5.0,18.0,34.0,municipio,municipio
3134509,0.0,0.0,0.0,municipio,municipio
3134608,1.0,3.0,10.0,municipio,municipio
3134707,0.0,0.0,1.0,municipio,municipio
3134806,0.0,0.0,1.0,municipio,municipio
3135001,0.0,0.0,1.0,municipio,municipio
3135050,1.0,2.0,5.400000000000006,municipio,municipio
3135076,0.0,0.0,1.0,municipio,municipio
3135100,1.0,5.0,28.200000000000017,municipio,municipio
3135209,0.0,1.0,12.200000000000017,municipio,municipio
3135308,0.0,1.0,2.0,municipio,municipio
3135357,0.0,0.0,7.400000000000034,municipio,municipio
3135407,0.0,0.0,1.0,municipio,municipio
3135456,0.0,3.0,6.0,municipio,municipio
3135506,0.0,0.0,1.0,municipio,municipio
3135605,0.0,0.0,4.800000000000011,municipio,municipio
3135704,0.0,0.0,2.4000000000000057,municipio,municipio
3135803,0.0,0.0,3.4000000000000057,municipio,municipio
3135902,0.0,0.0,0.0,municipio,municipio
3136009,0.0,0.0,2.0,municipio,municipio
3136108,0.0,0.0,1.0,municipio,municipio
3136207,2.0,5.0,28.400000000000034,municipio,municipio
3136306,0.0,5.0,81.60000000000002,municipio,municipio
3136405,0.0,0.0,2.0,municipio,municipio
3136504,0.0,0.0,0.0,municipio,municipio
3136520,0.0,0.0,4.400000000000006,municipio,municipio
3136553,0.0,0.0,1.0,municipio,municipio
3136579,0.0,0.0,5.0,municipio,municipio
3136603,0.0,1.0,2.4000000000000057,municipio,municipio
3136652,2.0,6.0,24.000000000000057,municipio,municipio
3136702,5.0,10.0,130.8,municipio,municipio
3136801,0.0,0.0,4.0,municipio,municipio
3136900,0.0,0.0,1.0,municipio,municipio
3137007,0.0,0.0,1.0,municipio,municipio
3137106,0.0,0.0,5.0,municipio,municipio
3137205,4.0,15.0,80.4,municipio,municipio
3137304,0.0,0.0,1.0,municipio,municipio
3137403,0.0,0.0,1.0,municipio,municipio
3137502,0.0,3.0,25.80000000000001,municipio,municipio
3137536,0.0,2.0,5.400000000000006,municipio,municipio
3137601,3.0,7.0,22.80000000000001,municipio,municipio
3137700,0.0,1.0,3.0,municipio,municipio
3137809,0.0,0.0,0.0,municipio,municipio
3137908,0.0,0.0,0.0,municipio,municipio
3138005,0.0,1.0,6.0,municipio,municipio
3138104,1.0,2.0,6.0,municipio,municipio
3138302,0.0,0.0,3.0,municipio,municipio
3138351,0.0,1.0,5.400000000000006,municipio,municipio
3138401,1.0,4.0,25.400000000000006,municipio,municipio
3138500,0.0,0.0,0.0,municipio,municipio
3138609,0.0,1.0,3.0,municipio,municipio
3138658,0.0,1.0,6.0,municipio,municipio
3138674,0.0,0.0,0.0,municipio,municipio
3138682,0.0,1.0,5.800000000000011,municipio,municipio
3138807,1.0,3.0,7.400000000000006,municipio,municipio
3138906,0.0,0.0,2.0,municipio,municipio
3139003,0.0,0.0,2.0,municipio,municipio
3139102,0.0,0.0,0.0,municipio,municipio
3139201,0.0,1.0,2.0,municipio,municipio
3139300,0.0,2.0,5.0,municipio,municipio
3139409,2.0,5.0,12.400000000000006,municipio,municipio
3139508,0.0,1.0,5.0,municipio,municipio
3139607,1.0,6.0,34.0,municipio,municipio
3139805,0.0,1.0,3.4000000000000057,municipio,municipio
3139904,0.0,0.0,1.0,municipio,municipio
3140001,0.0,2.0,6.0,municipio,municipio
3140100,0.0,1.0,6.0,municipio,municipio
3140159,0.0,2.0,40.20000000000002,municipio,municipio
3140209,0.0,0.0,0.0,municipio,municipio
3140308,0.0,0.0,1.0,municipio,municipio
3140407,0.0,0.0,0.0,municipio,municipio
3140530,0.0,0.0,0.0,municipio,municipio
3140555,0.0,0.0,1.0,municipio,municipio
3140605,0.0,0.0,1.0,municipio,municipio
3140704,1.0,4.0,21.00000000000003,municipio,municipio
3140803,1.0,2.0,4.0,municipio,municipio
3140852,0.0,1.0,8.0,municipio,municipio
3140902,0.0,0.0,0.0,municipio,municipio
3141108,1.0,5.0,14.600000000000023,municipio,municipio
3141207,0.0,0.0,0.0,municipio,municipio
3141306,0.0,0.0,0.0,municipio,municipio
3141405,0.0,1.0,4.0,municipio,municipio
3141504,0.0,0.0,1.0,municipio,municipio
3141603,0.0,0.0,1.4000000000000057,municipio,municipio
3141702,0.0,1.0,2.0,municipio,municipio
3141801,1.0,3.0,11.0,municipio,municipio
3141900,0.0,0.0,0.0,municipio,municipio
3142007,1.0,3.0,16.400000000000006,municipio,municipio
3142106,0.0,1.0,2.0,municipio,municipio
3142205,0.0,2.0,10.400000000000006,municipio,municipio
3142304,0.0,0.0,1.0,municipio,municipio
3142403,0.0,0.0,0.0,municipio,municipio
3142502,0.0,0.0,2.0,municipio,municipio
3142809,1.0,4.0,11.400000000000006,municipio,municipio
3143005,0.0,1.0,4.0,municipio,municipio
3143104,4.0,8.0,18.400000000000006,municipio,municipio
3143153,0.0,0.0,0.0,municipio,municipio
3143302,15.0,29.0,122.00000000000006,municipio,municipio
3143500,1.0,3.0,6.400000000000006,municipio,municipio
3143609,0.0,0.0,2.0,municipio,municipio
3143708,0.0,0.0,0.0,municipio,municipio
3143807,0.0,0.0,0.0,municipio,municipio
3143906,3.0,7.0,25.0,municipio,municipio
3144003,1.0,5.0,17.600000000000023,municipio,municipio
3144201,0.0,0.0,1.0,municipio,municipio
3144300,1.0,2.0,9.0,municipio,municipio
3144359,0.0,1.0,2.0,municipio,municipio
3144375,0.0,1.0,2.0,municipio,municipio
3144409,0.0,0.0,0.0,municipio,municipio
3144508,0.0,0.0,1.0,municipio,municipio
3144656,0.0,0.0,0.0,municipio,municipio
3144672,0.0,0.0,1.0,municipio,municipio
3144706,0.0,1.0,4.0,municipio,municipio
3144805,3.0,10.0,25.80000000000001,municipio,municipio
3144904,0.0,0.0,1.0,municipio,municipio
3145000,1.0,3.0,13.400000000000006,municipio,municipio
3145059,0.0,0.0,3.4000000000000057,municipio,municipio
3145109,0.0,0.0,1.0,municipio,municipio
3145208,5.0,23.0,67.80000000000007,municipio,municipio
3145307,0.0,1.0,1.0,municipio,municipio
3145356,0.0,1.0,4.0,municipio,municipio
3145372,0.0,0.0,1.0,municipio,municipio
3145406,0.0,0.0,0.0,municipio,municipio
3145455,0.0,0.0,2.0,municipio,municipio
3145505,0.0,0.0,0.0,municipio,municipio
3145604,1.0,2.0,6.0,municipio,municipio
3145703,0.0,0.0,0.0,municipio,municipio
3145802,0.0,1.0,2.0,municipio,municipio
3145851,0.0,0.0,0.0,municipio,municipio
3145877,0.0,0.0,0.0,municipio,municipio
3145901,0.0,1.0,3.4000000000000057,municipio,municipio
3146107,0.0,1.0,4.400000000000006,municipio,municipio
3146206,0.0,0.0,3.0,municipio,municipio
3146255,0.0,2.0,8.0,municipio,municipio
3146305,0.0,2.0,12.0,municipio,municipio
3146404,0.0,1.0,2.0,municipio,municipio
3146503,0.0,2.0,9.400000000000006,municipio,municipio
3146552,0.0,1.0,3.0,municipio,municipio
3146602,0.0,0.0,0.0,municipio,municipio
3146701,0.0,0.0,0.4000000000000057,municipio,municipio
3146750,0.0,0.0,0.0,municipio,municipio
3147006,19.0,33.0,159.6000000000001,municipio,municipio
3147105,9.0,38.0,258.60000000000014,municipio,municipio
3147204,0.0,2.0,19.200000000000017,municipio,municipio
3147402,2.0,5.0,11.0,municipio,municipio
3147501,0.0,0.0,0.0,municipio,municipio
3147600,0.0,0.0,1.0,municipio,municipio
3147709,0.0,1.0,1.0,municipio,municipio
3147808,0.0,0.0,0.0,municipio,municipio
3147907,6.0,22.0,130.80000000000004,municipio,municipio
3147956,0.0,0.0,0.0,municipio,municipio
3148004,10.0,40.0,114.20000000000002,municipio,municipio
3148103,2.0,6.0,18.200000000000017,municipio,municipio
3148202,0.0,0.0,2.0,municipio,municipio
3148301,0.0,0.0,0.0,municipio,municipio
3148400,0.0,0.0,4.0,municipio,municipio
3148509,0.0,0.0,1.0,municipio,municipio
3148608,0.0,0.0,1.0,municipio,municipio
3148707,0.0,1.0,2.4000000000000057,municipio,municipio
3148756,0.0,0.0,0.0,municipio,municipio
3148806,0.0,0.0,0.0,municipio,municipio
3148905,0.0,0.0,1.0,municipio,municipio
3149002,0.0,0.0,0.0,municipio,municipio
3149101,0.0,0.0,1.0,municipio,municipio
3149150,0.0,0.0,0.0,municipio,municipio
3149200,0.0,0.0,2.0,municipio,municipio
3149309,2.0,7.0,25.200000000000017,municipio,municipio
3149408,0.0,0.0,0.0,municipio,municipio
3149507,0.0,0.0,1.0,municipio,municipio
3149606,0.0,1.0,5.0,municipio,municipio
3149705,0.0,2.0,19.400000000000006,municipio,municipio
3149804,0.0,1.0,3.0,municipio,municipio
3149903,0.0,1.0,8.0,municipio,municipio
3149952,0.0,0.0,1.0,municipio,municipio
3150000,0.0,0.0,1.0,municipio,municipio
3150109,0.0,0.0,1.0,municipio,municipio
3150158,0.0,0.0,1.0,municipio,municipio
3150208,0.0,0.0,0.0,municipio,municipio
3150307,0.0,0.0,0.0,municipio,municipio
3150406,0.0,0.0,0.0,municipio,municipio
3150505,0.0,2.0,6.400000000000006,municipio,municipio
3150539,0.0,1.0,3.0,municipio,municipio
3150570,0.0,0.0,0.0,municipio,municipio
3150604,0.0,0.0,1.4000000000000057,municipio,municipio
3150703,1.0,5.0,12.0,municipio,municipio
3150802,0.0,0.0,0.0,municipio,municipio
3150901,0.0,0.0,0.0,municipio,municipio
3151008,0.0,0.0,1.0,municipio,municipio
3151107,0.0,0.0,1.0,municipio,municipio
3151206,1.0,3.0,41.60000000000002,municipio,municipio
3151305,1.0,3.0,7.800000000000011,municipio,municipio
3151503,6.0,11.0,28.0,municipio,municipio
3151701,0.0,0.0,0.0,municipio,municipio
3151909,0.0,0.0,3.0,municipio,municipio
3152105,1.0,3.0,7.0,municipio,municipio
3152131,0.0,0.0,2.4000000000000057,municipio,municipio
3152170,0.0,1.0,5.0,municipio,municipio
3152204,2.0,7.0,19.0,municipio,municipio
3152303,0.0,0.0,1.0,municipio,municipio
3152402,0.0,1.0,2.0,municipio,municipio
3152600,0.0,0.0,0.0,municipio,municipio
3152709,0.0,0.0,3.0,municipio,municipio
3152808,1.0,4.0,26.200000000000017,municipio,municipio
3152907,0.0,2.0,8.0,municipio,municipio
3153004,0.0,0.0,0.0,municipio,municipio
3153103,0.0,0.0,0.0,municipio,municipio
3153202,0.0,1.0,2.0,municipio,municipio
3153301,0.0,0.0,0.0,municipio,municipio
3153400,0.0,2.0,38.200000000000074,municipio,municipio
3153509,0.0,0.0,6.400000000000006,municipio,municipio
3153608,0.0,1.0,5.0,municipio,municipio
3153707,0.0,0.0,2.0,municipio,municipio
3153806,0.0,0.0,0.0,municipio,municipio
3154002,0.0,2.0,8.0,municipio,municipio
3154101,0.0,2.0,4.0,municipio,municipio
3154150,0.0,0.0,0.0,municipio,municipio
3154200,0.0,0.0,0.0,municipio,municipio
3154408,0.0,0.0,0.0,municipio,municipio
3154507,0.0,1.0,1.0,municipio,municipio
3154606,13.0,30.0,248.6000000000001,municipio,municipio
3154804,0.0,1.0,5.0,municipio,municipio
3154903,0.0,1.0,3.0,municipio,municipio
3155009,0.0,0.0,0.0,municipio,municipio
3155108,0.0,0.0,2.0,municipio,municipio
3155207,0.0,0.0,0.0,municipio,municipio
3155306,0.0,2.0,4.0,municipio,municipio
3155405,1.0,2.0,6.400000000000006,municipio,municipio
3155504,0.0,2.0,5.0,municipio,municipio
3155603,0.0,0.0,1.0,municipio,municipio
3155702,0.0,0.0,2.0,municipio,municipio
3155801,1.0,5.0,14.400000000000006,municipio,municipio
3156007,0.0,0.0,1.0,municipio,municipio
3156106,0.0,0.0,1.0,municipio,municipio
3156205,0.0,0.0,1.0,municipio,municipio
3156304,0.0,3.0,6.0,municipio,municipio
3156403,0.0,0.0,3.0,municipio,municipio
3156452,0.0,0.0,0.0,municipio,municipio
3156502,0.0,0.0,2.0,municipio,municipio
3156601,0.0,1.0,2.0,municipio,municipio
3156809,0.0,1.0,3.0,municipio,municipio
3156908,4.0,11.0,23.80000000000001,municipio,municipio
3157005,1.0,8.0,30.200000000000017,municipio,municipio
3157252,0.0,0.0,0.0,municipio,municipio
3157278,0.0,0.0,0.0,municipio,municipio
3157302,0.0,0.0,0.0,municipio,municipio
3157336,0.0,1.0,4.0,municipio,municipio
3157377,0.0,0.0,1.0,municipio,municipio
3157401,0.0,0.0,0.0,municipio,municipio
3157500,0.0,0.0,0.0,municipio,municipio
3157609,0.0,0.0,4.0,municipio,municipio
3157658,0.0,0.0,1.0,municipio,municipio
3157708,1.0,2.0,5.0,municipio,municipio
3157807,16.0,51.0,127.60000000000002,municipio,municipio
3157906,0.0,0.0,1.0,municipio,municipio
3158003,0.0,0.0,1.0,municipio,municipio
3158102,0.0,0.0,0.0,municipio,municipio
3158201,0.0,3.0,7.0,municipio,municipio
3158409,0.0,0.0,1.0,municipio,municipio
3158508,0.0,1.0,3.0,municipio,municipio
3158607,0.0,0.0,0.0,municipio,municipio
3158706,0.0,0.0,0.0,municipio,municipio
3158805,0.0,0.0,2.0,municipio,municipio
3158904,0.0,0.0,0.0,municipio,municipio
3158953,2.0,4.0,8.0,municipio,municipio
3159001,0.0,0.0,2.0,municipio,municipio
3159100,0.0,0.0,0.0,municipio,municipio
3159357,0.0,0.0,0.0,municipio,municipio
3159407,0.0,0.0,0.0,municipio,municipio
3159605,0.0,1.0,2.0,municipio,municipio
3159704,0.0,0.0,0.0,municipio,municipio
3159803,3.0,6.0,25.200000000000017,municipio,municipio
3159902,0.0,1.0,6.0,municipio,municipio
3160009,0.0,0.0,0.0,municipio,municipio
3160108,0.0,0.0,3.0,municipio,municipio
3160207,0.0,0.0,0.0,municipio,municipio
3160306,0.0,0.0,1.0,municipio,municipio
3160405,3.0,10.0,30.200000000000017,municipio,municipio
3160454,0.0,0.0,0.0,municipio,municipio
3160504,0.0,0.0,0.0,municipio,municipio
3160603,0.0,0.0,1.0,municipio,municipio
3160702,0.0,0.0,1.0,municipio,municipio
3160900,0.0,0.0,1.0,municipio,municipio
3160959,0.0,0.0,0.0,municipio,municipio
3161007,0.0,1.0,2.4000000000000057,municipio,municipio
3161056,0.0,0.0,0.0,municipio,municipio
3161106,0.0,2.0,34.60000000000002,municipio,municipio
3161205,0.0,0.0,1.0,municipio,municipio
3161304,0.0,1.0,8.400000000000006,municipio,municipio
3161403,0.0,0.0,0.0,municipio,municipio
3161502,0.0,0.0,1.0,municipio,municipio
3161601,0.0,0.0,0.0,municipio,municipio
3161650,0.0,0.0,1.0,municipio,municipio
3161700,0.0,1.0,4.400000000000006,municipio,municipio
3161809,1.0,2.0,19.0,municipio,municipio
3162104,0.0,2.0,15.800000000000011,municipio,municipio
3162203,0.0,1.0,4.400000000000006,municipio,municipio
3162252,0.0,0.0,2.0,municipio,municipio
3162302,0.0,0.0,0.0,municipio,municipio
3162401,0.0,1.0,7.800000000000011,municipio,municipio
3162450,0.0,0.0,2.0,municipio,municipio
3162500,2.0,6.0,19.80000000000001,municipio,municipio
3162559,0.0,0.0,0.0,municipio,municipio
3162575,0.0,1.0,4.0,municipio,municipio
3162609,0.0,0.0,1.0,municipio,municipio
3162658,0.0,0.0,2.4000000000000057,municipio,municipio
3162708,0.0,0.0,1.0,municipio,municipio
3162807,0.0,0.0,1.0,municipio,municipio
3162906,1.0,2.0,32.400000000000006,municipio,municipio
3162922,1.0,3.0,23.0,municipio,municipio
3162948,0.0,0.0,2.0,municipio,municipio
3162955,1.0,4.0,14.400000000000006,municipio,municipio
3163003,0.0,0.0,3.0,municipio,municipio
3163102,0.0,1.0,5.0,municipio,municipio
3163201,0.0,0.0,0.0,municipio,municipio
3163300,0.0,0.0,0.0,municipio,municipio
3163409,0.0,1.0,5.0,municipio,municipio
3163508,0.0,0.0,1.0,municipio,municipio
3163607,0.0,0.0,0.0,municipio,municipio
3163706,0.0,1.0,5.0,municipio,municipio
3163805,0.0,0.0,0.0,municipio,municipio
3163904,0.0,1.0,1.0,municipio,municipio
3164001,0.0,1.0,4.0,municipio,municipio
3164100,0.0,0.0,0.0,municipio,municipio
3164209,0.0,0.0,1.0,municipio,municipio
3164308,0.0,0.0,0.0,municipio,municipio
3164407,0.0,0.0,0.0,municipio,municipio
3164472,0.0,0.0,0.0,municipio,municipio
3164506,0.0,0.0,0.4000000000000057,municipio,municipio
3164605,0.0,1.0,4.0,municipio,municipio
3164803,0.0,0.0,0.0,municipio,municipio
3164902,0.0,0.0,0.0,municipio,municipio
3165008,0.0,0.0,2.0,municipio,municipio
3165305,0.0,0.0,0.0,municipio,municipio
3165503,0.0,0.0,0.0,municipio,municipio
3165537,2.0,6.0,25.60000000000005,municipio,municipio
3165552,0.0,0.0,1.0,municipio,municipio
3165560,0.0,0.0,0.0,municipio,municipio
3165578,0.0,0.0,0.0,municipio,municipio
3165602,0.0,0.0,0.0,municipio,municipio
3165701,0.0,0.0,1.0,municipio,municipio
3165909,0.0,0.0,1.0,municipio,municipio
3166006,0.0,0.0,0.0,municipio,municipio
3166105,0.0,0.0,0.0,municipio,municipio
3166204,0.0,0.0,0.0,municipio,municipio
3166303,0.0,0.0,0.0,municipio,municipio
3166501,0.0,0.0,0.0,municipio,municipio
3166600,0.0,0.0,0.0,municipio,municipio
3166709,0.0,1.0,3.0,municipio,municipio
3166808,0.0,2.0,6.0,municipio,municipio
3166907,0.0,0.0,1.0,municipio,municipio
3166956,0.0,0.0,0.0,municipio,municipio
3167103,0.0,1.0,3.0,municipio,municipio
3167202,15.0,62.0,245.4000000000002,municipio,municipio
3167301,0.0,0.0,0.0,municipio,municipio
3167400,0.0,0.0,0.0,municipio,municipio
3167509,0.0,0.0,0.0,municipio,municipio
3167608,0.0,0.0,1.0,municipio,municipio
3167707,0.0,0.0,1.0,municipio,municipio
3167806,0.0,0.0,0.0,municipio,municipio
3167905,0.0,1.0,3.0,municipio,municipio
3168002,0.0,2.0,4.0,municipio,municipio
3168051,0.0,1.0,4.400000000000006,municipio,municipio
3168101,0.0,0.0,0.0,municipio,municipio
3168200,0.0,0.0,0.0,municipio,municipio
3168309,0.0,0.0,2.0,municipio,municipio
3168408,0.0,0.0,0.0,municipio,municipio
3168507,0.0,0.0,0.0,municipio,municipio
3168606,3.0,10.0,44.80000000000007,municipio,municipio
3168705,7.0,12.0,21.0,municipio,municipio
3168804,0.0,0.0,1.0,municipio,municipio
3168903,0.0,1.0,4.0,municipio,municipio
3169000,2.0,6.0,30.00000000000003,municipio,municipio
3169059,0.0,0.0,0.0,municipio,municipio
3169109,0.0,0.0,0.0,municipio,municipio
3169208,0.0,0.0,1.0,municipio,municipio
3169356,1.0,4.0,43.80000000000001,municipio,municipio
3169505,0.0,2.0,5.0,municipio,municipio
3169604,0.0,1.0,2.0,municipio,municipio
3169703,3.0,8.0,15.400000000000006,municipio,municipio
3169802,0.0,0.0,0.0,municipio,municipio
3169901,9.0,16.0,49.400000000000006,municipio,municipio
3170008,0.0,1.0,16.00000000000003,municipio,municipio
3170057,0.0,0.0,2.0,municipio,municipio
3170107,69.0,136.0,353.8,municipio,municipio
3170206,65.0,107.0,953.8000000000002,municipio,municipio
3170305,0.0,0.0,0.0,municipio,municipio
3170404,75.0,117.0,192.20000000000005,municipio,municipio
3170438,0.0,2.0,5.0,municipio,municipio
3170503,0.0,0.0,0.0,municipio,municipio
3170529,0.0,1.0,14.400000000000006,municipio,municipio
3170578,0.0,0.0,3.4000000000000057,municipio,municipio
3170602,0.0,0.0,0.0,municipio,municipio
3170651,0.0,0.0,0.0,municipio,municipio
3170750,0.0,1.0,5.0,municipio,municipio
3170800,2.0,7.0,67.80000000000001,municipio,municipio
3170909,0.0,1.0,9.0,municipio,municipio
3171030,0.0,0.0,2.0,municipio,municipio
3171071,0.0,0.0,0.0,municipio,municipio
3171105,0.0,2.0,15.400000000000006,municipio,municipio
3171154,0.0,0.0,0.0,municipio,municipio
3171204,4.0,10.0,22.0,municipio,municipio
3171303,0.0,1.0,5.400000000000006,municipio,municipio
3171402,0.0,0.0,0.0,municipio,municipio
3171501,0.0,0.0,0.0,municipio,municipio
3171600,0.0,2.0,4.0,municipio,municipio
3171709,0.0,0.0,0.0,municipio,municipio
3171808,0.0,0.0,1.0,municipio,municipio
3171907,0.0,0.0,2.0,municipio,municipio
3172004,8.0,16.0,52.400000000000006,municipio,municipio
3172103,0.0,0.0,1.4000000000000057,municipio,municipio
3172202,0.0,0.0,0.0,municipio,municipio
3200102,1.0,3.0,25.400000000000034,municipio,municipio
3200136,0.0,0.0,1.0,municipio,municipio
3200169,0.0,0.0,2.4000000000000057,municipio,municipio
3200201,0.0,2.0,12.800000000000011,municipio,municipio
3200359,0.0,0.0,0.0,municipio,municipio
3200508,0.0,0.0,2.4000000000000057,municipio,municipio
3200706,0.0,1.0,4.0,municipio,municipio
3200904,0.0,2.0,34.20000000000002,municipio,municipio
3201100,0.0,0.0,2.0,municipio,municipio
3201159,0.0,0.0,0.0,municipio,municipio
3201209,6.0,27.0,216.2000000000001,municipio,municipio
3201308,7.0,28.0,64.80000000000001,municipio,municipio
3201407,0.0,1.0,4.400000000000006,municipio,municipio
3201506,3.0,9.0,24.0,municipio,municipio
3201605,0.0,2.0,5.0,municipio,municipio
3201704,0.0,0.0,2.0,municipio,municipio
3201803,0.0,0.0,0.0,municipio,municipio
3201902,0.0,1.0,2.0,municipio,municipio
3202009,0.0,0.0,0.0,municipio,municipio
3202108,0.0,2.0,7.0,municipio,municipio
3202256,0.0,0.0,0.0,municipio,municipio
3202306,0.0,1.0,6.0,municipio,municipio
3202454,0.0,1.0,3.0,municipio,municipio
3202553,0.0,0.0,0.0,municipio,municipio
3202652,0.0,0.0,6.800000000000011,municipio,municipio
3202801,0.0,4.0,16.400000000000006,municipio,municipio
3203007,0.0,1.0,5.800000000000011,municipio,municipio
3203056,1.0,5.0,13.400000000000006,municipio,municipio
3203106,0.0,1.0,19.400000000000006,municipio,municipio
3203163,0.0,1.0,2.0,municipio,municipio
3203205,61.0,102.0,180.20000000000002,municipio,municipio
3203304,0.0,0.0,1.0,municipio,municipio
3203320,0.0,3.0,27.200000000000017,municipio,municipio
3203353,0.0,1.0,1.0,municipio,municipio
3203403,0.0,1.0,4.0,municipio,municipio
3203502,0.0,1.0,17.200000000000017,municipio,municipio
3203601,0.0,1.0,3.0,municipio,municipio
3203700,0.0,1.0,2.0,municipio,municipio
3203809,0.0,1.0,3.4000000000000057,municipio,municipio
3204005,0.0,0.0,1.0,municipio,municipio
3204054,1.0,7.0,23.400000000000006,municipio,municipio
3204252,0.0,1.0,16.200000000000017,municipio,municipio
3204302,0.0,1.0,3.0,municipio,municipio
3204351,1.0,2.0,3.4000000000000057,municipio,municipio
3204401,0.0,0.0,2.0,municipio,municipio
3204658,0.0,0.0,2.0,municipio,municipio
3204807,0.0,0.0,1.0,municipio,municipio
3204906,5.0,14.0,90.00000000000003,municipio,municipio
3205002,13.0,82.0,485.2000000000003,municipio,municipio
3205010,0.0,5.0,26.80000000000001,municipio,municipio
3205069,0.0,1.0,3.0,municipio,municipio
3205101,1.0,6.0,31.200000000000017,municipio,municipio
3205200,22.0,51.0,169.40000000000006,municipio,municipio
3205309,30.0,90.0,323.6,municipio,municipio
3300100,2.0,6.0,18.400000000000006,municipio,municipio
3300159,0.0,0.0,1.0,municipio,municipio
3300209,1.0,2.0,6.0,municipio,municipio
3300225,0.0,0.0,0.0,municipio,municipio
3300233,0.0,1.0,3.0,municipio,municipio
3300258,0.0,0.0,2.0,municipio,municipio
3300407,2.0,7.0,32.400000000000006,municipio,municipio
3300456,3.0,13.0,23.400000000000006,municipio,municipio
3300506,0.0,0.0,1.0,municipio,municipio
3300605,0.0,1.0,5.400000000000006,municipio,municipio
3300704,2.0,4.0,11.200000000000017,municipio,municipio
3300803,0.0,0.0,2.0,municipio,municipio
3300902,0.0,0.0,0.0,municipio,municipio
3300936,0.0,0.0,0.0,municipio,municipio
3300951,0.0,0.0,0.0,municipio,municipio
3301009,0.0,2.0,4.0,municipio,municipio
3301108,0.0,0.0,0.0,municipio,municipio
3301157,0.0,1.0,2.0,municipio,municipio
3301207,0.0,0.0,1.0,municipio,municipio
3301306,0.0,1.0,3.0,municipio,municipio
3301405,0.0,0.0,1.0,municipio,municipio
3301504,0.0,0.0,1.0,municipio,municipio
3301603,0.0,0.0,1.0,municipio,municipio
3301702,2.0,6.0,22.400000000000006,municipio,municipio
3301850,0.0,0.0,1.0,municipio,municipio
3301876,1.0,3.0,7.0,municipio,municipio
3301900,2.0,14.0,25.400000000000006,municipio,municipio
3302007,0.0,1.0,5.0,municipio,municipio
3302056,0.0,0.0,2.0,municipio,municipio
3302106,0.0,0.0,1.0,municipio,municipio
3302205,1.0,2.0,4.0,municipio,municipio
3302254,1.0,2.0,4.0,municipio,municipio
3302270,1.0,3.0,19.0,municipio,municipio
3302304,0.0,0.0,0.0,municipio,municipio
3302403,1.0,3.0,6.0,municipio,municipio
3302452,0.0,0.0,0.0,municipio,municipio
3302502,0.0,2.0,5.400000000000006,municipio,municipio
3302601,1.0,2.0,8.0,municipio,municipio
3302700,2.0,6.0,15.400000000000006,municipio,municipio
3302858,0.0,1.0,2.4000000000000057,municipio,municipio
3303005,0.0,1.0,2.0,municipio,municipio
3303104,0.0,1.0,4.400000000000006,municipio,municipio
3303203,0.0,1.0,1.4000000000000057,municipio,municipio
3303302,2.0,5.0,9.0,municipio,municipio
3303401,2.0,7.0,13.400000000000006,municipio,municipio
3303500,4.0,12.0,28.0,municipio,municipio
3303609,0.0,1.0,1.0,municipio,municipio
3303708,0.0,0.0,1.0,municipio,municipio
3303807,5.0,14.0,35.00000000000003,municipio,municipio
3303955,0.0,3.0,12.0,municipio,municipio
3304003,2.0,4.0,8.0,municipio,municipio
3304102,1.0,3.0,7.800000000000011,municipio,municipio
3304110,0.0,1.0,3.0,municipio,municipio
3304128,0.0,1.0,2.0,municipio,municipio
3304144,0.0,1.0,3.4000000000000057,municipio,municipio
3304151,0.0,0.0,1.0,municipio,municipio
3304201,7.0,13.0,20.0,municipio,municipio
3304300,0.0,0.0,1.0,municipio,municipio
3304409,0.0,0.0,1.0,municipio,municipio
3304524,2.0,4.0,10.0,municipio,municipio
3304557,33.0,86.0,412.6000000000005,municipio,municipio
3304607,0.0,0.0,0.0,municipio,municipio
3304706,0.0,1.0,2.0,municipio,municipio
3304755,0.0,4.0,21.0,municipio,municipio
3304805,0.0,0.0,1.0,municipio,municipio
3304904,3.0,17.0,34.400000000000006,municipio,municipio
3305000,0.0,0.0,0.0,municipio,municipio
3305109,2.0,5.0,19.80000000000001,municipio,municipio
3305133,0.0,0.0,0.0,municipio,municipio
3305158,0.0,0.0,0.0,municipio,municipio
3305208,1.0,2.0,5.800000000000011,municipio,municipio
3305307,0.0,0.0,0.0,municipio,municipio
3305406,0.0,0.0,3.0,municipio,municipio
3305505,6.0,9.0,13.400000000000006,municipio,municipio
3305554,0.0,1.0,4.0,municipio,municipio
3305604,0.0,0.0,0.0,municipio,municipio
3305703,0.0,0.0,0.0,municipio,municipio
3305752,0.0,0.0,1.0,municipio,municipio
3305802,0.0,1.0,1.0,municipio,municipio
3305901,0.0,0.0,0.0,municipio,municipio
3306008,0.0,1.0,9.0,municipio,municipio
3306156,0.0,0.0,0.0,municipio,municipio
3306305,3.0,19.0,66.20000000000002,municipio,municipio
3500105,5.0,27.0,93.20000000000002,municipio,municipio
3500709,1.0,4.0,69.20000000000005,municipio,municipio
3500758,0.0,1.0,2.0,municipio,municipio
3500808,1.0,3.0,7.0,municipio,municipio
3501152,1.0,2.0,2.4000000000000057,municipio,municipio
3501301,5.0,12.0,29.400000000000006,municipio,municipio
3501400,0.0,2.0,5.400000000000006,municipio,municipio
3501509,0.0,1.0,3.0,municipio,municipio
3501707,2.0,6.0,85.00000000000011,municipio,municipio
3502002,0.0,1.0,1.0,municipio,municipio
3502408,0.0,1.0,2.0,municipio,municipio
3502606,0.0,1.0,3.0,municipio,municipio
3502705,0.0,0.0,1.0,municipio,municipio
3502804,76.0,175.0,284.80000000000007,municipio,municipio
3502903,2.0,5.0,10.400000000000006,municipio,municipio
3503158,0.0,0.0,0.0,municipio,municipio
3503208,14.0,24.0,537.2000000000002,municipio,municipio
3503356,0.0,2.0,4.0,municipio,municipio
3503703,1.0,3.0,7.400000000000006,municipio,municipio
3503901,3.0,9.0,23.80000000000004,municipio,municipio
3503950,0.0,1.0,2.0,municipio,municipio
3504107,4.0,7.0,13.0,municipio,municipio
3504206,3.0,9.0,35.20000000000002,municipio,municipio
3504305,0.0,0.0,2.0,municipio,municipio
3504909,0.0,0.0,1.0,municipio,municipio
3505005,0.0,0.0,1.0,municipio,municipio
3505351,0.0,0.0,0.0,municipio,municipio
3505609,8.0,27.0,55.20000000000002,municipio,municipio
3505807,2.0,5.0,30.400000000000006,municipio,municipio
3505906,1.0,3.0,28.80000000000001,municipio,municipio
3506003,21.0,46.0,671.8000000000004,municipio,municipio
3506201,0.0,1.0,3.0,municipio,municipio
3506409,1.0,4.0,18.400000000000006,municipio,municipio
3507001,4.0,12.0,30.200000000000017,municipio,municipio
3507100,0.0,1.0,2.0,municipio,municipio
3507159,0.0,0.0,0.0,municipio,municipio
3507209,0.0,0.0,1.0,municipio,municipio
3507308,0.0,0.0,1.0,municipio,municipio
3507456,0.0,0.0,2.4000000000000057,municipio,municipio
3507605,4.0,8.0,12.0,municipio,municipio
3507704,1.0,4.0,8.0,municipio,municipio
3507803,2.0,6.0,42.00000000000003,municipio,municipio
3507902,1.0,9.0,26.400000000000006,municipio,municipio
3508009,0.0,2.0,15.80000000000004,municipio,municipio
3508306,0.0,0.0,2.0,municipio,municipio
3508504,5.0,14.0,27.80000000000001,municipio,municipio
3508900,0.0,0.0,1.0,municipio,municipio
3509007,1.0,3.0,10.0,municipio,municipio
3509254,1.0,3.0,12.200000000000017,municipio,municipio
3509304,0.0,3.0,11.0,municipio,municipio
3509403,0.0,1.0,6.0,municipio,municipio
3509502,92.0,264.0,478.4000000000001,municipio,municipio
3509809,0.0,2.0,10.0,municipio,municipio
3510104,0.0,0.0,1.4000000000000057,municipio,municipio
3510302,2.0,5.0,22.80000000000001,municipio,municipio
3511102,30.0,100.0,314.2000000000003,municipio,municipio
3511201,0.0,2.0,12.80000000000004,municipio,municipio
3511300,3.0,7.0,29.0,municipio,municipio
3511508,2.0,4.0,12.0,municipio,municipio
3511607,0.0,1.0,7.400000000000006,municipio,municipio
3511904,0.0,3.0,7.0,municipio,municipio
3512605,0.0,0.0,0.0,municipio,municipio
3512704,0.0,1.0,1.0,municipio,municipio
3513108,1.0,5.0,22.400000000000006,municipio,municipio
3513207,0.0,1.0,2.0,municipio,municipio
3513603,0.0,0.0,1.0,municipio,municipio
3513702,2.0,3.0,6.0,municipio,municipio
3513801,8.0,18.0,37.80000000000001,municipio,municipio
3513850,0.0,1.0,3.0,municipio,municipio
3514007,0.0,2.0,11.0,municipio,municipio
3514205,0.0,2.0,4.0,municipio,municipio
3514304,0.0,1.0,3.4000000000000057,municipio,municipio
3514403,10.0,32.0,108.0,municipio,municipio
3514502,0.0,1.0,8.400000000000006,municipio,municipio
3514601,0.0,2.0,12.400000000000006,municipio,municipio
3514700,0.0,2.0,4.0,municipio,municipio
3514809,0.0,2.0,4.0,municipio,municipio
3514924,0.0,1.0,6.0,municipio,municipio
3514957,0.0,0.0,7.400000000000006,municipio,municipio
3515103,0.0,1.0,2.0,municipio,municipio
3515129,0.0,1.0,2.0,municipio,municipio
3515202,2.0,9.0,24.400000000000006,municipio,municipio
3515301,0.0,1.0,3.0,municipio,municipio
3515400,0.0,1.0,2.4000000000000057,municipio,municipio
3515608,0.0,1.0,3.4000000000000057,municipio,municipio
3515657,0.0,1.0,2.0,municipio,municipio
3515707,2.0,4.0,7.0,municipio,municipio
3515806,0.0,0.0,2.0,municipio,municipio
3516002,1.0,6.0,25.400000000000006,municipio,municipio
3516200,11.0,66.0,286.60000000000014,municipio,municipio
3516309,2.0,5.0,10.400000000000006,municipio,municipio
3516408,2.0,4.0,11.0,municipio,municipio
3516507,0.0,1.0,3.4000000000000057,municipio,municipio
3516606,0.0,1.0,2.0,municipio,municipio
3516705,7.0,21.0,41.0,municipio,municipio
3517505,5.0,18.0,55.20000000000002,municipio,municipio
3517604,0.0,0.0,0.0,municipio,municipio
3517802,2.0,6.0,14.0,municipio,municipio
3518008,0.0,3.0,10.0,municipio,municipio
3518206,5.0,18.0,67.0,municipio,municipio
3518602,1.0,4.0,13.0,municipio,municipio
3518800,42.0,77.0,182.20000000000005,municipio,municipio
3518859,1.0,2.0,6.0,municipio,municipio
3518909,0.0,1.0,3.0,municipio,municipio
3519006,2.0,7.0,33.400000000000006,municipio,municipio
3519204,1.0,3.0,5.400000000000006,municipio,municipio
3519303,1.0,4.0,14.0,municipio,municipio
3519402,3.0,18.0,49.20000000000002,municipio,municipio
3520202,0.0,1.0,1.0,municipio,municipio
3520301,1.0,2.0,4.400000000000006,municipio,municipio
3520426,0.0,1.0,2.0,municipio,municipio
3520509,4.0,7.0,20.0,municipio,municipio
3520608,0.0,1.0,3.0,municipio,municipio
3520707,1.0,9.0,18.0,municipio,municipio
3520806,0.0,2.0,12.0,municipio,municipio
3521002,3.0,10.0,61.80000000000001,municipio,municipio
3521606,1.0,6.0,19.80000000000001,municipio,municipio
3521705,0.0,0.0,1.4000000000000057,municipio,municipio
3521903,3.0,7.0,14.0,municipio,municipio
3522109,9.0,25.0,82.4,municipio,municipio
3522208,1.0,3.0,6.400000000000006,municipio,municipio
3522406,2.0,4.0,10.0,municipio,municipio
3522653,0.0,0.0,0.0,municipio,municipio
3522802,0.0,1.0,4.0,municipio,municipio
3523107,8.0,16.0,27.400000000000006,municipio,municipio
3523206,2.0,4.0,16.200000000000017,municipio,municipio
3523305,0.0,1.0,5.0,municipio,municipio
3523404,2.0,3.0,6.800000000000011,municipio,municipio
3523602,1.0,2.0,5.400000000000006,municipio,municipio
3523701,0.0,0.0,1.0,municipio,municipio
3523909,12.0,27.0,51.400000000000034,municipio,municipio
3524303,9.0,28.0,77.4,municipio,municipio
3524402,21.0,40.0,85.80000000000001,municipio,municipio
3524600,0.0,1.0,3.0,municipio,municipio
3524808,11.0,36.0,83.2000000000001,municipio,municipio
3525102,1.0,5.0,13.400000000000006,municipio,municipio
3525201,0.0,1.0,2.0,municipio,municipio
3525508,0.0,0.0,1.0,municipio,municipio
3525805,0.0,1.0,6.0,municipio,municipio
3525854,0.0,0.0,1.0,municipio,municipio
3526001,4.0,17.0,27.0,municipio,municipio
3526100,0.0,1.0,6.0,municipio,municipio
3526209,0.0,0.0,0.0,municipio,municipio
3526506,1.0,3.0,7.400000000000006,municipio,municipio
3527306,2.0,4.0,7.0,municipio,municipio
3527405,2.0,10.0,29.400000000000006,municipio,municipio
3527504,0.0,0.0,1.0,municipio,municipio
3527603,1.0,4.0,17.0,municipio,municipio
3527702,0.0,1.0,3.0,municipio,municipio
3527801,0.0,1.0,2.0,municipio,municipio
3527900,1.0,1.0,3.0,municipio,municipio
3528502,4.0,7.0,14.0,municipio,municipio
3528700,1.0,2.0,9.600000000000023,municipio,municipio
3528858,0.0,2.0,4.0,municipio,municipio
3528908,1.0,3.0,11.800000000000011,municipio,municipio
3529005,50.0,157.0,270.40000000000003,municipio,municipio
3529104,0.0,0.0,2.0,municipio,municipio
3529203,2.0,9.0,23.0,municipio,municipio
3529302,1.0,5.0,74.40000000000015,municipio,municipio
3529401,6.0,11.0,19.0,municipio,municipio
3529658,0.0,3.0,8.0,municipio,municipio
3529708,0.0,0.0,1.0,municipio,municipio
3529906,1.0,2.0,10.200000000000017,municipio,municipio
3530102,7.0,38.0,83.20000000000005,municipio,municipio
3531100,3.0,9.0,32.400000000000006,municipio,municipio
3531605,1.0,2.0,7.0,municipio,municipio
3531704,0.0,0.0,1.0,municipio,municipio
3532009,0.0,0.0,1.0,municipio,municipio
3532058,0.0,1.0,6.0,municipio,municipio
3532207,1.0,3.0,8.400000000000006,municipio,municipio
3532405,0.0,0.0,1.0,municipio,municipio
3532827,0.0,0.0,0.0,municipio,municipio
3532843,0.0,0.0,1.0,municipio,municipio
3533106,1.0,2.0,4.400000000000006,municipio,municipio
3533205,1.0,6.0,15.200000000000017,municipio,municipio
3533254,0.0,1.0,5.0,municipio,municipio
3533502,7.0,34.0,60.400000000000006,municipio,municipio
3533601,0.0,1.0,6.400000000000006,municipio,municipio
3533700,0.0,1.0,2.0,municipio,municipio
3534104,1.0,4.0,13.400000000000006,municipio,municipio
3534500,0.0,1.0,5.0,municipio,municipio
3534609,3.0,12.0,62.60000000000002,municipio,municipio
3534757,3.0,14.0,27.400000000000006,municipio,municipio
3534807,1.0,5.0,11.400000000000006,municipio,municipio
3534906,2.0,9.0,18.400000000000006,municipio,municipio
3535101,2.0,6.0,19.0,municipio,municipio
3535200,2.0,5.0,13.0,municipio,municipio
3535705,1.0,2.0,4.0,municipio,municipio
3535903,0.0,2.0,5.400000000000006,municipio,municipio
3536000,2.0,7.0,21.80000000000001,municipio,municipio
3536208,1.0,1.0,5.0,municipio,municipio
3536307,0.0,0.0,4.400000000000006,municipio,municipio
3536570,0.0,0.0,1.0,municipio,municipio
3536604,1.0,4.0,20.80000000000001,municipio,municipio
3536703,3.0,7.0,40.400000000000006,municipio,municipio
3536802,0.0,0.0,0.0,municipio,municipio
3537206,0.0,2.0,3.4000000000000057,municipio,municipio
3537602,15.0,35.0,74.80000000000001,municipio,municipio
3537701,0.0,2.0,6.0,municipio,municipio
3537800,1.0,2.0,3.0,municipio,municipio
3538006,29.0,90.0,262.0,municipio,municipio
3538105,3.0,8.0,30.80000000000001,municipio,municipio
3538204,0.0,0.0,1.0,municipio,municipio
3538303,0.0,1.0,3.0,municipio,municipio
3538600,0.0,1.0,1.0,municipio,municipio
3539004,1.0,5.0,12.400000000000006,municipio,municipio
3539202,5.0,19.0,37.60000000000002,municipio,municipio
3539400,1.0,4.0,19.000000000000057,municipio,municipio
3539707,0.0,0.0,1.0,municipio,municipio
3539806,2.0,5.0,8.0,municipio,municipio
3540002,2.0,10.0,33.0,municipio,municipio
3540200,1.0,5.0,17.0,municipio,municipio
3540259,1.0,4.0,16.400000000000006,municipio,municipio
3540408,0.0,1.0,4.0,municipio,municipio
3540507,0.0,0.0,1.0,municipio,municipio
3540606,7.0,16.0,28.400000000000006,municipio,municipio
3540853,0.0,1.0,3.0,municipio,municipio
3540903,0.0,3.0,8.600000000000023,municipio,municipio
3541109,0.0,0.0,2.4000000000000057,municipio,municipio
3541208,2.0,5.0,19.400000000000006,municipio,municipio
3541406,88.0,240.0,494.4,municipio,municipio
3541505,2.0,9.0,32.400000000000006,municipio,municipio
3541653,0.0,0.0,1.0,municipio,municipio
3541802,1.0,5.0,14.400000000000006,municipio,municipio
3542008,1.0,3.0,6.0,municipio,municipio
3542404,4.0,14.0,27.0,municipio,municipio
3542602,1.0,5.0,23.600000000000023,municipio,municipio
3542701,0.0,0.0,2.4000000000000057,municipio,municipio
3542909,0.0,1.0,9.0,municipio,municipio
3543006,0.0,0.0,0.0,municipio,municipio
3543238,0.0,1.0,2.0,municipio,municipio
3543303,2.0,4.0,8.400000000000006,municipio,municipio
3543402,103.0,430.0,1124.2,municipio,municipio
3543501,0.0,0.0,1.8000000000000114,municipio,municipio
3543600,0.0,0.0,1.0,municipio,municipio
3543709,0.0,2.0,13.200000000000017,municipio,municipio
3543808,1.0,6.0,24.200000000000017,municipio,municipio
3544202,1.0,4.0,13.800000000000011,municipio,municipio
3544301,1.0,3.0,8.0,municipio,municipio
3544400,0.0,3.0,8.0,municipio,municipio
3544509,1.0,3.0,8.0,municipio,municipio
3544707,0.0,1.0,10.0,municipio,municipio
3545100,0.0,2.0,11.400000000000006,municipio,municipio
3545209,19.0,33.0,47.0,municipio,municipio
3545308,2.0,5.0,9.0,municipio,municipio
3545605,2.0,6.0,17.0,municipio,municipio
3545704,1.0,4.0,18.0,municipio,municipio
3546108,1.0,2.0,5.400000000000006,municipio,municipio
3546207,0.0,1.0,3.0,municipio,municipio
3546256,0.0,0.0,1.0,municipio,municipio
3546504,0.0,2.0,9.0,municipio,municipio
3546603,6.0,17.0,50.80000000000001,municipio,municipio
3546801,2.0,4.0,8.0,municipio,municipio
3546900,0.0,1.0,5.400000000000006,municipio,municipio
3547106,0.0,2.0,4.0,municipio,municipio
3547205,0.0,0.0,2.0,municipio,municipio
3547403,0.0,2.0,10.0,municipio,municipio
3547502,1.0,5.0,17.200000000000017,municipio,municipio
3547601,1.0,5.0,16.200000000000017,municipio,municipio
3547650,1.0,2.0,5.400000000000006,municipio,municipio
3547700,2.0,11.0,32.400000000000006,municipio,municipio
3547809,5.0,11.0,23.0,municipio,municipio
3548054,2.0,5.0,9.800000000000011,municipio,municipio
3548302,0.0,1.0,3.4000000000000057,municipio,municipio
3548401,0.0,4.0,12.400000000000006,municipio,municipio
3548708,17.0,35.0,56.80000000000001,municipio,municipio
3548807,2.0,4.0,8.0,municipio,municipio
3548906,15.0,30.0,216.60000000000022,municipio,municipio
3549003,1.0,3.0,9.0,municipio,municipio
3549201,0.0,2.0,5.0,municipio,municipio
3549300,0.0,2.0,8.400000000000006,municipio,municipio
3549508,0.0,0.0,6.400000000000006,municipio,municipio
3549607,0.0,0.0,0.0,municipio,municipio
3549904,140.0,180.0,276.6,municipio,municipio
3549953,0.0,0.0,0.0,municipio,municipio
3550308,293.0,620.0,1439.2000000000003,municipio,municipio
3550902,1.0,6.0,28.0,municipio,municipio
3551405,0.0,2.0,13.800000000000011,municipio,municipio
3551504,2.0,7.0,24.200000000000017,municipio,municipio
3551702,9.0,30.0,98.80000000000001,municipio,municipio
3551801,0.0,0.0,3.4000000000000057,municipio,municipio
3551900,2.0,5.0,13.0,municipio,municipio
3552205,115.0,228.0,389.40000000000003,municipio,municipio
3552502,4.0,13.0,20.0,municipio,municipio
3552601,4.0,20.0,56.20000000000002,municipio,municipio
3552908,1.0,2.0,4.0,municipio,municipio
3553005,0.0,2.0,3.0,municipio,municipio
3553708,3.0,12.0,62.20000000000002,municipio,municipio
3553856,0.0,0.0,0.0,municipio,municipio
3553906,1.0,2.0,8.800000000000011,municipio,municipio
3554003,11.0,29.0,369.40000000000066,municipio,municipio
3554102,44.0,81.0,176.60000000000005,municipio,municipio
3554508,1.0,3.0,16.0,municipio,municipio
3554656,0.0,0.0,1.0,municipio,municipio
3554755,0.0,2.0,6.0,municipio,municipio
3554805,4.0,8.0,15.400000000000006,municipio,municipio
3554904,0.0,2.0,6.0,municipio,municipio
3554953,0.0,0.0,0.0,municipio,municipio
3555000,14.0,37.0,109.40000000000003,municipio,municipio
3555109,5.0,17.0,35.400000000000006,municipio,municipio
3555307,0.0,2.0,5.0,municipio,municipio
3555505,0.0,0.0,1.0,municipio,municipio
3555604,3.0,11.0,21.80000000000001,municipio,municipio
3555802,4.0,13.0,30.80000000000001,municipio,municipio
3556008,1.0,3.0,14.200000000000017,municipio,municipio
3556206,6.0,11.0,26.0,municipio,municipio
3556305,3.0,21.0,59.00000000000003,municipio,municipio
3556354,0.0,0.0,1.0,municipio,municipio
3556602,1.0,3.0,14.400000000000006,municipio,municipio
3556701,3.0,6.0,14.400000000000006,municipio,municipio
3556909,1.0,2.0,5.0,municipio,municipio
3556958,1.0,4.0,9.400000000000006,municipio,municipio
3557006,17.0,40.0,68.40000000000003,municipio,municipio
5200050,1.0,3.0,7.0,municipio,municipio
5200100,1.0,5.0,18.400000000000006,municipio,municipio
5200134,2.0,5.0,19.400000000000006,municipio,municipio
5200159,0.0,1.0,2.0,municipio,municipio
5200175,0.0,2.0,5.400000000000006,municipio,municipio
5200209,0.0,0.0,1.0,municipio,municipio
5200258,42.0,86.0,157.8,municipio,municipio
5200308,1.0,7.0,25.400000000000006,municipio,municipio
5200506,0.0,0.0,0.0,municipio,municipio
5200605,0.0,2.0,6.0,municipio,municipio
5200803,0.0,1.0,2.0,municipio,municipio
5200829,0.0,0.0,0.0,municipio,municipio
5200852,0.0,1.0,4.0,municipio,municipio
5201108,85.0,213.0,365.4000000000001,municipio,municipio
5201207,0.0,0.0,2.0,municipio,municipio
5201306,1.0,3.0,36.80000000000004,municipio,municipio
5201405,230.0,315.0,480.80000000000007,municipio,municipio
5201603,0.0,0.0,2.0,municipio,municipio
5201801,1.0,3.0,7.400000000000006,municipio,municipio
5202601,0.0,1.0,4.0,municipio,municipio
5202809,0.0,0.0,2.0,municipio,municipio
5203302,5.0,15.0,22.0,municipio,municipio
5203500,2.0,10.0,20.400000000000006,municipio,municipio
5203559,0.0,0.0,1.0,municipio,municipio
5203575,0.0,0.0,1.0,municipio,municipio
5203609,0.0,0.0,1.0,municipio,municipio
5203906,0.0,1.0,3.4000000000000057,municipio,municipio
5203939,0.0,1.0,5.400000000000006,municipio,municipio
5203962,0.0,0.0,1.0,municipio,municipio
5204102,0.0,2.0,5.0,municipio,municipio
5204201,0.0,0.0,1.0,municipio,municipio
5204250,0.0,1.0,6.800000000000011,municipio,municipio
5204300,2.0,7.0,16.400000000000006,municipio,municipio
5204508,7.0,25.0,57.400000000000006,municipio,municipio
5204557,0.0,1.0,2.0,municipio,municipio
5204607,0.0,1.0,2.0,municipio,municipio
5204656,0.0,0.0,0.0,municipio,municipio
5204805,0.0,2.0,9.0,municipio,municipio
5204854,1.0,2.0,5.0,municipio,municipio
5204904,2.0,5.0,22.0,municipio,municipio
5205109,9.0,19.0,57.00000000000003,municipio,municipio
5205208,0.0,0.0,4.0,municipio,municipio
5205307,0.0,0.0,1.0,municipio,municipio
5205455,0.0,1.0,3.0,municipio,municipio
5205497,8.0,30.0,83.60000000000002,municipio,municipio
5205513,2.0,8.0,18.400000000000006,municipio,municipio
5205521,0.0,0.0,1.0,municipio,municipio
5205703,0.0,0.0,2.0,municipio,municipio
5205802,1.0,3.0,6.400000000000006,municipio,municipio
5205901,2.0,10.0,24.80000000000001,municipio,municipio
5206206,16.0,52.0,131.40000000000006,municipio,municipio
5206305,0.0,1.0,4.0,municipio,municipio
5206503,0.0,0.0,1.0,municipio,municipio
5206602,0.0,0.0,2.0,municipio,municipio
5206701,0.0,0.0,2.0,municipio,municipio
5206800,0.0,0.0,2.0,municipio,municipio
5206909,0.0,0.0,1.0,municipio,municipio
5207352,0.0,1.0,3.0,municipio,municipio
5207402,1.0,3.0,10.400000000000006,municipio,municipio
5207501,0.0,1.0,4.0,municipio,municipio
5207535,0.0,0.0,3.0,municipio,municipio
5207808,2.0,6.0,17.400000000000006,municipio,municipio
5207907,0.0,0.0,1.0,municipio,municipio
5208004,19.0,92.0,135.4,municipio,municipio
5208103,0.0,2.0,6.800000000000011,municipio,municipio
5208152,0.0,1.0,2.0,municipio,municipio
5208301,0.0,0.0,2.4000000000000057,municipio,municipio
5208400,1.0,3.0,5.0,municipio,municipio
5208509,0.0,1.0,2.0,municipio,municipio
5208707,297.0,542.0,1112.0000000000002,municipio,municipio
5208806,5.0,12.0,24.0,municipio,municipio
5208905,1.0,9.0,23.400000000000006,municipio,municipio
5209101,5.0,15.0,48.400000000000006,municipio,municipio
5209200,1.0,2.0,3.4000000000000057,municipio,municipio
5209291,0.0,0.0,0.0,municipio,municipio
5209408,0.0,1.0,3.4000000000000057,municipio,municipio
5209606,0.0,1.0,2.0,municipio,municipio
5209705,3.0,10.0,21.0,municipio,municipio
5209903,0.0,2.0,7.400000000000006,municipio,municipio
5209952,0.0,1.0,3.0,municipio,municipio
5210000,6.0,26.0,47.60000000000002,municipio,municipio
5210109,1.0,5.0,11.0,municipio,municipio
5210406,3.0,11.0,24.400000000000006,municipio,municipio
5210562,0.0,0.0,3.0,municipio,municipio
5210604,0.0,2.0,7.400000000000006,municipio,municipio
5211008,0.0,2.0,6.400000000000006,municipio,municipio
5211206,1.0,4.0,12.800000000000011,municipio,municipio
5211404,0.0,2.0,4.0,municipio,municipio
5211503,9.0,25.0,98.20000000000002,municipio,municipio
5211701,0.0,1.0,2.0,municipio,municipio
5211909,28.0,54.0,112.20000000000019,municipio,municipio
5212055,0.0,0.0,0.0,municipio,municipio
5212105,0.0,2.0,15.400000000000034,municipio,municipio
5212303,0.0,1.0,1.0,municipio,municipio
5212501,46.0,113.0,177.40000000000003,municipio,municipio
5212600,0.0,0.0,1.4000000000000057,municipio,municipio
5212709,0.0,2.0,14.0,municipio,municipio
5212808,0.0,2.0,7.0,municipio,municipio
5212907,0.0,0.0,2.0,municipio,municipio
5212956,0.0,0.0,0.0,municipio,municipio
5213053,0.0,1.0,2.0,municipio,municipio
5213087,0.0,2.0,5.0,municipio,municipio
5213103,14.0,20.0,42.20000000000002,municipio,municipio
5213509,0.0,1.0,3.0,municipio,municipio
5213772,0.0,0.0,0.0,municipio,municipio
5213806,4.0,12.0,32.20000000000002,municipio,municipio
5213905,0.0,1.0,3.4000000000000057,municipio,municipio
5214101,0.0,0.0,0.4000000000000057,municipio,municipio
5214408,0.0,1.0,4.0,municipio,municipio
5214507,1.0,3.0,9.400000000000006,municipio,municipio
5214804,0.0,1.0,2.0,municipio,municipio
5214903,0.0,0.0,0.0,municipio,municipio
5215009,1.0,3.0,9.400000000000006,municipio,municipio
5215207,0.0,0.0,3.0,municipio,municipio
5215231,8.0,26.0,113.0,municipio,municipio
5215256,0.0,0.0,0.0,municipio,municipio
5215306,0.0,2.0,3.0,municipio,municipio
5215405,0.0,1.0,1.0,municipio,municipio
5215504,1.0,3.0,19.00000000000003,municipio,municipio
5215603,2.0,8.0,27.80000000000001,municipio,municipio
5215702,4.0,14.0,33.0,municipio,municipio
5215801,0.0,0.0,0.0,municipio,municipio
5215900,0.0,2.0,5.400000000000006,municipio,municipio
5216007,0.0,2.0,4.0,municipio,municipio
5216304,0.0,2.0,5.0,municipio,municipio
5216403,2.0,9.0,20.0,municipio,municipio
5216452,0.0,2.0,6.400000000000006,municipio,municipio
5216809,0.0,1.0,4.0,municipio,municipio
5217104,0.0,2.0,6.400000000000006,municipio,municipio
5217401,1.0,9.0,27.400000000000006,municipio,municipio
5217609,9.0,25.0,55.400000000000006,municipio,municipio
5217708,0.0,1.0,2.0,municipio,municipio
5218003,0.0,2.0,5.0,municipio,municipio
5218052,1.0,3.0,7.0,municipio,municipio
5218102,1.0,3.0,5.400000000000006,municipio,municipio
5218300,2.0,24.0,83.20000000000002,municipio,municipio
5218391,0.0,0.0,1.0,municipio,municipio
5218508,1.0,2.0,4.0,municipio,municipio
5218789,0.0,1.0,4.0,municipio,municipio
5219001,1.0,4.0,14.800000000000011,municipio,municipio
5219100,1.0,3.0,8.400000000000006,municipio,municipio
5219209,0.0,0.0,0.0,municipio,municipio
5219407,0.0,1.0,5.400000000000006,municipio,municipio
5219506,0.0,0.0,1.0,municipio,municipio
5219605,0.0,0.0,1.0,municipio,municipio
5219738,1.0,3.0,8.0,municipio,municipio
5219753,19.0,32.0,54.400000000000006,municipio,municipio
5219803,0.0,2.0,8.0,municipio,municipio
5219902,0.0,0.0,1.0,municipio,municipio
5220009,1.0,3.0,14.0,municipio,municipio
5220058,0.0,1.0,3.0,municipio,municipio
5220108,5.0,17.0,63.000000000000085,municipio,municipio
5220207,1.0,5.0,12.0,municipio,municipio
5220264,0.0,1.0,5.0,municipio,municipio
5220405,1.0,4.0,9.0,municipio,municipio
5220454,12.0,34.0,57.400000000000006,municipio,municipio
5220504,1.0,4.0,15.0,municipio,municipio
5220603,1.0,5.0,13.0,municipio,municipio
5220686,0.0,0.0,2.0,municipio,municipio
5220702,0.0,0.0,0.0,municipio,municipio
5221007,0.0,0.0,2.0,municipio,municipio
5221080,0.0,0.0,0.0,municipio,municipio
5221197,0.0,1.0,3.0,municipio,municipio
5221304,0.0,2.0,7.800000000000011,municipio,municipio
5221403,12.0,19.0,30.200000000000017,municipio,municipio
5221452,0.0,0.0,1.0,municipio,municipio
5221502,1.0,5.0,12.0,municipio,municipio
5221551,0.0,1.0,3.0,municipio,municipio
5221809,0.0,1.0,3.0,municipio,municipio
5221858,14.0,47.0,165.8,municipio,municipio
5221908,0.0,0.0,0.0,municipio,municipio
5222005,1.0,3.0,13.0,municipio,municipio
5222054,0.0,1.0,3.0,municipio,municipio
5300108,417.0,878.0,2245.4000000000005,municipio,municipio
DF,417.0,878.0,2245.4000000000005,,uf_fallback
ES,0.0,2.0,15.0,,uf_fallback
GO,0.0,3.0,16.0,,uf_fallback
MG,0.0,1.0,5.0,,uf_fallback
RJ,0.0,2.0,7.0,,uf_fallback
SP,1.0,5.0,22.0,,uf_fallback
NACIONAL,0.0,2.0,10.0,,nacional_fallback
