feature,shap_medio_abs,origem
notificacoes,0.621271,sinan
notificacoes_lag_1,0.26818076,sinan
notificacoes_min_movel_3,0.09722945,sinan
qt_confirmados_provaveis,0.08735136,sinan
notificacoes_media_movel_3,0.08472504,sinan
notificacoes_max_movel_3,0.07575104,sinan
notificacoes_diff_4,0.06624487,sinan
notificacoes_razao_media_8,0.054867662,sinan
notificacoes_lag_2,0.05065409,sinan
qt_hospitalizados,0.04324114,sinan
notificacoes_media_movel_4,0.039636392,sinan
rain_sum_mm_mm4,0.03744907,inmet
notificacoes_razao_media_4,0.037304778,sinan
notificacoes_pct_change_4,0.035949618,sinan
prop_confirmado_provavel,0.03073118,sinan
rain_sum_mm_mm8,0.024218513,inmet
temp_min_c,0.023580844,inmet
notificacoes_max_movel_4,0.022661977,sinan
notificacoes_min_movel_4,0.020410405,sinan
notificacoes_diff_1,0.020328699,sinan
dewpoint_mean_c_lag_12,0.019786429,inmet
rain_sum_mm_mm12,0.015289974,inmet
pressure_mean_mbar,0.014847371,inmet
dewpoint_mean_c_mm4,0.014535691,inmet
prop_raca_parda,0.012894301,sinan
idade_media_anos,0.012160376,sinan
humidity_mean_pct_mm12,0.012051793,inmet
temp_mean_c_mm8,0.01194106,inmet
notificacoes_lag_3,0.011160157,sinan
notificacoes_min_movel_12,0.010971618,sinan
humidity_mean_pct_mm8,0.01047854,inmet
dewpoint_mean_c,0.010264833,inmet
rain_sum_mm_lag_2,0.009874488,inmet
prop_nausea,0.009406239,sinan
temp_max_c,0.009241855,inmet
rain_sum_mm_lag_1,0.0091370875,inmet
temp_mean_c_mm4,0.009083945,inmet
dewpoint_mean_c_lag_8,0.00895797,inmet
radiation_mean_kj,0.008866376,inmet
prop_leucopenia,0.008723203,sinan
dewpoint_mean_c_lag_2,0.008426031,inmet
humidity_mean_pct_lag_8,0.00837024,inmet
prop_exantema,0.007391568,sinan
rain_heavy_days,0.0073705334,inmet
temp_mean_c,0.0071884315,inmet
notificacoes_lag_12,0.0070106164,sinan
notificacoes_max_movel_12,0.0068502985,sinan
rain_sum_mm,0.006802459,inmet
prop_laco,0.0066957707,sinan
prop_raca_branca,0.0064541227,sinan
dewpoint_mean_c_lag_1,0.0063578608,inmet
prop_dor_costas,0.0063083344,sinan
temp_mean_c_mm12,0.006301971,inmet
prop_criterio_lab,0.0062861964,sinan
notificacoes_min_movel_8,0.006168225,sinan
notificacoes_pct_change_1,0.0060686497,sinan
prop_dor_retro,0.0059889294,sinan
atraso_notificacao_medio_dias,0.0059195985,sinan
prop_alrm_abdom,0.0057588043,sinan
rain_mean_mm,0.0057101017,inmet
temp_mean_c_lag_12,0.005499825,inmet
temp_mean_c_lag_1,0.0054419106,inmet
humidity_mean_pct_mm4,0.005318181,inmet
prop_cefaleia,0.005302976,sinan
temp_mean_c_lag_8,0.005126584,inmet
dewpoint_mean_c_mm12,0.0050371415,inmet
wind_speed_mean_ms,0.0050174235,inmet
rain_sum_mm_lag_4,0.004996772,inmet
prop_hospitalizado,0.0049423506,sinan
rain_heavy_days_lag2,0.0048996755,inmet
humidity_mean_pct_lag_12,0.004773772,inmet
prop_sexo_fem,0.0047120457,sinan
prop_vomito,0.0046871845,sinan
prop_artralgia,0.0046612476,sinan
notificacoes_lag_8,0.004569803,sinan
dewpoint_mean_c_mm8,0.0045438237,inmet
qt_dengue_alarme,0.004526963,sinan
notificacoes_media_movel_12,0.004366969,sinan
prop_petequia_n,0.0043352214,sinan
prop_inconclusivo,0.004152497,sinan
temp_mean_c_lag_2,0.0040050615,inmet
prop_criterio_clinico_epi,0.0038524906,sinan
prop_mialgia,0.0037164725,sinan
prop_artrite,0.0036918544,sinan
prop_raca_preta,0.00359236,sinan
qt_inconclusivos,0.0035441404,sinan
prop_alrm_sang,0.0032816133,sinan
dewpoint_mean_c_lag_4,0.003106046,inmet
wind_gust_mean_ms,0.00302464,inmet
prop_sexo_masc,0.002969309,sinan
notificacoes_media_movel_8,0.0029356205,sinan
notificacoes_max_movel_8,0.00288789,sinan
prop_febre,0.0028787537,sinan
temp_mean_c_lag_4,0.0028049375,inmet
rain_heavy_days_lag4,0.0027682392,inmet
temp_range_c_lag2,0.0026573574,inmet
humidity_mean_pct_lag_2,0.0025784248,inmet
rain_sum_mm_lag_8,0.0023585926,inmet
humidity_mean_pct,0.0022329378,inmet
notificacoes_aceleracao_1,0.0022211883,sinan
prop_hipertensa,0.0021101944,sinan
rain_sum_mm_lag_12,0.002040315,inmet
prop_criterio_clinico,0.002029407,sinan
temp_range_c,0.0019973507,inmet
notificacoes_lag_4,0.0019845103,sinan
prop_conjuntvit,0.0019449451,sinan
prop_alrm_plaq,0.0017730189,sinan
humidity_mean_pct_lag_4,0.0017161191,inmet
prop_auto_imune,0.001602086,sinan
prop_dengue_alarme,0.0015205424,sinan
humidity_mean_pct_lag_1,0.0014360212,inmet
prop_diabetes,0.001406884,sinan
rain_days,0.0011432382,inmet
prop_acido_pept,0.0010253349,sinan
prop_gestante,0.00092421356,sinan
prop_raca_amarela,0.0008684281,sinan
prop_renal,0.00080857106,sinan
prop_hepatopat,0.0006919619,sinan
prop_alrm_vom,0.00064090174,sinan
prop_alrm_letar,0.0005601363,sinan
prop_hematolog,0.0004276644,sinan
prop_obito_outras_causas,0.0003541755,sinan
prop_alrm_hipot,0.00031347625,sinan
prop_alrm_hemat,0.00026424584,sinan
qt_obitos_outras_causas,0.00025905875,sinan
prop_raca_indigena,0.00025353924,sinan
prop_dengue_grave,0.00020747598,sinan
prop_grav_taqui,0.00016845959,sinan
prop_alrm_hepat,0.00014964321,sinan
prop_grav_insuf,0.00014210031,sinan
prop_grav_hipot,0.0001407955,sinan
qt_dengue_grave,9.245601e-05,sinan
is_zero_notification_week,7.853296e-05,sinan
prop_grav_extre,7.19743e-05,sinan
prop_obito_agravo,5.6266046e-05,sinan
prop_grav_ench,4.293257e-05,sinan
prop_grav_conv,3.389274e-05,sinan
qt_obitos_agravo,3.3607364e-05,sinan
prop_alrm_liq,2.8745219e-05,sinan
prop_grav_consc,2.7797623e-05,sinan
prop_grav_hemat,2.2347056e-05,sinan
prop_grav_orgao,2.1406411e-05,sinan
prop_grav_melen,1.2679055e-05,sinan
prop_grav_pulso,1.2225358e-05,sinan
prop_chikungunya,0.0,sinan
qt_chikungunya,0.0,sinan
qt_descartados,0.0,sinan
prop_descartado,0.0,sinan
prop_evidencia,0.0,sinan
prop_laco_n,0.0,sinan
prop_plasmatico,0.0,sinan
prop_plaq_menor,0.0,sinan
prop_metro,0.0,sinan
prop_grav_metro,0.0,sinan
prop_sangram,0.0,sinan
prop_grav_mioc,0.0,sinan
prop_grav_ast,0.0,sinan
prop_mani_hemor,0.0,sinan
prop_epistaxe,0.0,sinan
prop_gengivo,0.0,sinan
prop_hematura,0.0,sinan
prop_petequias,0.0,sinan
prop_grav_sang,0.0,sinan
