feature,dtype,pct_missing_train,origem
notificacoes,double,0.0,sinan
qt_hospitalizados,double,0.0,sinan
qt_obitos_agravo,double,0.0,sinan
qt_obitos_outras_causas,double,0.0,sinan
qt_confirmados_provaveis,double,0.0,sinan
qt_descartados,double,0.0,sinan
qt_inconclusivos,double,0.0,sinan
qt_dengue_alarme,double,0.0,sinan
qt_dengue_grave,double,0.0,sinan
qt_chikungunya,double,0.0,sinan
idade_media_anos,double,0.0,sinan
atraso_notificacao_medio_dias,double,0.0,sinan
prop_sexo_masc,double,0.0,sinan
prop_sexo_fem,double,0.0,sinan
prop_gestante,double,0.0,sinan
prop_hospitalizado,double,0.0,sinan
prop_obito_agravo,double,0.0,sinan
prop_obito_outras_causas,double,0.0,sinan
prop_criterio_lab,double,0.0,sinan
prop_criterio_clinico_epi,double,0.0,sinan
prop_criterio_clinico,double,0.0,sinan
prop_confirmado_provavel,double,0.0,sinan
prop_descartado,double,0.0,sinan
prop_inconclusivo,double,0.0,sinan
prop_dengue_alarme,double,0.0,sinan
prop_dengue_grave,double,0.0,sinan
prop_chikungunya,double,0.0,sinan
prop_raca_branca,double,0.0,sinan
prop_raca_preta,double,0.0,sinan
prop_raca_amarela,double,0.0,sinan
prop_raca_parda,double,0.0,sinan
prop_raca_indigena,double,0.0,sinan
prop_febre,double,0.0,sinan
prop_mialgia,double,0.0,sinan
prop_cefaleia,double,0.0,sinan
prop_exantema,double,0.0,sinan
prop_vomito,double,0.0,sinan
prop_nausea,double,0.0,sinan
prop_dor_costas,double,0.0,sinan
prop_conjuntvit,double,0.0,sinan
prop_artrite,double,0.0,sinan
prop_artralgia,double,0.0,sinan
prop_petequia_n,double,0.0,sinan
prop_leucopenia,double,0.0,sinan
prop_laco,double,0.0,sinan
prop_dor_retro,double,0.0,sinan
prop_diabetes,double,0.0,sinan
prop_hematolog,double,0.0,sinan
prop_hepatopat,double,0.0,sinan
prop_renal,double,0.0,sinan
prop_hipertensa,double,0.0,sinan
prop_acido_pept,double,0.0,sinan
prop_auto_imune,double,0.0,sinan
prop_alrm_hipot,double,0.0,sinan
prop_alrm_plaq,double,0.0,sinan
prop_alrm_vom,double,0.0,sinan
prop_alrm_sang,double,0.0,sinan
prop_alrm_hemat,double,0.0,sinan
prop_alrm_abdom,double,0.0,sinan
prop_alrm_letar,double,0.0,sinan
prop_alrm_hepat,double,0.0,sinan
prop_alrm_liq,double,0.0,sinan
prop_grav_pulso,double,0.0,sinan
prop_grav_conv,double,0.0,sinan
prop_grav_ench,double,0.0,sinan
prop_grav_insuf,double,0.0,sinan
prop_grav_taqui,double,0.0,sinan
prop_grav_extre,double,0.0,sinan
prop_grav_hipot,double,0.0,sinan
prop_grav_hemat,double,0.0,sinan
prop_grav_melen,double,0.0,sinan
prop_grav_metro,double,0.0,sinan
prop_grav_sang,double,0.0,sinan
prop_grav_ast,double,0.0,sinan
prop_grav_mioc,double,0.0,sinan
prop_grav_consc,double,0.0,sinan
prop_grav_orgao,double,0.0,sinan
prop_mani_hemor,double,0.0,sinan
prop_epistaxe,double,0.0,sinan
prop_gengivo,double,0.0,sinan
prop_metro,double,0.0,sinan
prop_petequias,double,0.0,sinan
prop_hematura,double,0.0,sinan
prop_sangram,double,0.0,sinan
prop_laco_n,double,0.0,sinan
prop_plasmatico,double,0.0,sinan
prop_evidencia,double,0.0,sinan
prop_plaq_menor,double,0.0,sinan
indice_sintomas,double,0.0,sinan
indice_comorbidades,double,0.0,sinan
indice_alarme,double,0.0,sinan
indice_gravidade,double,0.0,sinan
indice_hemorragico,double,0.0,sinan
indice_carga_clinica,double,0.0,sinan
indice_desfecho_severo,double,0.0,sinan
indice_confirmacao,double,0.0,sinan
week_of_year_sin,double,0.0,sinan
week_of_year_cos,double,0.0,sinan
is_zero_notification_week,int64,0.0,sinan
notificacoes_lag_1,double,0.0,sinan
notificacoes_lag_2,double,0.0,sinan
notificacoes_lag_3,double,0.0,sinan
notificacoes_lag_4,double,0.0,sinan
notificacoes_lag_8,double,0.0,sinan
notificacoes_lag_12,double,0.0,sinan
notificacoes_media_movel_3,double,0.0,sinan
notificacoes_min_movel_3,double,0.0,sinan
notificacoes_max_movel_3,double,0.0,sinan
notificacoes_media_movel_4,double,0.0,sinan
notificacoes_min_movel_4,double,0.0,sinan
notificacoes_max_movel_4,double,0.0,sinan
notificacoes_media_movel_8,double,0.0,sinan
notificacoes_min_movel_8,double,0.0,sinan
notificacoes_max_movel_8,double,0.0,sinan
notificacoes_media_movel_12,double,0.0,sinan
notificacoes_min_movel_12,double,0.0,sinan
notificacoes_max_movel_12,double,0.0,sinan
notificacoes_diff_1,double,0.0,sinan
notificacoes_diff_4,double,0.0,sinan
notificacoes_pct_change_1,double,0.0,sinan
notificacoes_pct_change_4,double,0.0,sinan
notificacoes_aceleracao_1,double,0.0,sinan
notificacoes_razao_media_4,double,0.0,sinan
notificacoes_razao_media_8,double,0.0,sinan
label_alerta_q75,int64,0.0,sinan
label_alerta_q90,int64,0.0,sinan
label_crescimento_acelerado,int64,0.0,sinan
label_surto_local,int64,0.0,sinan
label_semana_critica,int64,0.0,sinan
