modelo,n_teste,prevalencia,limiar,precisao,recall,especificidade,F1_positivo,F2_positivo,AUC_ROC,AUC_PR,VP,FP,VN,FN,grupo,cobertura_teste_pct
persistencia__media,2279,0.5994,,0.8434,0.8082,0.7755,0.8254,0.815,0.6701,0.7574,1104,205,708,262,media,100.0
persistencia__media_2dp,2279,0.2799,,0.622,0.6473,0.847,0.6344,0.6421,0.6415,0.4512,413,251,1390,225,media_2dp,100.0
sazonal__media,2236,0.5948,,0.6761,0.4301,0.6976,0.5257,0.4638,0.5363,0.5981,572,274,632,758,media,98.11
sazonal__media_2dp,2236,0.2773,,0.4377,0.221,0.8911,0.2937,0.2453,0.5415,0.2822,137,176,1440,483,media_2dp,98.11
media_movel_4__media,2279,0.5994,,0.8208,0.798,0.7393,0.8092,0.8024,0.6859,0.7658,1090,238,675,276,media,100.0
media_movel_4__media_2dp,2279,0.2799,,0.5449,0.5987,0.8056,0.5706,0.5872,0.6451,0.4502,382,319,1322,256,media_2dp,100.0
persistencia_de_rotulo__media,2279,0.5994,,0.8724,0.8206,0.8204,0.8457,0.8305,,,1121,164,749,245,media,100.0
persistencia_de_rotulo__media_2dp,2279,0.2799,,0.7437,0.6912,0.9074,0.7165,0.7011,,,441,152,1489,197,media_2dp,100.0
sempre_positivo__media,2279,0.5994,,0.5994,1.0,0.0,0.7495,0.8821,,,1366,913,0,0,media,100.0
sempre_positivo__media_2dp,2279,0.2799,,0.2799,1.0,0.0,0.4374,0.6603,,,638,1641,0,0,media_2dp,100.0
sempre_negativo__media,2279,0.5994,,0.0,0.0,1.0,0.0,0.0,,,0,0,913,1366,media,100.0
sempre_negativo__media_2dp,2279,0.2799,,0.0,0.0,1.0,0.0,0.0,,,0,0,1641,638,media_2dp,100.0
