ibge_municipio,ano,semana_epidemiologica,escopo,notificacoes_fragmento_maior,notificacoes_consolidadas
1100015,2009,52,e2,18.0,21.0
1100023,2004,52,e2,33.0,34.0
1100023,2008,53,e2,6.0,7.0
1100049,2008,1,e2,41.0,54.0
1100049,2009,52,e2,102.0,109.0
1100064,2013,1,e2,2.0,3.0
1100072,2013,1,e2,3.0,4.0
1100080,2009,52,e2,1.0,2.0
1100098,2009,52,e2,84.0,86.0
1100106,2008,1,e2,1.0,2.0
1100106,2008,53,e2,21.0,22.0
1100106,2009,52,e2,37.0,42.0
1100114,2009,52,e2,139.0,167.0
1100122,2003,1,e2,2.0,3.0
1100122,2009,52,e2,24.0,25.0
1100130,2009,52,e2,17.0,20.0
1100148,2009,52,e2,20.0,29.0
1100155,2009,52,e2,60.0,76.0
1100189,2004,52,e2,39.0,40.0
1100189,2008,1,e2,121.0,137.0
1100189,2009,52,e2,118.0,121.0
1100205,2003,1,e2,56.0,65.0
1100205,2003,53,e2,53.0,57.0
1100205,2004,52,e2,20.0,21.0
1100205,2008,1,e2,75.0,78.0
1100205,2009,52,e2,280.0,324.0
1100205,2013,1,e2,12.0,16.0
1100254,2009,52,e2,7.0,11.0
1100288,2009,52,e2,26.0,27.0
1100288,2013,1,e2,12.0,21.0
1100304,2003,1,e2,4.0,7.0
1100304,2008,1,e2,5.0,6.0
1100304,2008,53,e2,7.0,12.0
1100304,2009,52,e2,28.0,34.0
1100320,2009,52,e2,4.0,6.0
1100346,2008,1,e2,7.0,8.0
1100452,2009,52,e2,58.0,99.0
1100452,2013,1,e2,4.0,5.0
1100502,2009,52,e2,11.0,16.0
1100502,2013,1,e2,2.0,4.0
1100700,2013,1,e2,5.0,6.0
1100809,2003,1,e2,5.0,6.0
1100809,2009,52,e2,10.0,11.0
1101005,2009,52,e2,21.0,22.0
1101104,2009,52,e2,14.0,16.0
1101203,2009,52,e2,15.0,16.0
1101401,2009,52,e2,6.0,7.0
1101435,2003,1,e2,2.0,3.0
1101435,2009,52,e2,7.0,8.0
1101492,2009,52,e2,11.0,14.0
1101757,2009,52,e2,12.0,13.0
1200054,2013,1,e2,8.0,11.0
1200054,2022,1,e2,11.0,14.0
1200054,2022,2,e2,6.0,7.0
1200104,2008,1,e2,4.0,6.0
1200104,2008,53,e2,2.0,4.0
1200104,2009,52,e2,54.0,71.0
1200104,2013,1,e2,31.0,40.0
1200104,2022,6,e2,2.0,3.0
1200138,2008,53,e2,1.0,2.0
1200138,2013,1,e2,2.0,3.0
1200203,2013,1,e2,3.0,4.0
1200203,2022,1,e2,59.0,75.0
1200203,2022,2,e2,57.0,71.0
1200203,2022,3,e2,112.0,120.0
1200203,2022,4,e2,77.0,80.0
1200203,2022,18,e2,40.0,41.0
1200252,2008,53,e2,2.0,3.0
1200252,2009,52,e2,40.0,50.0
1200252,2013,1,e2,19.0,25.0
1200302,2022,1,e2,16.0,26.0
1200302,2022,2,e2,28.0,32.0
1200336,2022,2,e2,3.0,6.0
1200336,2022,3,e2,2.0,3.0
1200401,2001,1,e2,173.0,187.0
1200401,2003,1,e2,18.0,22.0
1200401,2003,53,e2,8.0,13.0
1200401,2004,52,e2,457.0,507.0
1200401,2007,1,e2,38.0,40.0
1200401,2008,1,e2,18.0,26.0
1200401,2008,53,e2,130.0,222.0
1200401,2009,52,e2,207.0,286.0
1200401,2010,52,e2,1589.0,1590.0
1200401,2013,1,e2,219.0,269.0
1200401,2022,1,e2,9.0,13.0
1200401,2022,2,e2,5.0,8.0
1200401,2022,4,e2,7.0,8.0
1200401,2022,6,e2,7.0,8.0
1200401,2022,18,e2,13.0,14.0
1200427,2022,1,e2,9.0,11.0
1200427,2022,2,e2,6.0,8.0
1200427,2022,3,e2,4.0,5.0
1200450,2008,1,e2,3.0,4.0
1200450,2013,1,e2,34.0,45.0
1200500,2004,52,e2,3.0,4.0
1200500,2008,53,e2,5.0,8.0
1200500,2009,52,e2,14.0,16.0
1200500,2022,1,e2,13.0,16.0
1200500,2022,2,e2,14.0,18.0
1200500,2022,3,e2,12.0,15.0
1200500,2022,4,e2,10.0,11.0
1200500,2022,6,e2,9.0,10.0
1200609,2022,2,e2,3.0,4.0
1200708,2009,52,e2,12.0,22.0
1300706,2008,53,e2,1.0,2.0
1301209,2008,53,e2,24.0,36.0
1301704,2009,52,e2,28.0,29.0
1301902,2013,1,e2,8.0,9.0
1302405,2009,52,e2,21.0,22.0
1302603,2001,1,e2,366.0,382.0
1302603,2002,1,e2,14.0,17.0
1302603,2003,1,e2,30.0,36.0
1302603,2003,53,e2,8.0,10.0
1302603,2004,52,e2,3.0,4.0
1302603,2008,1,e2,130.0,147.0
1302603,2008,53,e2,11.0,14.0
1302603,2009,52,e2,10.0,13.0
1302603,2013,1,e2,236.0,278.0
1303403,2008,53,e2,9.0,10.0
1400100,2002,1,e2,68.0,69.0
1400100,2003,1,e2,16.0,23.0
1400100,2003,53,e2,19.0,20.0
1400100,2007,1,e2,63.0,65.0
1400100,2008,1,e2,15.0,20.0
1400100,2008,53,e2,62.0,98.0
1400100,2009,52,e2,39.0,50.0
1400100,2013,1,e2,23.0,25.0
1400175,2009,52,e2,2.0,3.0
1500107,2002,1,e2,13.0,15.0
1500107,2003,1,e2,3.0,5.0
1500107,2003,53,e2,14.0,15.0
1500107,2009,52,e2,1.0,2.0
1500602,2009,52,e2,20.0,24.0
1500800,2009,52,e2,1.0,2.0
1501204,2008,1,e2,1.0,2.0
1501303,2003,53,e2,10.0,11.0
1501402,2002,1,e2,46.0,48.0
1501402,2003,1,e2,66.0,85.0
1501402,2003,53,e2,97.0,124.0
1501402,2008,1,e2,49.0,55.0
1501402,2008,53,e2,12.0,17.0
1501402,2013,1,e2,14.0,15.0
1501451,2008,53,e2,4.0,5.0
1501501,2003,1,e2,1.0,2.0
1501576,2007,1,e2,4.0,5.0
1501576,2008,1,e2,3.0,5.0
1502103,2003,1,e2,12.0,17.0
1502103,2008,1,e2,4.0,6.0
1502707,2008,1,e2,67.0,89.0
1502707,2013,1,e2,2.0,3.0
1502764,2008,1,e2,4.0,7.0
1503044,2008,1,e2,6.0,9.0
1503044,2013,1,e2,1.0,2.0
1503309,2003,53,e2,5.0,6.0
1503507,2013,1,e2,5.0,6.0
1503606,2008,1,e2,26.0,28.0
1503705,2013,1,e2,10.0,11.0
1503804,2002,1,e2,5.0,9.0
1503804,2008,1,e2,17.0,22.0
1503804,2013,1,e2,1.0,2.0
1504208,2002,1,e2,3.0,4.0
1504208,2008,1,e2,25.0,30.0
1504422,2008,1,e2,10.0,11.0
1504422,2008,53,e2,2.0,3.0
1505064,2022,4,e2,4.0,5.0
1505304,2013,1,e2,6.0,9.0
1505437,2009,52,e2,2.0,4.0
1505536,2002,1,e2,3.0,4.0
1505536,2003,53,e2,1.0,2.0
1505536,2008,1,e2,111.0,119.0
1505536,2009,52,e2,2.0,3.0
1505551,2008,1,e2,4.0,5.0
1506138,2008,1,e2,54.0,72.0
1506161,2008,1,e2,54.0,57.0
1506187,2003,53,e2,6.0,10.0
1506187,2004,52,e2,3.0,4.0
1506195,2008,1,e2,18.0,27.0
1506203,2013,1,e2,1.0,2.0
1506583,2008,1,e2,9.0,14.0
1506708,2013,1,e2,7.0,8.0
1506807,2008,1,e2,7.0,8.0
1506807,2013,1,e2,18.0,19.0
1507151,2008,1,e2,2.0,3.0
1507300,2008,53,e2,7.0,9.0
1507300,2013,1,e2,14.0,20.0
1507458,2008,1,e2,18.0,19.0
1507607,2007,1,e2,2.0,3.0
1507755,2008,1,e2,3.0,4.0
1508084,2003,53,e2,1.0,2.0
1508084,2008,1,e2,13.0,14.0
1508100,2001,1,e2,34.0,39.0
1508100,2008,1,e2,8.0,12.0
1508100,2013,1,e2,1.0,2.0
1600303,2002,1,e2,4.0,5.0
1600303,2003,1,e2,15.0,17.0
1600303,2003,53,e2,51.0,89.0
1600303,2008,1,e2,16.0,18.0
1600303,2008,53,e2,8.0,15.0
1600303,2013,1,e2,7.0,8.0
1600600,2008,53,e2,1.0,2.0
1700707,2007,1,e2,2.0,3.0
1701002,2008,1,e2,48.0,49.0
1702000,2004,52,e2,2.0,3.0
1702000,2007,1,e2,5.0,6.0
1702000,2009,52,e2,14.0,21.0
1702109,2003,1,e2,7.0,13.0
1702109,2003,53,e2,7.0,8.0
1702109,2004,52,e2,33.0,34.0
1702109,2008,1,e2,20.0,28.0
1702109,2013,1,e2,74.0,75.0
1702208,2013,1,e2,3.0,4.0
1702307,2013,1,e2,2.0,3.0
1702406,2003,53,e2,1.0,2.0
1703701,2013,1,e2,1.0,2.0
1705508,2003,53,e2,30.0,37.0
1705508,2009,52,e2,1.0,2.0
1705508,2013,1,e2,6.0,7.0
1707009,2008,53,e2,4.0,5.0
1707207,2013,1,e2,1.0,2.0
1707306,2013,1,e2,6.0,7.0
1707652,2002,1,e2,6.0,7.0
1708205,2002,1,e2,2.0,3.0
1709302,2008,53,e2,11.0,12.0
1709302,2013,1,e2,5.0,6.0
1709500,2002,1,e2,28.0,31.0
1709500,2008,1,e2,7.0,9.0
1709500,2008,53,e2,3.0,4.0
1709500,2009,52,e2,1.0,2.0
1713205,2003,53,e2,2.0,4.0
1713205,2008,1,e2,8.0,9.0
1713205,2009,52,e2,3.0,4.0
1713205,2013,1,e2,20.0,22.0
1713304,2008,53,e2,3.0,4.0
1713304,2013,1,e2,9.0,11.0
1716109,2001,1,e2,126.0,127.0
1716109,2003,53,e2,3.0,5.0
1716109,2008,1,e2,70.0,80.0
1716109,2008,53,e2,24.0,31.0
1716109,2009,52,e2,17.0,18.0
1716505,2013,1,e2,1.0,2.0
1716604,2007,1,e2,23.0,25.0
1716604,2013,1,e2,10.0,14.0
1718204,2008,1,e2,3.0,5.0
1718204,2008,53,e2,5.0,7.0
1718204,2009,52,e2,32.0,33.0
1720259,2002,1,e2,12.0,23.0
1721000,2002,1,e2,22.0,24.0
1721000,2003,1,e2,8.0,9.0
1721000,2007,1,e2,107.0,109.0
1721000,2008,1,e2,25.0,28.0
1721000,2008,53,e2,28.0,38.0
1721000,2009,52,e2,53.0,64.0
1721000,2013,1,e2,120.0,141.0
1721109,2008,1,e2,2.0,3.0
1721109,2013,1,e2,23.0,26.0
1722107,2003,1,e2,9.0,10.0
2100055,2003,1,e2,1.0,2.0
2101202,2003,1,e2,9.0,14.0
2101400,2002,1,e2,2.0,3.0
2103000,2003,53,e2,1.0,2.0
2103000,2013,1,e2,1.0,2.0
2105302,2003,1,e2,1.0,2.0
2105302,2003,53,e2,1.0,2.0
2105302,2008,1,e2,2.0,3.0
2105302,2013,1,e2,3.0,4.0
2108207,2003,1,e2,4.0,7.0
2111201,2007,1,e2,5.0,6.0
2111300,2003,1,e2,3.0,4.0
2111300,2007,1,e2,8.0,15.0
2111300,2008,1,e2,13.0,15.0
2111300,2013,1,e2,3.0,4.0
2112407,2003,53,e2,14.0,16.0
2112407,2013,1,e2,1.0,2.0
2202604,2007,1,e2,9.0,17.0
2204550,2008,53,e2,1.0,2.0
2205607,2009,52,e2,7.0,8.0
2207900,2004,52,e2,9.0,11.0
2210409,2003,1,e2,2.0,3.0
2210607,2008,1,e2,4.0,5.0
2210607,2013,1,e2,1.0,2.0
2211001,2003,1,e2,8.0,14.0
2300408,2003,1,e2,1.0,2.0
2301109,2003,53,e2,4.0,6.0
2301208,2005,51,e2,1.0,2.0
2302503,2002,1,e2,1.0,2.0
2302602,2003,1,e2,2.0,3.0
2302800,2008,1,e2,3.0,4.0
2303600,2002,1,e2,9.0,10.0
2304103,2002,1,e2,27.0,41.0
2304103,2007,1,e2,4.0,5.0
2304103,2008,53,e2,1.0,2.0
2304350,2002,1,e2,4.0,6.0
2304400,2002,1,e2,36.0,38.0
2304400,2003,1,e2,26.0,30.0
2304400,2003,52,e2,53.0,54.0
2304400,2003,53,e2,11.0,21.0
2304400,2007,1,e2,61.0,64.0
2304400,2008,1,e2,96.0,106.0
2304400,2008,53,e2,40.0,56.0
2304400,2009,52,e2,50.0,60.0
2304400,2013,1,e2,52.0,56.0
2305407,2004,52,e2,7.0,8.0
2305506,2002,1,e2,12.0,13.0
2305605,2003,1,e2,14.0,19.0
2306405,2007,1,e2,2.0,3.0
2306405,2008,1,e2,20.0,24.0
2306900,2008,53,e2,2.0,3.0
2307650,2003,1,e2,43.0,81.0
2307650,2008,1,e2,8.0,9.0
2307650,2008,53,e2,7.0,14.0
2307700,2003,1,e2,5.0,6.0
2309706,2013,1,e2,1.0,2.0
2311306,2002,1,e2,3.0,4.0
2311306,2008,1,e2,13.0,14.0
2311801,2002,1,e2,2.0,3.0
2312908,2007,1,e2,7.0,8.0
2312908,2008,53,e2,2.0,3.0
2313302,2009,52,e2,28.0,31.0
2313955,2007,1,e2,7.0,8.0
2400109,2008,1,e2,22.0,25.0
2402006,2013,1,e2,6.0,7.0
2402907,2008,1,e2,4.0,5.0
2403251,2003,1,e2,6.0,7.0
2403251,2008,1,e2,10.0,11.0
2403251,2008,53,e2,4.0,7.0
2403806,2003,1,e2,4.0,5.0
2404101,2008,1,e2,6.0,7.0
2404507,2008,1,e2,12.0,18.0
2405801,2002,1,e2,3.0,4.0
2406700,2008,1,e2,4.0,5.0
2407104,2003,53,e2,1.0,2.0
2408003,2008,1,e2,39.0,44.0
2408003,2008,53,e2,2.0,4.0
2408003,2013,1,e2,23.0,40.0
2408102,2001,1,e2,128.0,135.0
2408102,2002,1,e2,50.0,55.0
2408102,2003,1,e2,42.0,59.0
2408102,2003,53,e2,9.0,18.0
2408102,2004,52,e2,2.0,3.0
2408102,2008,1,e2,92.0,113.0
2408102,2008,53,e2,10.0,15.0
2408102,2009,52,e2,23.0,28.0
2408102,2013,1,e2,25.0,29.0
2408201,2002,1,e2,2.0,3.0
2408904,2008,1,e2,4.0,5.0
2409100,2013,1,e2,9.0,10.0
2409407,2013,1,e2,84.0,88.0
2410504,2013,1,e2,21.0,23.0
2410801,2013,1,e2,4.0,5.0
2411205,2008,53,e2,6.0,9.0
2412005,2002,1,e2,5.0,7.0
2412005,2003,1,e2,4.0,7.0
2412005,2008,1,e2,7.0,11.0
2412500,2013,1,e2,3.0,4.0
2412559,2003,1,e2,2.0,3.0
2412609,2002,1,e2,23.0,27.0
2414100,2013,1,e2,2.0,3.0
2501104,2003,1,e2,5.0,8.0
2501807,2013,1,e2,2.0,3.0
2504306,2009,52,e2,6.0,8.0
2506004,2008,1,e2,1.0,2.0
2507507,2008,1,e2,7.0,8.0
2507507,2008,53,e2,4.0,5.0
2508505,2008,1,e2,2.0,3.0
2509701,2003,1,e2,46.0,47.0
2509701,2008,53,e2,4.0,6.0
2510808,2003,1,e2,4.0,6.0
2513901,2008,1,e2,2.0,3.0
2517407,2008,53,e2,1.0,2.0
2600104,2008,53,e2,1.0,2.0
2601102,2003,1,e2,2.0,3.0
2601102,2003,53,e2,1.0,2.0
2601201,2002,1,e2,3.0,5.0
2601409,2008,1,e2,2.0,3.0
2601706,2003,53,e2,1.0,2.0
2602001,2003,1,e2,7.0,9.0
2602605,2003,53,e2,2.0,3.0
2602605,2004,52,e2,1.0,2.0
2602605,2007,1,e2,2.0,3.0
2602902,2002,1,e2,30.0,32.0
2604106,2003,1,e2,6.0,11.0
2604106,2003,53,e2,9.0,11.0
2604106,2008,1,e2,9.0,13.0
2604106,2009,52,e2,7.0,8.0
2604106,2013,1,e2,4.0,5.0
2604601,2013,1,e2,1.0,2.0
2606200,2003,53,e2,5.0,9.0
2606200,2013,1,e2,1.0,2.0
2606408,2003,1,e2,1.0,2.0
2606408,2008,1,e2,2.0,3.0
2606804,2008,53,e2,2.0,3.0
2607208,2008,1,e2,3.0,5.0
2607208,2013,1,e2,2.0,3.0
2607307,2008,1,e2,7.0,8.0
2607901,2002,1,e2,6.0,9.0
2607901,2003,1,e2,3.0,5.0
2607901,2008,1,e2,22.0,23.0
2609600,2008,1,e2,5.0,6.0
2609600,2009,52,e2,1.0,2.0
2610707,2013,1,e2,2.0,3.0
2611101,2003,1,e2,3.0,4.0
2611606,2001,1,e2,7.0,10.0
2611606,2002,1,e2,88.0,91.0
2611606,2003,1,e2,7.0,13.0
2611606,2003,53,e2,4.0,5.0
2611606,2008,1,e2,33.0,35.0
2611606,2008,53,e2,12.0,15.0
2611606,2009,52,e2,18.0,19.0
2611705,2003,1,e2,7.0,12.0
2612505,2003,1,e2,3.0,5.0
2700300,2003,1,e2,3.0,5.0
2702900,2013,1,e2,2.0,3.0
2704302,2001,1,e2,3.0,4.0
2704302,2003,1,e2,11.0,21.0
2704302,2003,53,e2,9.0,14.0
2704302,2008,1,e2,57.0,64.0
2704302,2008,53,e2,24.0,32.0
2704302,2009,52,e2,22.0,27.0
2704302,2013,1,e2,28.0,32.0
2704708,2013,1,e2,2.0,4.0
2706703,2009,52,e2,2.0,3.0
2706901,2008,1,e2,1.0,2.0
2708501,2003,53,e2,1.0,2.0
2709152,2003,1,e2,10.0,13.0
2709152,2008,1,e2,4.0,6.0
2709301,2013,1,e2,5.0,7.0
2800308,2008,1,e2,33.0,34.0
2800308,2008,53,e2,9.0,14.0
2800308,2009,52,e2,1.0,2.0
2800308,2013,1,e2,15.0,17.0
2801504,2002,1,e2,2.0,3.0
2802106,2003,1,e2,2.0,4.0
2804805,2008,53,e2,2.0,3.0
2804805,2013,1,e2,2.0,3.0
2806701,2008,53,e2,1.0,2.0
2900355,2003,53,e2,1.0,2.0
2900801,2012,52,e2,8.0,15.0
2901957,2008,53,e2,1.0,2.0
2903102,2007,1,e2,5.0,6.0
2903201,2003,53,e2,6.0,11.0
2903201,2008,53,e2,4.0,6.0
2904209,2013,1,e2,3.0,4.0
2904605,2003,1,e2,4.0,7.0
2904605,2009,52,e2,47.0,66.0
2905701,2002,1,e2,4.0,5.0
2905701,2003,53,e2,2.0,3.0
2905701,2004,52,e2,5.0,7.0
2906402,2008,1,e2,1.0,2.0
2907103,2002,1,e2,15.0,22.0
2907103,2003,1,e2,2.0,3.0
2907608,2008,53,e2,7.0,9.0
2907608,2013,1,e2,2.0,4.0
2908903,2013,1,e2,1.0,2.0
2910107,2003,1,e2,5.0,10.0
2910727,2003,1,e2,5.0,6.0
2910800,2003,1,e2,10.0,14.0
2910800,2009,52,e2,10.0,11.0
2911303,2013,1,e2,2.0,3.0
2911501,2009,52,e2,10.0,19.0
2911709,2003,1,e2,5.0,7.0
2912301,2003,1,e2,14.0,20.0
2913200,2003,1,e2,2.0,4.0
2913507,2003,1,e2,9.0,12.0
2913606,2003,1,e2,3.0,6.0
2913606,2008,53,e2,4.0,7.0
2913606,2009,52,e2,3.0,4.0
2913903,2008,53,e2,2.0,4.0
2913903,2009,52,e2,23.0,24.0
2914406,2003,1,e2,2.0,3.0
2914604,2009,52,e2,3.0,4.0
2914703,2013,1,e2,3.0,6.0
2914802,2001,1,e2,2.0,3.0
2914802,2002,1,e2,4.0,6.0
2914802,2003,1,e2,12.0,17.0
2914802,2008,53,e2,13.0,14.0
2914802,2009,52,e2,20.0,21.0
2914802,2013,1,e2,12.0,13.0
2915007,2008,53,e2,15.0,16.0
2915403,2013,1,e2,1.0,2.0
2915502,2008,1,e2,1.0,2.0
2916005,2003,1,e2,12.0,19.0
2916401,2008,53,e2,5.0,7.0
2916906,2003,1,e2,4.0,5.0
2917508,2013,1,e2,1.0,2.0
2917706,2009,52,e2,2.0,3.0
2918001,2002,1,e2,5.0,6.0
2918001,2008,53,e2,124.0,210.0
2918001,2009,52,e2,9.0,10.0
2918001,2013,1,e2,145.0,195.0
2918407,2003,53,e2,5.0,7.0
2918407,2004,52,e2,1.0,2.0
2918407,2008,1,e2,14.0,15.0
2918506,2008,53,e2,7.0,11.0
2919207,2002,1,e2,3.0,4.0
2920403,2008,53,e2,3.0,4.0
2920700,2003,1,e2,1.0,2.0
2921005,2009,52,e2,6.0,8.0
2921104,2001,1,e2,43.0,46.0
2921302,2003,1,e2,1.0,2.0
2921708,2002,1,e2,2.0,3.0
2922904,2003,1,e2,4.0,5.0
2923902,2003,1,e2,2.0,4.0
2924009,2003,1,e2,2.0,3.0
2924652,2003,53,e2,5.0,6.0
2925303,2009,52,e2,2.0,3.0
2926400,2013,1,e2,11.0,12.0
2926806,2003,1,e2,9.0,12.0
2926905,2009,52,e2,24.0,36.0
2927408,2001,1,e2,15.0,17.0
2927408,2003,1,e2,14.0,18.0
2927408,2003,53,e2,4.0,6.0
2927408,2008,1,e2,23.0,26.0
2927408,2008,53,e2,24.0,35.0
2927408,2009,52,e2,18.0,25.0
2927408,2013,1,e2,27.0,31.0
2928802,2003,1,e2,2.0,4.0
2929503,2003,1,e2,1.0,2.0
2929503,2009,52,e2,5.0,7.0
2930006,2008,1,e2,20.0,23.0
2930006,2013,1,e2,1.0,2.0
2930402,2013,1,e2,1.0,2.0
2930501,2009,52,e2,3.0,4.0
2930709,2002,1,e2,1.0,2.0
2931053,2008,53,e2,7.0,14.0
2931301,2013,1,e2,2.0,3.0
2931350,2013,1,e2,46.0,56.0
2931905,2013,1,e2,6.0,10.0
3100906,2013,1,e2,70.0,94.0
3101508,2003,1,e2,2.0,3.0
3101805,2013,1,e2,9.0,10.0
3103405,2009,52,e2,50.0,64.0
3103405,2013,1,e2,436.0,535.0
3103504,2009,52,e2,35.0,36.0
3104007,2005,7,e2,1.0,2.0
3104007,2008,53,e2,1.0,2.0
3104205,2009,52,e2,82.0,84.0
3104601,2002,1,e2,4.0,5.0
3106200,2002,1,e2,16.0,17.0
3106200,2003,1,e2,9.0,14.0
3106200,2003,53,e2,2.0,3.0
3106200,2004,1,e2,28.0,33.0
3106200,2004,52,e2,30.0,31.0
3106200,2008,1,e2,42.0,48.0
3106200,2008,53,e2,55.0,74.0
3106200,2009,52,e2,121.0,132.0
3106200,2013,1,e2,131.0,144.0
3106200,2024,1,e2,655.0,656.0
3106705,2002,1,e2,5.0,7.0
3106705,2003,1,e2,4.0,6.0
3106705,2007,1,e2,1.0,2.0
3106705,2008,53,e2,8.0,12.0
3106705,2013,1,e2,24.0,27.0
3107307,2013,1,e2,12.0,14.0
3107406,2009,52,e2,42.0,45.0
3109402,2013,1,e2,32.0,34.0
3109808,2013,1,e2,9.0,12.0
3110004,2009,52,e2,11.0,21.0
3110004,2013,1,e2,3.0,4.0
3112653,2008,53,e2,2.0,3.0
3112653,2013,1,e2,11.0,13.0
3113305,2009,52,e2,125.0,132.0
3113404,2003,1,e2,3.0,5.0
3113701,2009,52,e2,25.0,26.0
3114550,2008,1,e2,1.0,2.0
3114550,2008,53,e2,3.0,4.0
3117306,2013,1,e2,8.0,9.0
3118403,2013,1,e2,16.0,17.0
3118601,2002,1,e2,6.0,7.0
3118601,2003,53,e2,3.0,4.0
3118601,2008,1,e2,10.0,11.0
3118601,2008,53,e2,5.0,6.0
3118601,2009,52,e2,7.0,11.0
3118601,2013,1,e2,16.0,17.0
3119203,2013,1,e2,2.0,4.0
3119401,2003,1,e2,2.0,3.0
3119401,2013,1,e2,254.0,256.0
3120151,2013,1,e2,3.0,6.0
3120904,2009,52,e2,5.0,6.0
3121258,2005,52,e2,1.0,2.0
3122306,2008,1,e2,3.0,5.0
3124104,2008,1,e2,1.0,2.0
3124302,2013,1,e2,29.0,31.0
3125705,2013,1,e2,1.0,2.0
3127008,2005,50,e2,16.0,17.0
3127008,2005,52,e2,19.0,30.0
3127107,2013,1,e2,4.0,5.0
3127305,2008,53,e2,3.0,5.0
3127701,2001,1,e2,102.0,103.0
3127701,2002,1,e2,109.0,139.0
3127701,2003,1,e2,3.0,6.0
3127701,2003,53,e2,15.0,17.0
3127701,2008,53,e2,7.0,9.0
3127701,2009,52,e2,27.0,30.0
3127701,2013,1,e2,165.0,179.0
3129301,2009,52,e2,4.0,5.0
3129608,2013,1,e2,7.0,9.0
3130101,2003,1,e2,9.0,17.0
3130101,2009,52,e2,8.0,9.0
3130903,2013,1,e2,14.0,20.0
3131208,2013,1,e2,213.0,259.0
3131307,2008,53,e2,14.0,15.0
3131307,2013,1,e2,492.0,502.0
3131703,2008,53,e2,1.0,2.0
3131901,2003,1,e2,1.0,2.0
3132404,2024,11,e2,279.0,280.0
3133204,2013,1,e2,12.0,14.0
3134202,2008,53,e2,6.0,10.0
3134202,2013,1,e2,75.0,80.0
3134400,2013,1,e2,14.0,15.0
3136306,2009,52,e2,2.0,4.0
3136959,2013,1,e2,8.0,9.0
3137205,2009,52,e2,10.0,19.0
3137601,2003,53,e2,1.0,2.0
3138104,2008,1,e2,37.0,53.0
3138401,2013,1,e2,28.0,29.0
3139250,2007,1,e2,11.0,13.0
3140001,2013,1,e2,2.0,3.0
3140209,2013,1,e2,1.0,2.0
3140506,2013,1,e2,7.0,8.0
3140803,2010,52,e2,6.0,7.0
3142403,2013,1,e2,1.0,2.0
3142700,2009,52,e2,11.0,12.0
3143302,2002,1,e2,22.0,30.0
3143302,2007,1,e2,26.0,27.0
3143302,2009,52,e2,14.0,15.0
3143302,2013,1,e2,368.0,390.0
3143906,2008,53,e2,3.0,4.0
3144300,2013,1,e2,3.0,5.0
3144706,2013,1,e2,27.0,29.0
3144805,2013,1,e2,3.0,4.0
3147105,2003,1,e2,1.0,2.0
3147402,2009,52,e2,12.0,14.0
3147907,2013,1,e2,2.0,3.0
3148004,2008,53,e2,1.0,2.0
3151206,2009,52,e2,107.0,108.0
3151206,2013,1,e2,18.0,19.0
3152006,2003,1,e2,9.0,14.0
3152808,2013,1,e2,1.0,2.0
3154309,2009,52,e2,18.0,26.0
3154309,2013,1,e2,4.0,5.0
3154606,2008,53,e2,1.0,2.0
3154903,2009,52,e2,31.0,33.0
3155405,2010,52,e2,37.0,38.0
3157807,2003,1,e2,1.0,2.0
3157807,2009,52,e2,3.0,5.0
3161106,2013,1,e2,76.0,108.0
3165537,2009,52,e2,2.0,3.0
3165537,2024,13,e2,46.0,47.0
3167202,2009,52,e2,6.0,7.0
3167202,2013,1,e2,20.0,22.0
3168408,2013,1,e2,12.0,15.0
3168606,2003,1,e2,4.0,5.0
3168606,2008,53,e2,1.0,2.0
3168606,2009,52,e2,2.0,3.0
3168606,2013,1,e2,28.0,34.0
3168705,2002,1,e2,13.0,14.0
3168705,2003,1,e2,12.0,20.0
3168705,2008,53,e2,2.0,3.0
3168705,2013,1,e2,421.0,528.0
3169406,2008,53,e2,1.0,2.0
3170107,2003,1,e2,3.0,5.0
3170107,2004,52,e2,2.0,3.0
3170107,2008,53,e2,2.0,3.0
3170107,2009,52,e2,59.0,71.0
3170107,2013,1,e2,180.0,207.0
3170206,2003,1,e2,10.0,16.0
3170206,2008,1,e2,6.0,9.0
3170206,2009,52,e2,16.0,22.0
3170206,2013,1,e2,42.0,52.0
3170404,2013,1,e2,2.0,3.0
3170800,2003,53,e2,4.0,5.0
3170800,2013,1,e2,6.0,9.0
3171105,2013,1,e2,4.0,5.0
3171204,2013,1,e2,5.0,7.0
3200102,2024,1,e2,43.0,47.0
3200102,2024,8,e2,156.0,157.0
3200201,2024,1,e2,8.0,11.0
3200201,2024,17,e2,93.0,94.0
3200607,2003,53,e2,1.0,2.0
3200607,2008,53,e2,5.0,6.0
3200607,2013,1,e2,3.0,4.0
3200607,2022,1,e2,3.0,4.0
3200607,2024,6,e2,63.0,64.0
3200805,2008,53,e2,13.0,14.0
3200805,2022,1,e2,3.0,4.0
3200904,2022,3,e2,2.0,3.0
3200904,2024,1,e2,18.0,19.0
3200904,2024,9,e2,401.0,403.0
3201209,2002,1,e2,11.0,12.0
3201209,2003,1,e2,2.0,3.0
3201209,2003,53,e2,3.0,5.0
3201209,2022,3,e2,1.0,2.0
3201209,2024,1,e2,11.0,21.0
3201209,2024,2,e2,35.0,39.0
3201209,2024,3,e2,30.0,42.0
3201209,2024,4,e2,62.0,67.0
3201209,2024,5,e2,46.0,64.0
3201209,2024,6,e2,77.0,85.0
3201209,2024,7,e2,85.0,91.0
3201209,2024,8,e2,140.0,147.0
3201209,2024,9,e2,182.0,188.0
3201209,2024,10,e2,197.0,203.0
3201209,2024,11,e2,198.0,200.0
3201209,2024,12,e2,197.0,200.0
3201209,2024,13,e2,171.0,174.0
3201209,2024,14,e2,156.0,158.0
3201209,2024,15,e2,175.0,180.0
3201209,2024,17,e2,138.0,141.0
3201209,2024,18,e2,124.0,132.0
3201209,2024,19,e2,76.0,81.0
3201209,2024,20,e2,111.0,116.0
3201209,2024,21,e2,134.0,143.0
3201209,2024,22,e2,38.0,43.0
3201308,2003,1,e2,20.0,29.0
3201308,2003,53,e2,11.0,16.0
3201308,2008,53,e2,8.0,12.0
3201308,2009,52,e2,4.0,7.0
3201308,2013,1,e2,224.0,235.0
3201308,2022,50,e2,15.0,16.0
3201308,2024,1,e2,45.0,46.0
3201308,2024,2,e2,63.0,66.0
3201308,2024,3,e2,82.0,83.0
3201308,2024,5,e2,98.0,105.0
3201308,2024,7,e2,268.0,269.0
3201308,2024,8,e2,639.0,641.0
3201308,2024,11,e2,821.0,822.0
3201506,2003,1,e2,4.0,5.0
3201506,2013,1,e2,10.0,13.0
3201506,2024,1,e2,21.0,23.0
3201506,2024,4,e2,33.0,34.0
3201506,2024,12,e2,356.0,357.0
3201506,2024,16,e2,220.0,221.0
3201605,2008,53,e2,8.0,12.0
3201902,2013,1,e2,1.0,2.0
3202108,2024,3,e2,7.0,9.0
3202207,2022,1,e2,2.0,3.0
3202405,2003,1,e2,7.0,13.0
3202405,2008,1,e2,9.0,12.0
3202405,2008,53,e2,6.0,11.0
3202405,2009,52,e2,10.0,11.0
3202405,2024,5,e2,22.0,23.0
3202405,2024,9,e2,82.0,83.0
3202702,2008,1,e2,1.0,2.0
3202801,2024,3,e2,7.0,8.0
3202900,2022,1,e2,2.0,3.0
3202900,2022,2,e2,10.0,16.0
3203056,2022,6,e2,2.0,3.0
3203130,2022,2,e2,2.0,3.0
3203205,2022,1,e2,35.0,57.0
3203205,2022,2,e2,35.0,50.0
3203205,2022,3,e2,14.0,15.0
3203205,2022,5,e2,9.0,10.0
3203205,2022,6,e2,31.0,33.0
3203205,2022,7,e2,24.0,29.0
3203205,2022,8,e2,27.0,32.0
3203205,2022,9,e2,29.0,30.0
3203205,2024,1,e2,67.0,102.0
3203205,2024,2,e2,84.0,85.0
3203205,2024,5,e2,344.0,345.0
3203205,2024,6,e2,323.0,324.0
3203205,2024,7,e2,284.0,287.0
3203304,2024,7,e2,4.0,6.0
3203304,2024,8,e2,48.0,49.0
3203304,2024,13,e2,41.0,43.0
3203320,2003,1,e2,12.0,15.0
3203320,2024,3,e2,1.0,2.0
3203502,2008,53,e2,2.0,3.0
3203502,2013,1,e2,1.0,2.0
3203908,2008,53,e2,16.0,18.0
3203908,2024,1,e2,22.0,23.0
3203908,2024,9,e2,254.0,255.0
3204054,2008,53,e2,5.0,6.0
3204104,2003,53,e2,1.0,2.0
3204104,2013,1,e2,1.0,2.0
3204104,2024,11,e2,55.0,56.0
3204203,2008,53,e2,4.0,6.0
3204252,2008,53,e2,21.0,32.0
3204252,2024,2,e2,2.0,3.0
3204302,2024,17,e2,2.0,3.0
3204906,2022,7,e2,8.0,9.0
3204906,2022,33,e2,2.0,3.0
3204906,2024,1,e2,12.0,13.0
3205002,2003,1,e2,14.0,22.0
3205002,2003,53,e2,4.0,5.0
3205002,2008,1,e2,7.0,9.0
3205002,2008,53,e2,26.0,28.0
3205002,2009,52,e2,15.0,16.0
3205002,2013,1,e2,39.0,48.0
3205002,2022,1,e2,19.0,30.0
3205002,2022,2,e2,22.0,23.0
3205002,2022,5,e2,10.0,11.0
3205002,2024,1,e2,78.0,89.0
3205002,2024,2,e2,151.0,152.0
3205002,2024,4,e2,207.0,209.0
3205002,2024,5,e2,293.0,310.0
3205002,2024,9,e2,1473.0,1475.0
3205002,2024,13,e2,1022.0,1024.0
3205101,2003,1,e2,38.0,59.0
3205101,2004,52,e2,1.0,2.0
3205101,2008,53,e2,8.0,15.0
3205101,2009,52,e2,27.0,46.0
3205101,2013,1,e2,104.0,108.0
3205101,2024,5,e2,72.0,74.0
3205200,2003,1,e2,16.0,30.0
3205200,2008,1,e2,7.0,10.0
3205200,2008,53,e2,34.0,37.0
3205200,2009,52,e2,11.0,14.0
3205200,2013,1,e2,67.0,80.0
3205200,2022,1,e2,9.0,18.0
3205200,2022,2,e2,16.0,17.0
3205200,2024,1,e2,79.0,93.0
3205200,2024,2,e2,136.0,141.0
3205200,2024,3,e2,166.0,167.0
3205200,2024,5,e2,207.0,212.0
3205200,2024,8,e2,619.0,620.0
3205200,2024,13,e2,919.0,920.0
3205309,2002,1,e2,12.0,13.0
3205309,2003,1,e2,35.0,56.0
3205309,2003,53,e2,5.0,6.0
3205309,2004,52,e2,4.0,6.0
3205309,2008,53,e2,53.0,65.0
3205309,2009,52,e2,19.0,24.0
3205309,2013,1,e2,398.0,459.0
3205309,2022,1,e2,30.0,41.0
3205309,2022,2,e2,35.0,36.0
3205309,2022,5,e2,10.0,11.0
3205309,2024,1,e2,84.0,89.0
3205309,2024,4,e2,263.0,265.0
3205309,2024,5,e2,384.0,403.0
3205309,2024,7,e2,642.0,645.0
3205309,2024,8,e2,1017.0,1022.0
3205309,2024,10,e2,1202.0,1203.0
3205309,2024,11,e2,1268.0,1270.0
3205309,2024,13,e2,835.0,839.0
3300100,2002,1,e2,5.0,7.0
3300100,2003,1,e2,4.0,6.0
3300100,2008,53,e2,19.0,23.0
3300100,2013,1,e2,22.0,24.0
3300159,2013,1,e2,15.0,19.0
3300209,2008,53,e2,7.0,11.0
3300209,2013,1,e2,5.0,8.0
3300233,2013,1,e2,2.0,3.0
3300258,2002,1,e2,4.0,5.0
3300258,2008,53,e2,1.0,2.0
3300308,2002,1,e2,31.0,32.0
3300308,2008,53,e2,5.0,9.0
3300407,2008,1,e2,1.0,2.0
3300407,2008,53,e2,1.0,2.0
3300456,2002,1,e2,35.0,38.0
3300456,2008,1,e2,19.0,20.0
3300456,2013,1,e2,11.0,13.0
3300704,2013,1,e2,7.0,8.0
3300902,2013,1,e2,20.0,27.0
3301009,2008,1,e2,83.0,88.0
3301009,2013,1,e2,183.0,208.0
3301306,2003,1,e2,1.0,2.0
3301306,2009,52,e2,24.0,40.0
3301306,2013,1,e2,17.0,21.0
3301603,2013,1,e2,1.0,2.0
3301702,2002,1,e2,74.0,75.0
3301702,2008,53,e2,8.0,9.0
3301702,2013,1,e2,25.0,28.0
3301876,2013,1,e2,18.0,19.0
3301900,2003,1,e2,9.0,12.0
3301900,2013,1,e2,84.0,118.0
3302205,2005,52,e2,2.0,3.0
3302403,2008,53,e2,4.0,5.0
3302403,2013,1,e2,19.0,20.0
3302502,2008,53,e2,4.0,6.0
3302502,2010,52,e2,75.0,76.0
3302700,2008,53,e2,6.0,10.0
3302700,2013,1,e2,33.0,36.0
3302809,2008,1,e2,4.0,7.0
3302858,2008,53,e2,1.0,2.0
3303005,2013,1,e2,40.0,41.0
3303302,2002,1,e2,152.0,155.0
3303302,2003,1,e2,11.0,16.0
3303302,2008,1,e2,59.0,69.0
3303302,2008,53,e2,11.0,21.0
3303302,2013,1,e2,20.0,26.0
3303500,2003,1,e2,1.0,2.0
3303500,2003,53,e2,1.0,2.0
3303500,2008,53,e2,22.0,25.0
3303500,2013,1,e2,10.0,13.0
3303609,2013,1,e2,6.0,7.0
3303807,2013,1,e2,7.0,11.0
3303906,2013,1,e2,4.0,5.0
3304201,2013,1,e2,6.0,7.0
3304300,2013,1,e2,53.0,68.0
3304508,2013,1,e2,5.0,9.0
3304524,2013,1,e2,178.0,263.0
3304557,2002,1,e2,1200.0,1251.0
3304557,2003,1,e2,56.0,85.0
3304557,2003,53,e2,24.0,29.0
3304557,2008,1,e2,802.0,888.0
3304557,2008,53,e2,126.0,184.0
3304557,2009,52,e2,19.0,22.0
3304557,2010,52,e2,188.0,189.0
3304557,2013,1,e2,481.0,559.0
3304904,2002,1,e2,36.0,41.0
3304904,2008,1,e2,22.0,25.0
3304904,2008,53,e2,9.0,11.0
3304904,2013,1,e2,91.0,110.0
3305000,2003,1,e2,5.0,10.0
3305109,2002,1,e2,70.0,71.0
3305109,2003,1,e2,13.0,22.0
3305109,2008,1,e2,10.0,13.0
3305109,2008,53,e2,15.0,18.0
3305208,2003,1,e2,2.0,3.0
3306305,2003,1,e2,8.0,10.0
3501608,2007,1,e2,2.0,3.0
3501608,2008,1,e2,9.0,15.0
3501608,2008,53,e2,6.0,7.0
3502101,2008,1,e2,2.0,4.0
3502101,2008,53,e2,3.0,5.0
3502101,2009,52,e2,1.0,2.0
3502101,2013,1,e2,13.0,14.0
3502804,2003,1,e2,10.0,13.0
3502804,2008,53,e2,1.0,2.0
3502804,2009,52,e2,231.0,326.0
3503208,2013,1,e2,6.0,8.0
3503802,2013,1,e2,3.0,4.0
3504008,2013,1,e2,4.0,5.0
3504602,2009,52,e2,2.0,3.0
3505500,2003,1,e2,1.0,2.0
3505500,2009,52,e2,9.0,10.0
3505500,2013,1,e2,98.0,100.0
3506003,2003,1,e2,2.0,3.0
3506003,2003,53,e2,3.0,4.0
3506003,2013,1,e2,7.0,8.0
3506102,2007,1,e2,44.0,45.0
3506508,2003,1,e2,2.0,4.0
3506508,2009,52,e2,2.0,3.0
3507001,2013,1,e2,2.0,3.0
3509007,2003,1,e2,1.0,2.0
3509502,2007,1,e2,43.0,69.0
3509502,2008,1,e2,59.0,73.0
3509502,2008,53,e2,45.0,57.0
3509502,2009,52,e2,29.0,30.0
3509502,2013,1,e2,59.0,65.0
3510500,2003,1,e2,1.0,2.0
3510500,2008,53,e2,1.0,2.0
3511003,2013,1,e2,7.0,8.0
3511102,2013,1,e2,2.0,3.0
3511201,2013,1,e2,1.0,2.0
3512803,2013,1,e2,1.0,2.0
3513009,2003,1,e2,3.0,5.0
3513009,2013,1,e2,3.0,4.0
3513405,2013,1,e2,10.0,16.0
3513504,2009,52,e2,1.0,2.0
3513504,2013,1,e2,22.0,23.0
3513801,2008,1,e2,4.0,5.0
3513801,2013,1,e2,5.0,6.0
3515004,2013,1,e2,1.0,2.0
3515509,2003,1,e2,2.0,3.0
3515509,2009,52,e2,20.0,23.0
3517406,2013,1,e2,14.0,15.0
3518206,2003,1,e2,16.0,31.0
3518701,2003,1,e2,1.0,2.0
3518701,2009,52,e2,45.0,47.0
3518800,2005,48,e2,1.0,2.0
3518800,2008,1,e2,6.0,9.0
3518800,2008,53,e2,4.0,8.0
3518800,2009,52,e2,3.0,4.0
3518800,2013,1,e2,18.0,19.0
3519071,2007,1,e2,11.0,16.0
3519071,2008,53,e2,5.0,7.0
3519071,2009,52,e2,4.0,6.0
3519071,2013,1,e2,6.0,8.0
3519600,2013,1,e2,12.0,13.0
3520103,2002,1,e2,3.0,4.0
3520400,2008,53,e2,3.0,4.0
3520509,2013,1,e2,5.0,6.0
3521309,2013,1,e2,24.0,34.0
3522505,2003,1,e2,48.0,73.0
3522505,2007,1,e2,2.0,3.0
3522604,2003,1,e2,3.0,4.0
3523008,2009,52,e2,15.0,17.0
3523909,2003,1,e2,2.0,3.0
3524006,2013,1,e2,1.0,2.0
3524402,2013,1,e2,6.0,7.0
3524709,2009,52,e2,2.0,3.0
3524808,2013,1,e2,2.0,3.0
3525003,2003,1,e2,7.0,8.0
3525102,2013,1,e2,2.0,3.0
3525854,2013,1,e2,1.0,2.0
3526605,2013,1,e2,1.0,2.0
3527108,2013,1,e2,1.0,2.0
3529005,2013,1,e2,16.0,19.0
3530300,2009,52,e2,7.0,8.0
3530300,2013,1,e2,27.0,29.0
3530706,2002,1,e2,1.0,2.0
3530706,2003,1,e2,2.0,3.0
3530805,2003,1,e2,1.0,2.0
3530805,2013,1,e2,2.0,3.0
3531902,2013,1,e2,34.0,37.0
3534203,2009,52,e2,1.0,2.0
3534401,2003,1,e2,4.0,5.0
3535507,2003,1,e2,4.0,5.0
3535507,2003,53,e2,1.0,2.0
3536505,2008,53,e2,1.0,2.0
3537602,2013,1,e2,1.0,2.0
3538709,2007,1,e2,13.0,15.0
3538709,2008,1,e2,12.0,14.0
3538709,2008,53,e2,14.0,23.0
3538808,2013,1,e2,1.0,2.0
3540002,2003,1,e2,1.0,2.0
3540200,2003,1,e2,1.0,2.0
3540606,2013,1,e2,7.0,8.0
3541000,2003,1,e2,1.0,2.0
3541000,2013,1,e2,13.0,14.0
3541406,2008,1,e2,6.0,7.0
3541406,2009,52,e2,15.0,19.0
3541406,2013,1,e2,37.0,44.0
3543402,2002,1,e2,11.0,14.0
3543402,2003,1,e2,13.0,18.0
3543402,2003,53,e2,3.0,5.0
3543402,2008,1,e2,36.0,51.0
3543402,2008,53,e2,18.0,30.0
3543402,2009,52,e2,110.0,133.0
3543402,2013,1,e2,78.0,94.0
3545308,2013,1,e2,1.0,2.0
3545803,2003,1,e2,3.0,5.0
3545803,2009,52,e2,1.0,2.0
3546603,2013,1,e2,1.0,2.0
3547809,2008,53,e2,3.0,5.0
3548005,2013,1,e2,3.0,4.0
3548054,2009,52,e2,2.0,3.0
3548500,2002,1,e2,24.0,26.0
3548500,2003,1,e2,5.0,8.0
3548500,2003,53,e2,2.0,3.0
3548500,2008,1,e2,2.0,4.0
3548500,2009,52,e2,9.0,11.0
3548500,2013,1,e2,40.0,45.0
3548906,2003,1,e2,2.0,3.0
3549409,2003,1,e2,1.0,2.0
3549805,2002,1,e2,26.0,29.0
3549805,2003,1,e2,18.0,25.0
3549805,2003,53,e2,14.0,20.0
3549805,2004,52,e2,23.0,24.0
3549805,2008,1,e2,60.0,77.0
3549805,2008,53,e2,15.0,18.0
3549805,2009,52,e2,148.0,209.0
3549805,2013,1,e2,189.0,220.0
3549904,2008,1,e2,19.0,20.0
3549904,2008,53,e2,10.0,14.0
3549904,2009,52,e2,2.0,3.0
3549904,2013,1,e2,62.0,68.0
3550308,2002,1,e2,25.0,26.0
3550308,2003,1,e2,20.0,28.0
3550308,2003,53,e2,19.0,21.0
3550308,2008,1,e2,164.0,182.0
3550308,2008,53,e2,36.0,44.0
3550308,2009,52,e2,33.0,34.0
3550308,2013,1,e2,109.0,121.0
3550308,2024,1,e2,367.0,368.0
3550407,2013,1,e2,1.0,2.0
3550704,2013,1,e2,25.0,34.0
3551009,2002,1,e2,19.0,26.0
3551009,2003,1,e2,1.0,2.0
3551009,2013,1,e2,7.0,8.0
3551702,2003,1,e2,3.0,5.0
3552205,2013,1,e2,62.0,74.0
3552403,2007,1,e2,28.0,45.0
3552403,2008,1,e2,11.0,13.0
3552403,2009,52,e2,2.0,3.0
3552403,2013,1,e2,6.0,8.0
3552809,2008,1,e2,2.0,3.0
3553708,2008,53,e2,1.0,2.0
3554102,2009,52,e2,1.0,2.0
3554102,2024,2,e2,133.0,134.0
3555000,2013,1,e2,5.0,6.0
3556206,2008,1,e2,7.0,8.0
3556305,2007,1,e2,4.0,5.0
3557006,2013,1,e2,11.0,12.0
3557105,2003,1,e2,2.0,3.0
3557105,2008,53,e2,7.0,8.0
3557105,2013,1,e2,4.0,5.0
4101507,2013,1,e2,6.0,7.0
4101903,2013,1,e2,2.0,4.0
4102802,2008,1,e2,2.0,3.0
4102802,2008,53,e2,2.0,3.0
4102802,2013,1,e2,6.0,8.0
4103503,2013,1,e2,1.0,2.0
4103701,2008,1,e2,9.0,10.0
4103701,2008,53,e2,10.0,11.0
4103701,2009,52,e2,11.0,20.0
4103701,2013,1,e2,22.0,26.0
4104303,2013,1,e2,12.0,16.0
4104808,2008,1,e2,9.0,11.0
4105805,2013,1,e2,2.0,3.0
4106902,2003,53,e2,4.0,5.0
4106902,2008,1,e2,13.0,16.0
4106902,2008,53,e2,3.0,4.0
4106902,2013,1,e2,9.0,10.0
4107652,2007,1,e2,1.0,2.0
4108007,2008,1,e2,5.0,9.0
4108007,2013,1,e2,1.0,2.0
4108304,2003,1,e2,5.0,9.0
4108304,2003,53,e2,2.0,4.0
4108304,2008,1,e2,5.0,6.0
4108304,2008,53,e2,2.0,4.0
4108304,2009,52,e2,3.0,5.0
4108304,2013,1,e2,60.0,69.0
4109807,2003,53,e2,3.0,4.0
4112702,2008,53,e2,2.0,3.0
4113700,2003,1,e2,18.0,29.0
4113700,2003,53,e2,35.0,38.0
4113700,2007,1,e2,15.0,17.0
4113700,2008,1,e2,42.0,59.0
4113700,2008,53,e2,115.0,139.0
4113700,2009,52,e2,31.0,41.0
4113700,2013,1,e2,44.0,56.0
4115200,2003,1,e2,1.0,2.0
4115200,2008,53,e2,1.0,2.0
4115200,2009,52,e2,7.0,13.0
4115200,2013,1,e2,18.0,30.0
4116000,2008,1,e2,3.0,4.0
4117503,2013,1,e2,2.0,3.0
4118402,2003,1,e2,4.0,5.0
4118402,2013,1,e2,52.0,56.0
4118808,2013,1,e2,229.0,296.0
4118857,2013,1,e2,1.0,2.0
4120002,2008,1,e2,3.0,5.0
4120507,2008,53,e2,2.0,3.0
4122404,2008,1,e2,4.0,5.0
4122404,2009,52,e2,3.0,4.0
4122404,2013,1,e2,5.0,6.0
4124608,2013,1,e2,41.0,48.0
4126504,2008,1,e2,5.0,7.0
4126504,2009,52,e2,5.0,9.0
4127700,2013,1,e2,4.0,5.0
4310207,2013,1,e2,1.0,2.0
4314902,2003,53,e2,1.0,2.0
5000708,2003,1,e2,5.0,7.0
5000708,2009,52,e2,15.0,19.0
5000708,2013,1,e2,13.0,18.0
5001102,2009,52,e2,4.0,7.0
5001102,2013,1,e2,36.0,37.0
5001904,2013,1,e2,5.0,6.0
5002159,2009,52,e2,15.0,17.0
5002209,2009,52,e2,4.0,5.0
5002407,2013,1,e2,2.0,3.0
5002605,2013,1,e2,1.0,2.0
5002704,2001,1,e2,12.0,14.0
5002704,2002,1,e2,267.0,324.0
5002704,2003,1,e2,23.0,36.0
5002704,2003,53,e2,15.0,25.0
5002704,2004,52,e2,4.0,5.0
5002704,2007,1,e2,610.0,674.0
5002704,2008,1,e2,46.0,62.0
5002704,2008,53,e2,15.0,23.0
5002704,2009,52,e2,627.0,850.0
5002704,2013,1,e2,1686.0,1980.0
5003108,2009,52,e2,2.0,4.0
5003207,2009,52,e2,11.0,12.0
5003306,2009,52,e2,9.0,14.0
5003306,2013,1,e2,12.0,14.0
5003702,2009,52,e2,22.0,32.0
5003801,2013,1,e2,31.0,39.0
5005004,2009,52,e2,43.0,44.0
5005202,2013,1,e2,33.0,37.0
5005400,2009,52,e2,1.0,2.0
5005608,2007,1,e2,29.0,31.0
5005707,2013,1,e2,55.0,60.0
5005806,2003,1,e2,2.0,4.0
5006002,2009,52,e2,18.0,29.0
5006200,2013,1,e2,38.0,41.0
5006408,2009,52,e2,46.0,62.0
5006408,2013,1,e2,16.0,17.0
5006606,2003,53,e2,4.0,5.0
5007109,2002,1,e2,6.0,8.0
5007109,2013,1,e2,70.0,74.0
5007208,2009,52,e2,42.0,44.0
5007695,2009,52,e2,1.0,2.0
5007901,2013,1,e2,82.0,102.0
5007935,2003,1,e2,2.0,3.0
5007935,2007,1,e2,7.0,8.0
5008008,2009,52,e2,2.0,3.0
5008305,2008,1,e2,2.0,3.0
5008305,2009,52,e2,7.0,13.0
5008404,2013,1,e2,7.0,10.0
5100201,2013,1,e2,14.0,17.0
5100250,2008,1,e2,18.0,22.0
5100250,2009,52,e2,13.0,16.0
5100250,2013,1,e2,70.0,74.0
5100359,2008,53,e2,3.0,4.0
5100409,2009,52,e2,3.0,4.0
5101001,2013,1,e2,2.0,4.0
5101407,2002,1,e2,2.0,3.0
5101407,2007,1,e2,44.0,46.0
5101407,2008,1,e2,5.0,7.0
5101407,2009,52,e2,15.0,16.0
5101704,2002,1,e2,7.0,10.0
5101704,2009,52,e2,4.0,6.0
5101704,2013,1,e2,13.0,14.0
5101803,2008,1,e2,19.0,23.0
5101803,2009,52,e2,276.0,330.0
5101803,2013,1,e2,47.0,55.0
5101902,2008,1,e2,1.0,2.0
5102504,2009,52,e2,161.0,170.0
5102637,2003,1,e2,2.0,3.0
5102637,2007,1,e2,16.0,18.0
5102637,2008,53,e2,3.0,4.0
5102678,2009,52,e2,30.0,31.0
5102678,2013,1,e2,58.0,70.0
5102686,2013,1,e2,7.0,11.0
5102702,2009,52,e2,8.0,9.0
5102793,2008,1,e2,6.0,7.0
5102793,2009,52,e2,2.0,4.0
5102793,2013,1,e2,7.0,9.0
5103205,2013,1,e2,2.0,3.0
5103254,2007,1,e2,18.0,19.0
5103254,2009,52,e2,40.0,41.0
5103254,2013,1,e2,5.0,7.0
5103353,2003,53,e2,539.0,547.0
5103353,2004,52,e2,1.0,2.0
5103403,2002,1,e2,18.0,23.0
5103403,2003,1,e2,80.0,149.0
5103403,2008,1,e2,14.0,16.0
5103403,2008,53,e2,4.0,7.0
5103403,2009,52,e2,165.0,221.0
5103403,2013,1,e2,27.0,33.0
5103437,2009,52,e2,1.0,2.0
5103502,2009,52,e2,2.0,3.0
5103700,2009,52,e2,4.0,5.0
5103908,2008,1,e2,4.0,7.0
5103908,2009,52,e2,1.0,2.0
5103957,2009,52,e2,1.0,2.0
5104104,2009,52,e2,58.0,70.0
5104104,2013,1,e2,57.0,61.0
5104203,2009,52,e2,1.0,2.0
5104526,2009,52,e2,20.0,22.0
5104559,2009,52,e2,13.0,22.0
5105002,2009,52,e2,17.0,23.0
5105002,2013,1,e2,4.0,5.0
5105101,2009,52,e2,9.0,10.0
5105150,2002,1,e2,23.0,32.0
5105150,2003,53,e2,1.0,2.0
5105150,2009,52,e2,41.0,43.0
5105150,2013,1,e2,35.0,37.0
5105176,2013,1,e2,5.0,6.0
5105259,2013,1,e2,86.0,108.0
5105507,2003,53,e2,3.0,4.0
5105507,2009,52,e2,64.0,79.0
5105580,2013,1,e2,3.0,4.0
5105606,2013,1,e2,8.0,9.0
5105622,2003,1,e2,3.0,4.0
5106109,2009,52,e2,17.0,22.0
5106216,2008,1,e2,17.0,21.0
5106216,2009,52,e2,9.0,11.0
5106240,2013,1,e2,11.0,15.0
5106257,2002,1,e2,8.0,11.0
5106257,2008,53,e2,2.0,3.0
5106257,2009,52,e2,3.0,6.0
5106299,2013,1,e2,74.0,78.0
5106372,2009,52,e2,7.0,8.0
5106422,2002,1,e2,2.0,3.0
5106422,2003,1,e2,1.0,2.0
5106422,2009,52,e2,17.0,19.0
5106653,2009,52,e2,23.0,26.0
5106653,2013,1,e2,10.0,11.0
5106752,2008,1,e2,4.0,6.0
5106752,2009,52,e2,4.0,5.0
5106752,2013,1,e2,18.0,27.0
5107008,2013,1,e2,9.0,10.0
5107040,2003,1,e2,3.0,6.0
5107040,2008,53,e2,3.0,4.0
5107040,2009,52,e2,26.0,32.0
5107040,2013,1,e2,21.0,32.0
5107107,2003,1,e2,2.0,3.0
5107107,2009,52,e2,51.0,53.0
5107206,2008,53,e2,1.0,2.0
5107354,2008,1,e2,40.0,41.0
5107602,2009,52,e2,162.0,230.0
5107602,2013,1,e2,96.0,118.0
5107701,2003,1,e2,1.0,2.0
5107701,2008,53,e2,14.0,20.0
5107701,2009,52,e2,3.0,4.0
5107768,2013,1,e2,3.0,5.0
5107875,2009,52,e2,22.0,23.0
5107883,2013,1,e2,6.0,7.0
5107909,2002,1,e2,56.0,61.0
5107909,2009,52,e2,153.0,182.0
5107909,2013,1,e2,146.0,173.0
5107925,2008,1,e2,6.0,7.0
5107925,2009,52,e2,84.0,86.0
5107941,2013,1,e2,8.0,10.0
5107958,2009,52,e2,10.0,12.0
5107958,2013,1,e2,34.0,42.0
5108055,2003,1,e2,4.0,5.0
5108303,2013,1,e2,5.0,9.0
5108402,2003,1,e2,12.0,15.0
5108402,2007,1,e2,7.0,8.0
5108402,2008,53,e2,10.0,14.0
5108402,2009,52,e2,137.0,159.0
5108600,2003,1,e2,1.0,2.0
5108600,2003,53,e2,4.0,5.0
5108808,2013,1,e2,9.0,14.0
5200258,2013,1,e2,15.0,16.0
5201108,2009,52,e2,44.0,46.0
5201108,2013,1,e2,72.0,87.0
5201405,2001,1,e2,6.0,7.0
5201405,2002,1,e2,25.0,26.0
5201405,2003,1,e2,15.0,24.0
5201405,2003,53,e2,17.0,23.0
5201405,2004,52,e2,23.0,40.0
5201405,2007,1,e2,37.0,43.0
5201405,2008,1,e2,61.0,65.0
5201405,2008,53,e2,77.0,80.0
5201405,2009,52,e2,364.0,427.0
5201405,2013,1,e2,310.0,321.0
5201702,2003,53,e2,5.0,9.0
5201702,2009,52,e2,19.0,24.0
5203203,2009,52,e2,15.0,19.0
5203401,2002,1,e2,2.0,3.0
5204250,2013,1,e2,37.0,44.0
5204508,2013,1,e2,9.0,10.0
5204706,2009,52,e2,4.0,5.0
5204904,2002,1,e2,2.0,3.0
5204904,2009,52,e2,60.0,70.0
5204953,2008,1,e2,3.0,5.0
5205000,2013,1,e2,5.0,6.0
5205109,2003,1,e2,2.0,4.0
5205109,2005,52,e2,1.0,2.0
5205109,2013,1,e2,1.0,2.0
5205406,2009,52,e2,21.0,35.0
5208707,2001,1,e2,13.0,20.0
5208707,2002,1,e2,109.0,114.0
5208707,2003,1,e2,48.0,52.0
5208707,2003,53,e2,37.0,52.0
5208707,2004,52,e2,30.0,33.0
5208707,2007,1,e2,60.0,64.0
5208707,2008,1,e2,103.0,120.0
5208707,2008,53,e2,106.0,143.0
5208707,2009,52,e2,1183.0,1558.0
5208707,2013,1,e2,896.0,998.0
5208806,2008,1,e2,4.0,8.0
5208806,2009,52,e2,52.0,90.0
5209705,2003,1,e2,3.0,4.0
5209705,2009,52,e2,1.0,2.0
5209903,2002,1,e2,2.0,3.0
5210406,2002,1,e2,1.0,2.0
5210901,2009,52,e2,5.0,6.0
5211206,2005,52,e2,3.0,4.0
5211503,2002,1,e2,11.0,14.0
5211503,2003,1,e2,2.0,3.0
5211909,2009,52,e2,5.0,7.0
5211909,2013,1,e2,14.0,18.0
5213087,2008,1,e2,10.0,13.0
5213087,2008,53,e2,4.0,6.0
5213103,2009,52,e2,1.0,2.0
5214861,2009,52,e2,10.0,15.0
5217401,2005,50,e2,2.0,3.0
5217708,2009,52,e2,5.0,6.0
5218003,2013,1,e2,18.0,20.0
5218508,2002,1,e2,1.0,2.0
5218607,2009,52,e2,9.0,15.0
5218706,2009,52,e2,2.0,3.0
5218805,2008,1,e2,6.0,8.0
5218805,2008,53,e2,3.0,4.0
5218805,2009,52,e2,19.0,26.0
5218805,2013,1,e2,23.0,26.0
5218904,2009,52,e2,10.0,11.0
5218904,2013,1,e2,3.0,6.0
5219308,2009,52,e2,1.0,2.0
5219704,2013,1,e2,2.0,3.0
5219712,2013,1,e2,2.0,3.0
5219753,2013,1,e2,7.0,8.0
5220108,2002,1,e2,2.0,3.0
5220108,2005,51,e2,3.0,4.0
5220207,2009,52,e2,11.0,13.0
5220207,2013,1,e2,2.0,3.0
5220454,2002,1,e2,5.0,6.0
5220454,2008,53,e2,3.0,5.0
5220454,2009,52,e2,36.0,50.0
5220454,2013,1,e2,11.0,12.0
5220504,2009,52,e2,6.0,7.0
5221403,2002,1,e2,6.0,7.0
5221403,2009,52,e2,56.0,60.0
5221403,2013,1,e2,82.0,98.0
5221502,2013,1,e2,6.0,9.0
5221601,2007,1,e2,7.0,8.0
5222005,2008,53,e2,2.0,4.0
5300108,2001,1,e2,16.0,19.0
5300108,2002,1,e2,33.0,36.0
5300108,2003,1,e2,10.0,11.0
5300108,2003,53,e2,29.0,32.0
5300108,2008,1,e2,19.0,26.0
5300108,2008,53,e2,12.0,17.0
5300108,2009,52,e2,41.0,45.0
5300108,2013,1,e2,50.0,53.0
5300108,2022,1,e2,375.0,376.0
