codigo_wmo,nome,uf,regiao,latitude,longitude,altitude,data_fundacao,anos_com_dados
A338,,PI,,-3.90083333,-42.23694444,65.0,,"2007,2008,2010,2011,2012,2013,2014,2015,2016,2017"
A454,,BA,,-13.03888888,-42.61722221,574.0,,"2016,2017,2018"
S108,,MA,,-2.7,-44.85,,,"2016,2017,2018"
A362,,PI,,-5.91111111,-42.7186111,287.0,,"2010,2011,2012,2013,2014,2015,2016,2017,2018"
S102,,AM,,-2.93055554,-69.69527777,,,"2016,2017,2018"
S103,,AM,,-3.02249999,-60.05555555,,,"2016,2017,2018"
S105,,AM,,-4.25055555,-69.93499999,,,"2016,2017,2018"
S115,,AM,,0.59944444,-69.19194444,,,"2016,2017,2018"
S116,,AM,,-4.52999999,-71.61749999,,,"2016,2017,2018"
S117,,AM,,-3.37722221,-64.72305554,,,"2016,2017,2018"
S121,,AM,,-0.41444444,-65.01749999,,,"2016,2017,2018"
S107,,PA,,-4.28999999,-47.55,,,"2016,2017,2018"
S111,,PA,,-3.8,-47.51,,,"2016,2017,2018"
S120,,PA,,-6.23722221,-57.77499999,,,"2016,2017,2018"
S101,,RO,,-12.42999999,-64.41999999,,,"2016,2017,2018"
S104,,RO,,-12.75055555,-60.14916666,,,"2016,2017,2018"
S110,,RO,,-10.78999999,-65.33277777,,,"2016,2017,2018"
S113,,RR,,0.94777777,-59.74638888,,,"2016,2017,2018"
S114,,RR,,4.47749999,-61.14916666,,,"2016,2017,2018"
S122,,MG,,3.35888888,-59.82388888,,,"2016,2017,2018"
A847,,PR,,-25.49444444,-48.32583332,1.0,,"2007,2008,2010,2011,2012,2013,2014,2015,2016,2017,2018"
A941,,MT,,-16.07472221,-57.69305555,123.53,,"2012,2013,2014,2015,2016,2017,2018,2019"
A302,,RN,,0.916877,-29.345904,15.0,,"2003,2004,2005,2006,2007,2008,2010,2011,2012,2013,2014,2015,2016,2017,2018,2019"
A757,BELA VISTA,MS,CO,-22.10166666,-56.54083333,206.09,09/08/11,"2011,2012,2013,2014,2015,2016,2017,2018,2019,2021"
S701,ANGELICA,MS,CO,-22.148083,-53.763736,347.0,09/04/18,"2018,2019,2021"
S702,ARAL MOREIRA,MS,CO,-22.955,-55.6261111,605.0,13/04/18,"2018,2019,2021"
S703,BANDEIRANTES,MS,CO,-19.94555555,-54.3686111,624.0,29/01/18,"2018,2019,2021"
S704,BONITO,MS,CO,-21.24666666,-56.45055555,329.0,06/08/18,"2018,2019,2021"
S705,BRASILANDIA,MS,CO,-21.29833333,-52.06888888,345.0,06/04/18,"2018,2019,2021"
S706,CAARAPO,MS,CO,-22.657056,-54.819306,456.0,03/03/18,"2018,2019,2021"
S707,CAMAPUA,MS,CO,-19.58749999,-54.02999999,540.0,19/02/18,"2018,2019,2021"
S708,FATIMA DO SUL,MS,CO,-22.30861111,-54.32583332,340.0,28/02/18,"2018,2019,2021"
S709,IGUATEMI,MS,CO,-23.64444444,-54.57027777,319.0,19/02/18,"2018,2019,2021"
S710,ITAPORA,MS,CO,-22.092833,-54.798833,360.0,26/02/18,"2018,2019,2021"
S711,LAGUNA CARAPA,MS,CO,-22.575389,-55.160333,499.0,12/04/18,"2018,2019,2021"
S712,NOVA ALVORADA DO SUL,MS,CO,-21.450972,-54.341972,5.0,23/02/18,"2018,2019,2021"
S713,NOVA ANDRADINA,MS,CO,-22.0786111,-53.46583333,372.0,09/04/18,"2018,2019,2021"
S714,PEDRO GOMES,MS,CO,-18.07277777,-54.54888888,251.0,02/02/18,"2018,2019,2021"
S715,RIBAS DO RIO PARDO,MS,CO,-20.466694,-53.763028,442.0,18/01/18,"2018,2019,2021"
S716,SANTA RITA DO PARDO,MS,CO,-21.305889,-52.820375,383.0,19/02/18,"2018,2019,2021"
S717,SELVIRIA,MS,CO,-20.35138888,-51.43027777,374.0,05/04/18,"2018,2019,2021"
A435,UAUA,BA,NE,-9.8336111,-39.49555555,450.6,20/05/08,"2008,2010,2011,2012,2013,2014,2015,2016,2017,2018,2019,2021"
A449,PILAO ARCADO,BA,NE,-10.01833332,-42.50027777,385.0,28/05/16,"2016,2017,2018,2019,2021"
A420,CARIRA,SE,NE,-10.39972221,-37.74749999,289.92,28/03/08,"2008,2010,2011,2012,2013,2014,2015,2016,2017,2018,2019,2021"
A623,NOVA VENECIA,ES,SE,-18.69527777,-40.39055555,156.02,22/06/08,"2008,2010,2011,2012,2013,2014,2015,2016,2017,2018,2019,2021"
A635,ITATIAIA,RJ,SE,-22.37388888,-44.70305555,2450.0,01/09/17,"2017,2018,2019,2021"
A729,VOTUPORANGA,SP,SE,-20.40333333,-49.96611111,510.37,04/12/06,"2006,2007,2008,2010,2011,2012,2013,2014,2015,2016,2017,2018,2019,2021"
A767,SAO SEBASTIAO,SP,SE,-23.81083333,-45.4025,24.0,25/10/17,"2017,2018,2019,2021"
A301,RECIFE,PE,NE,-8.05916666,-34.95916666,11.3,22/12/04,"2004,2005,2006,2007,2008,2010,2011,2012,2013,2014,2015,2016,2017,2018,2019,2021,2023"
A808,TORRES,RS,S,-29.35027777,-49.73333333,8.44,01/06/06,"2006,2007,2008,2010,2011,2012,2013,2014,2015,2016,2017,2018,2019,2021,2023"
A921,SAO FELIX  DO ARAGUAIA,MT,CO,-11.61888888,-50.72777777,201.37,19/10/07,"2007,2008,2010,2011,2012,2013,2014,2015,2016,2017,2018,2019,2021,2023,2024"
A615,ALFREDO CHAVES,ES,SE,-20.63638888,-40.74194444,14.19,03/11/06,"2006,2007,2008,2010,2011,2012,2013,2014,2015,2016,2017,2018,2019,2021,2023,2024"
B807,PORTO ALEGRE- BELEM NOVO,RS,S,-30.1861111,-51.17805554,3.3,08/12/22,"2023,2024"
A915,PARANATINGA,MT,CO,-14.42138888,-54.0361111,476.91,19/12/06,"2006,2007,2008,2010,2011,2012,2013,2014,2015,2016,2017,2018,2019,2021,2023,2024,2025"
A418,BOM JESUS DA LAPA,BA,NE,-13.25111111,-43.40527777,447.75,18/05/07,"2007,2008,2010,2011,2012,2013,2014,2015,2016,2017,2018,2019,2021,2023,2024,2025"
A001,BRASILIA,DF,CO,-15.78944444,-47.92583332,1160.96,07/05/00,"2000,2001,2002,2003,2004,2005,2006,2007,2008,2010,2011,2012,2013,2014,2015,2016,2017,2018,2019,2021,2023,2024,2025,2026"
A042,BRAZLANDIA,DF,CO,-15.6525,-48.20138888,1147.0,19/07/17,"2017,2018,2019,2021,2023,2024,2025,2026"
A045,AGUAS EMENDADAS,DF,CO,-15.59638888,-47.62583332,1030.36,03/10/08,"2008,2010,2011,2012,2013,2014,2015,2016,2017,2018,2019,2021,2023,2024,2025,2026"
A046,GAMA (PONTE ALTA),DF,CO,-15.93527777,-48.13749999,990.0,01/10/14,"2014,2015,2016,2017,2018,2019,2021,2023,2024,2025,2026"
A047,PARANOA (COOPA-DF),DF,CO,-16.01222222,-47.5575,1043.0,07/02/17,"2017,2018,2019,2021,2023,2024,2025,2026"
A002,GOIANIA,GO,CO,-16.64277777,-49.22027777,727.3,29/05/01,"2001,2002,2003,2004,2005,2006,2007,2008,2010,2011,2012,2013,2014,2015,2016,2017,2018,2019,2021,2023,2024,2025,2026"
A003,MORRINHOS,GO,CO,-17.74499999,-49.10166666,751.09,25/05/01,"2001,2002,2003,2004,2005,2006,2007,2008,2010,2011,2012,2013,2014,2015,2016,2017,2018,2019,2021,2023,2024,2025,2026"
A005,PORANGATU,GO,CO,-13.30944444,-49.11749999,365.0,04/06/01,"2018,2019,2021,2023,2024,2025,2026"
A011,SAO SIMAO,GO,CO,-18.96916666,-50.63333333,492.45,15/07/06,"2006,2007,2008,2010,2011,2012,2013,2014,2015,2016,2017,2018,2019,2021,2023,2024,2025,2026"
A012,LUZIANIA,GO,CO,-16.26055555,-47.96694443,1000.82,21/10/06,"2006,2007,2008,2010,2011,2012,2013,2014,2015,2016,2017,2018,2019,2021,2023,2024,2025,2026"
A013,ARAGARCAS,GO,CO,-15.90277777,-52.24527777,327.35,13/07/07,"2007,2008,2010,2011,2012,2013,2014,2015,2016,2017,2018,2019,2021,2023,2024,2025,2026"
A014,GOIAS,GO,CO,-15.93972221,-50.14138888,512.86,18/07/07,"2007,2008,2010,2011,2012,2013,2014,2015,2016,2017,2018,2019,2021,2023,2024,2025,2026"
A015,ITAPACI,GO,CO,-14.97972221,-49.53944444,551.0,03/02/07,"2007,2008,2010,2011,2012,2013,2014,2015,2016,2017,2018,2019,2021,2023,2024,2025,2026"
A016,JATAI,GO,CO,-17.9236111,-51.71749999,670.08,23/05/07,"2007,2008,2010,2011,2012,2013,2014,2015,2016,2017,2018,2019,2021,2023,2024,2025,2026"
A017,POSSE,GO,CO,-14.08916666,-46.36638888,830.0,18/04/07,"2007,2008,2010,2011,2012,2013,2014,2015,2016,2017,2018,2019,2021,2023,2024,2025,2026"
A022,GOIANESIA,GO,CO,-15.22027777,-48.98999999,667.01,02/06/07,"2007,2008,2010,2011,2012,2013,2014,2015,2016,2017,2018,2019,2021,2023,2024,2025,2026"
A023,CAIAPONIA,GO,CO,-16.96694443,-51.81749999,740.1,21/05/07,"2007,2008,2010,2011,2012,2013,2014,2015,2016,2017,2018,2019,2021,2023,2024,2025,2026"
A024,ALTO PARAISO DE GOIAS,GO,CO,-14.13305554,-47.52333332,1264.7,04/06/07,"2007,2008,2010,2011,2012,2013,2014,2015,2016,2017,2018,2019,2021,2023,2024,2025,2026"
A025,RIO VERDE,GO,CO,-17.78527777,-50.965,780.11,17/05/07,"2007,2008,2010,2011,2012,2013,2014,2015,2016,2017,2018,2019,2021,2023,2024,2025,2026"
A026,MINEIROS,GO,CO,-17.45472222,-52.60111111,862.0,24/11/07,"2007,2008,2010,2011,2012,2013,2014,2015,2016,2017,2018,2019,2021,2023,2024,2025,2026"
A027,PARAUNA,GO,CO,-16.9625,-50.42555554,678.74,29/03/08,"2008,2010,2011,2012,2013,2014,2015,2016,2017,2018,2019,2021,2023,2024,2025,2026"
A028,IPORA,GO,CO,-16.42305554,-51.14888888,610.41,24/06/13,"2013,2014,2015,2016,2017,2018,2019,2021,2023,2024,2025,2026"
A029,EDEIA,GO,CO,-17.33694444,-49.91472222,608.0,26/08/17,"2017,2018,2019,2021,2023,2024,2025,2026"
A031,SAO MIGUEL DO ARAGUAIA,GO,CO,-12.82055554,-50.33583333,210.0,29/06/17,"2017,2018,2019,2021,2023,2024,2025,2026"
A032,MONTE ALEGRE DE GOIAS,GO,CO,-13.25361111,-46.89027777,552.0,07/06/07,"2007,2008,2010,2011,2012,2013,2014,2015,2016,2017,2018,2019,2021,2023,2024,2025,2026"
A033,PIRES DO RIO,GO,CO,-17.30416666,-48.28416666,757.27,12/10/07,"2007,2008,2010,2011,2012,2013,2014,2015,2016,2017,2018,2019,2021,2023,2024,2025,2026"
A034,CATALAO,GO,CO,-18.15472222,-47.92749999,900.72,31/01/08,"2008,2010,2011,2012,2013,2014,2015,2016,2017,2018,2019,2021,2023,2024,2025,2026"
A035,ITUMBIARA,GO,CO,-18.40972222,-49.19194444,491.17,01/11/07,"2007,2008,2010,2011,2012,2013,2014,2015,2016,2017,2018,2019,2021,2023,2024,2025,2026"
A036,CRISTALINA,GO,CO,-16.78499999,-47.61305555,1211.08,14/12/07,"2007,2008,2010,2011,2012,2013,2014,2015,2016,2017,2018,2019,2021,2023,2024,2025,2026"
A037,SILVANIA,GO,CO,-16.67972221,-48.61805554,952.0,08/10/10,"2010,2011,2012,2013,2014,2015,2016,2017,2018,2019,2021,2023,2024,2025,2026"
A056,CRISTALINA (FAZENDA SANTA MONICA),GO,CO,-16.39944444,-47.62583332,932.0,25/01/18,"2018,2019,2021,2023,2024,2025,2026"
A702,CAMPO GRANDE,MS,CO,-20.44722221,-54.72249999,528.47,10/09/01,"2001,2002,2003,2004,2005,2006,2007,2008,2010,2011,2012,2013,2014,2015,2016,2017,2018,2019,2021,2023,2024,2025,2026"
A703,PONTA PORA,MS,CO,-22.5525,-55.71638888,668.0,07/09/01,"2001,2002,2003,2004,2005,2006,2007,2008,2010,2011,2012,2013,2014,2015,2016,2017,2018,2019,2021,2023,2024,2025,2026"
A704,TRES LAGOAS,MS,CO,-20.79499999,-51.71333333,328.94,03/09/01,"2001,2002,2003,2004,2005,2006,2007,2008,2010,2011,2012,2013,2014,2015,2016,2017,2018,2019,2021,2023,2024,2025,2026"
A709,IVINHEMA,MS,CO,-22.30055555,-53.82277777,377.36,08/02/03,"2003,2004,2005,2006,2007,2008,2010,2011,2012,2013,2014,2015,2016,2017,2018,2019,2021,2023,2024,2025,2026"
A710,PARANAIBA,MS,CO,-19.69555555,-51.18166666,408.06,10/11/06,"2006,2007,2008,2010,2011,2012,2013,2014,2015,2016,2017,2018,2019,2021,2023,2024,2025,2026"
A717,NHUMIRIM,MS,CO,-18.9886111,-56.62277777,102.26,02/08/06,"2006,2007,2008,2010,2011,2012,2013,2014,2015,2016,2017,2018,2019,2021,2023,2024,2025,2026"
A719,AQUIDAUANA,MS,CO,-20.47555554,-55.78388888,151.35,01/11/06,"2006,2007,2008,2010,2011,2012,2013,2014,2015,2016,2017,2018,2019,2021,2023,2024,2025,2026"
A720,COXIM,MS,CO,-18.51222222,-54.7361111,251.48,06/11/06,"2006,2007,2008,2010,2011,2012,2013,2014,2015,2016,2017,2018,2019,2021,2023,2024,2025,2026"
A721,DOURADOS,MS,CO,-22.19388888,-54.91138888,463.3,18/10/06,"2006,2007,2008,2010,2011,2012,2013,2014,2015,2016,2017,2018,2019,2021,2023,2024,2025,2026"
A722,MIRANDA,MS,CO,-20.39555555,-56.43166666,132.49,02/11/06,"2006,2007,2008,2010,2011,2012,2013,2014,2015,2016,2017,2018,2019,2021,2023,2024,2025,2026"
A723,PORTO MURTINHO,MS,CO,-21.70583333,-57.88666666,78.56,24/10/06,"2006,2007,2008,2010,2011,2012,2013,2014,2015,2016,2017,2018,2019,2021,2023,2024,2025,2026"
A724,CORUMBA,MS,CO,-18.99666666,-57.63749999,111.73,26/10/06,"2006,2007,2008,2010,2011,2012,2013,2014,2015,2016,2017,2018,2019,2021,2023,2024,2025,2026"
A730,CHAPADAO DO SUL,MS,CO,-18.80222222,-52.6025,820.82,20/12/06,"2006,2007,2008,2010,2011,2012,2013,2014,2015,2016,2017,2018,2019,2021,2023,2024,2025,2026"
A731,MARACAJU,MS,CO,-21.60916666,-55.17749999,388.94,15/12/06,"2006,2007,2008,2010,2011,2012,2013,2014,2015,2016,2017,2018,2019,2021,2023,2024,2025,2026"
A732,SAO GABRIEL DO OESTE,MS,CO,-19.42027777,-54.55305555,646.0,18/12/06,"2006,2007,2008,2010,2011,2012,2013,2014,2015,2016,2017,2018,2019,2021,2023,2024,2025,2026"
A742,CASSILANDIA,MS,CO,-19.12249999,-51.72083332,494.72,08/03/08,"2008,2010,2011,2012,2013,2014,2015,2016,2017,2018,2019,2021,2023,2024,2025,2026"
A743,RIO BRILHANTE,MS,CO,-21.77499999,-54.52805554,324.31,26/06/08,"2008,2010,2011,2012,2013,2014,2015,2016,2017,2018,2019,2021,2023,2024,2025,2026"
A749,JUTI,MS,CO,-22.85722222,-54.60555555,375.18,16/06/08,"2008,2010,2011,2012,2013,2014,2015,2016,2017,2018,2019,2021,2023,2024,2025,2026"
A750,AMAMBAI,MS,CO,-23.0025,-55.32944443,433.59,11/06/08,"2008,2010,2011,2012,2013,2014,2015,2016,2017,2018,2019,2021,2023,2024,2025,2026"
A751,SETE QUEDAS,MS,CO,-23.96694443,-55.02416666,398.4,03/06/08,"2008,2010,2011,2012,2013,2014,2015,2016,2017,2018,2019,2021,2023,2024,2025,2026"
A752,ITAQUIRAI,MS,CO,-23.44944444,-54.18194443,337.82,28/05/08,"2008,2010,2011,2012,2013,2014,2015,2016,2017,2018,2019,2021,2023,2024,2025,2026"
A754,SIDROLANDIA,MS,CO,-20.98166666,-54.97194443,471.43,29/09/08,"2008,2010,2011,2012,2013,2014,2015,2016,2017,2018,2019,2021,2023,2024,2025,2026"
A756,AGUA CLARA,MS,CO,-20.44444444,-52.87583332,323.63,14/08/10,"2010,2011,2012,2013,2014,2015,2016,2017,2018,2019,2021,2023,2024,2025,2026"
A758,JARDIM,MS,CO,-21.4786111,-56.13777777,252.47,04/08/11,"2011,2012,2013,2014,2015,2016,2017,2018,2019,2021,2023,2024,2025,2026"
A759,BATAGUASSU,MS,CO,-21.75,-52.47138888,392.13,21/03/13,"2013,2014,2015,2016,2017,2018,2019,2021,2023,2024,2025,2026"
A760,COSTA RICA,MS,CO,-18.49277777,-53.17138888,727.34,04/12/12,"2012,2013,2014,2015,2016,2017,2018,2019,2021,2023,2024,2025,2026"
A761,SONORA,MS,CO,-17.63527777,-54.76055555,495.25,30/11/12,"2012,2013,2014,2015,2016,2017,2018,2019,2021,2023,2024,2025,2026"
A772,AMAMBAI - NOVO HORIZONTE,MS,CO,-23.1211111,-54.86555555,,18/02/26,2026
A901,CUIABA,MT,CO,-15.60694444,-56.06083333,184.0,08/12/02,"2002,2003,2004,2005,2006,2007,2008,2010,2011,2012,2013,2014,2015,2016,2017,2018,2019,2021,2023,2024,2025,2026"
A902,TANGARA DA SERRA,MT,CO,-14.65,-57.43166666,440.01,11/12/02,"2002,2003,2004,2005,2006,2007,2008,2010,2011,2012,2013,2014,2015,2016,2017,2018,2019,2021,2023,2024,2025,2026"
A903,S.J. DO RIO CLARO,MT,CO,-13.45388888,-56.67722221,339.59,25/02/03,"2003,2004,2005,2006,2007,2008,2010,2011,2012,2013,2014,2015,2016,2017,2018,2019,2021,2023,2024,2025,2026"
A904,SORRISO,MT,CO,-12.555,-55.72277777,379.31,16/12/02,"2002,2003,2004,2005,2006,2007,2008,2010,2011,2012,2013,2014,2015,2016,2017,2018,2019,2021,2023,2024,2025,2026"
A905,CAMPO NOVO DOS PARECIS,MT,CO,-13.78583333,-57.8386111,525.41,13/12/02,"2002,2003,2004,2005,2006,2007,2008,2010,2011,2012,2013,2014,2015,2016,2017,2018,2019,2021,2023,2024,2025,2026"
A906,GUARANTA DO NORTE,MT,CO,-9.9525,-54.89777777,283.58,20/12/02,"2002,2003,2004,2005,2006,2007,2008,2010,2011,2012,2013,2014,2015,2016,2017,2018,2019,2021,2023,2024,2025,2026"
A907,RONDONOPOLIS,MT,CO,-16.4625,-54.58027777,289.88,17/11/03,"2003,2004,2005,2006,2007,2008,2010,2011,2012,2013,2014,2015,2016,2017,2018,2019,2021,2023,2024,2025,2026"
A908,AGUA BOA,MT,CO,-14.01638888,-52.21166666,440.0,16/12/06,"2006,2007,2008,2010,2011,2012,2013,2014,2015,2016,2017,2018,2019,2021,2023,2024,2025,2026"
A909,ALTO ARAGUAIA,MT,CO,-17.33944444,-53.22444443,753.28,22/09/11,"2011,2012,2013,2014,2015,2016,2017,2018,2019,2021,2023,2024,2025,2026"
A910,APIACAS,MT,CO,-9.56333333,-57.3936111,217.75,24/10/06,"2006,2007,2008,2010,2011,2012,2013,2014,2015,2016,2017,2018,2019,2021,2023,2024,2025,2026"
A911,SAPEZAL,MT,CO,-13.30388888,-58.76333333,105.0,20/10/17,"2017,2018,2019,2021,2023,2024,2025,2026"
A912,CAMPO VERDE,MT,CO,-15.55888888,-55.17944443,747.0,21/11/06,"2006,2007,2008,2010,2011,2012,2013,2014,2015,2016,2017,2018,2019,2021,2023,2024,2025,2026"
A913,COMODORO,MT,CO,-13.70805555,-59.7625,576.87,28/11/06,"2006,2007,2008,2010,2011,2012,2013,2014,2015,2016,2017,2018,2019,2021,2023,2024,2025,2026"
A914,JUARA,MT,CO,-11.28027777,-57.52666666,263.43,02/11/06,"2006,2007,2008,2010,2011,2012,2013,2014,2015,2016,2017,2018,2019,2021,2023,2024,2025,2026"
A916,QUERENCIA,MT,CO,-12.60305555,-52.1625,355.0,18/07/07,"2007,2008,2010,2011,2012,2013,2014,2015,2016,2017,2018,2019,2023,2024,2025,2026"
A917,SINOP,MT,CO,-11.98222221,-55.56611111,366.57,29/10/06,"2006,2007,2008,2010,2011,2012,2013,2014,2015,2016,2017,2018,2019,2021,2023,2024,2025,2026"
A919,COTRIGUACU,MT,CO,-9.90638888,-58.57222221,265.0,28/05/07,"2007,2008,2010,2011,2012,2013,2014,2015,2016,2017,2018,2019,2021,2023,2024,2025,2026"
A920,JUINA,MT,CO,-11.37499999,-58.77472221,365.39,24/11/06,"2006,2007,2008,2010,2011,2012,2013,2014,2015,2016,2017,2018,2019,2021,2023,2024,2025,2026"
A922,VILA BELA DA SANTISSIMA TRINDADE,MT,CO,-15.06277777,-59.87305554,213.0,01/12/06,"2006,2007,2008,2010,2011,2012,2013,2014,2015,2016,2017,2018,2019,2021,2023,2024,2025,2026"
A923,PRIMAVERA DO LESTE,MT,CO,-15.57999999,-54.3811111,680.0,26/10/17,"2017,2018,2019,2021,2023,2024,2025,2026"
A924,ALTA FLORESTA,MT,CO,-10.07722221,-56.17916666,291.85,23/05/07,"2007,2008,2010,2011,2012,2013,2014,2015,2016,2017,2018,2019,2021,2023,2024,2025,2026"
A926,CARLINDA,MT,CO,-9.97055554,-55.82749999,293.71,09/04/08,"2008,2010,2011,2012,2013,2014,2015,2016,2017,2018,2019,2021,2023,2024,2025,2026"
A927,BRASNORTE (NOVO MUNDO),MT,CO,-12.52194443,-58.23138888,426.2,29/02/08,"2008,2010,2011,2012,2013,2014,2015,2016,2017,2018,2019,2021,2023,2024,2025,2026"
A928,NOVA MARINGA,MT,CO,-13.0386111,-57.09222221,334.36,16/04/08,"2008,2010,2011,2012,2013,2014,2015,2016,2017,2018,2019,2021,2023,2024,2025,2026"
A929,NOVA UBIRATA,MT,CO,-13.41111111,-54.75222222,466.48,13/04/08,"2008,2010,2011,2012,2013,2014,2015,2016,2017,2018,2019,2021,2023,2024,2025,2026"
A930,GAUCHA DO NORTE,MT,CO,-13.18472221,-53.2575,375.87,04/06/08,"2008,2010,2011,2012,2013,2014,2015,2016,2017,2018,2019,2021,2023,2024,2025,2026"
A931,SANTO ANTONIO DO LESTE,MT,CO,-14.92499999,-53.88444444,662.0,30/05/08,"2008,2010,2011,2012,2013,2014,2015,2016,2017,2018,2019,2021,2023,2024,2025,2026"
A932,GUIRATINGA,MT,CO,-16.34166666,-53.76611111,525.43,24/01/08,"2008,2010,2011,2012,2013,2014,2015,2016,2017,2018,2019,2021,2023,2024,2025,2026"
A933,ITIQUIRA,MT,CO,-17.17499999,-54.50166666,593.12,14/08/08,"2008,2010,2011,2012,2013,2014,2015,2016,2017,2018,2019,2021,2023,2024,2025,2026"
A934,ALTO TAQUARI,MT,CO,-17.8411111,-53.28944444,862.42,29/01/08,"2008,2010,2011,2012,2013,2014,2015,2016,2017,2018,2019,2021,2023,2024,2025,2026"
A935,PORTO ESTRELA,MT,CO,-15.32472221,-57.22583332,147.75,30/05/08,"2008,2010,2011,2012,2013,2014,2015,2016,2017,2018,2019,2021,2023,2024,2025,2026"
A936,SALTO DO CEU,MT,CO,-15.12472221,-58.12722221,300.83,24/01/08,"2008,2010,2011,2012,2013,2014,2015,2016,2017,2018,2019,2021,2023,2024,2025,2026"
A937,PONTES E LACERDA,MT,CO,-15.32527777,-59.2336111,272.53,30/01/08,"2008,2010,2011,2012,2013,2014,2015,2016,2017,2018,2019,2021,2023,2024,2025,2026"
A942,SAO JOSE DO XINGU,MT,CO,-10.48416666,-52.37249999,300.0,19/02/19,"2019,2021,2023,2024,2025,2026"
A943,SERRA NOVA DOURADA,MT,CO,-11.98777777,-51.4261111,441.0,29/03/19,"2019,2021,2023,2024,2025,2026"
A944,ROSARIO OESTE,MT,CO,-14.82888888,-56.44194444,195.0,30/05/19,"2019,2021,2023,2024,2025,2026"
A945,BARRA DO GARCAS,MT,CO,-15.88472221,-52.22722221,304.0,26/11/25,"2025,2026"
A946,MARCELANDIA,MT,CO,-11.08499999,-54.51388888,291.0,14/12/25,2026
A947,NOVO SANTO ANTONIO,MT,CO,-12.28805555,-50.97138888,205.0,28/11/25,"2025,2026"
A948,SANTA RITA DO TRIVELATO,MT,CO,-13.81805554,-55.26777777,510.0,09/12/25,2026
A949,DIAMANTINO,MT,CO,-14.37777777,-56.37972221,317.0,27/11/25,"2025,2026"
A950,ITANHANGA,MT,CO,-12.23416666,-56.60222222,350.0,01/12/25,"2025,2026"
A951,FELIZ NATAL,MT,CO,-12.39694444,-54.92999999,373.0,12/12/25,2026
A952,TABAPORA,MT,CO,-11.05055555,-56.83583333,337.0,04/12/25,2026
A953,NOVA CANAA DO NORTE,MT,CO,-10.62444443,-55.72416666,270.0,16/12/25,2026
A954,COCALINHO,MT,CO,-14.38555555,-51.00972222,252.0,03/12/25,"2025,2026"
A955,LUCAS DO RIO VERDE,MT,CO,-13.07499999,-55.91138888,393.0,03/12/25,"2025,2026"
A956,NOVA XAVANTINA,MT,CO,-14.69777777,-52.35027777,306.0,03/12/25,2026
A957,CANARANA,MT,CO,-13.47055554,-52.30444444,430.0,09/02/26,2026
A958,CHAPADA DOS GUIMARAES,MT,CO,-15.46055555,-55.74972221,800.0,06/02/26,2026
A961,MIRASSOL D'OESTE,MT,CO,-15.64027777,-58.07888888,263.0,05/02/26,2026
A964,ARIPUANA,MT,CO,-10.18249999,-59.45972222,230.0,23/02/26,2026
A967,BARRA DO BUGRES,MT,CO,-15.07583332,-57.19472221,186.0,03/02/26,2026
A102,PARQUE ESTADUAL CHANDLESS,AC,N,-9.35833333,-69.92638888,184.51,05/08/08,"2008,2010,2011,2012,2013,2014,2015,2016,2017,2018,2019,2021,2023,2024,2025,2026"
A104,RIO BRANCO,AC,N,-9.95916666,-67.86888888,163.0,11/07/08,"2008,2010,2011,2012,2013,2014,2015,2016,2017,2018,2019,2021,2023,2024,2025,2026"
A108,CRUZEIRO DO SUL,AC,N,-7.61055555,-72.6811111,220.0,14/05/15,"2015,2016,2017,2018,2019,2021,2023,2024,2025,2026"
A136,PORTO WALTER,AC,N,-8.26722221,-72.74777777,205.35,29/10/09,"2010,2011,2012,2013,2014,2015,2016,2017,2018,2019,2021,2023,2024,2025,2026"
A137,MARECHAL THAUMATURGO,AC,N,-8.95,-72.78666666,220.98,27/10/09,"2010,2011,2012,2013,2014,2015,2016,2017,2018,2019,2021,2023,2024,2025,2026"
A138,FEIJO,AC,N,-8.14277777,-70.3436111,157.17,24/09/09,"2010,2011,2012,2013,2014,2015,2016,2017,2018,2019,2021,2023,2024,2025,2026"
A140,EPITACIOLANDIA,AC,N,-11.02388888,-68.73527777,224.5,25/09/09,"2010,2011,2012,2013,2014,2015,2016,2017,2018,2019,2021,2023,2024,2025,2026"
A101,MANAUS,AM,N,-3.10333333,-60.01638888,61.25,09/05/00,"2000,2001,2002,2003,2004,2005,2006,2007,2008,2010,2011,2012,2013,2014,2015,2016,2017,2018,2019,2021,2023,2024,2025,2026"
A109,EIRUNEPE,AM,N,-6.65027777,-69.8686111,121.54,31/08/12,"2012,2013,2014,2015,2016,2017,2018,2019,2021,2023,2024,2025,2026"
A110,BOCA DO ACRE,AM,N,-8.77666666,-67.33249999,111.98,15/07/08,"2008,2010,2011,2012,2013,2014,2015,2016,2017,2018,2019,2021,2023,2024,2025,2026"
A111,LABREA,AM,N,-7.26055555,-64.7886111,61.91,27/07/08,"2008,2010,2011,2012,2013,2014,2015,2016,2017,2018,2019,2021,2023,2024,2025,2026"
A112,HUMAITA,AM,N,-7.5525,-63.07138888,53.56,25/04/08,"2008,2010,2011,2012,2013,2014,2015,2016,2017,2018,2019,2021,2023,2024,2025,2026"
A113,APUI,AM,N,-7.20555555,-59.8886111,156.97,19/07/08,"2008,2010,2011,2012,2013,2014,2015,2016,2017,2018,2019,2021,2023,2024,2025,2026"
A117,COARI,AM,N,-4.09749999,-63.14527777,33.84,12/04/08,"2008,2010,2011,2012,2013,2014,2015,2016,2017,2018,2019,2021,2023,2024,2025,2026"
A119,MANACAPURU,AM,N,-3.29472221,-60.62833332,36.57,10/04/08,"2008,2010,2011,2012,2013,2014,2015,2016,2017,2018,2019,2021,2023,2024,2025,2026"
A120,AUTAZES,AM,N,-3.58333333,-59.12944443,19.9,17/04/08,"2008,2010,2011,2012,2013,2014,2015,2016,2017,2018,2019,2021,2023,2024,2025,2026"
A121,ITACOATIARA,AM,N,-3.13333333,-58.48277777,41.54,17/04/08,"2008,2010,2011,2012,2013,2014,2015,2016,2017,2018,2019,2021,2023,2024,2025,2026"
A122,MAUES,AM,N,-3.39888888,-57.67388888,25.49,22/04/08,"2008,2010,2011,2012,2013,2014,2015,2016,2017,2018,2019,2021,2023,2024,2025,2026"
A123,PARINTINS,AM,N,-2.63916666,-56.75611111,18.72,11/04/08,"2008,2010,2011,2012,2013,2014,2015,2016,2017,2018,2019,2021,2023,2024,2025,2026"
A124,URUCARA,AM,N,-2.53472221,-57.75805555,18.49,17/04/08,"2008,2010,2011,2012,2013,2014,2015,2016,2017,2018,2019,2021,2023,2024,2025,2026"
A125,RIO URUBU,AM,N,-2.6336111,-59.60055555,112.84,26/06/08,"2008,2010,2011,2012,2013,2014,2015,2016,2017,2018,2019,2021,2023,2024,2025,2026"
A126,PRESIDENTE FIGUEIREDO,AM,N,-2.05666666,-60.02583332,60.99,19/04/08,"2008,2010,2011,2012,2013,2014,2015,2016,2017,2018,2019,2021,2023,2024,2025,2026"
A128,BARCELOS,AM,N,-0.98722221,-62.92416666,29.88,19/04/08,"2008,2010,2011,2012,2013,2014,2015,2016,2017,2018,2019,2021,2023,2024,2025,2026"
A133,MANICORE,AM,N,-5.7886111,-61.28833333,40.64,12/12/11,"2011,2012,2013,2014,2015,2016,2017,2018,2019,2021,2023,2024,2025,2026"
A134,S. G. DA CACHOEIRA,AM,N,-0.12527777,-67.06111111,79.67,31/08/11,"2011,2012,2013,2014,2015,2016,2017,2018,2019,2021,2023,2024,2025,2026"
A144,NOVO ARIPUANA,AM,N,-8.0911111,-60.38055554,45.0,18/07/19,"2019,2021,2023,2024,2025,2026"
A242,OIAPOQUE,AP,N,3.81361111,-51.8625,15.14,11/09/08,"2008,2010,2011,2012,2013,2014,2015,2016,2017,2018,2019,2021,2023,2024,2025,2026"
A244,PORTO GRANDE,AP,N,0.69416666,-51.40388888,84.8,17/09/08,"2019,2021,2023,2024,2025,2026"
A249,MACAPA,AP,N,0.03499999,-51.08888888,16.62,12/12/13,"2013,2014,2015,2016,2017,2018,2019,2021,2023,2024,2025,2026"
A251,ITAUBAL,AP,N,0.56777777,-50.8236111,21.0,24/08/17,"2017,2018,2019,2021,2023,2024,2025,2026"
A303,MACEIO,AL,NE,-9.55111111,-35.77027777,84.12,25/02/03,"2003,2004,2005,2006,2007,2008,2010,2011,2012,2013,2014,2015,2016,2017,2018,2019,2021,2023,2024,2025,2026"
A323,PAO DE ACUCAR,AL,NE,-9.74916666,-37.43083332,20.83,14/07/07,"2007,2008,2010,2011,2012,2013,2014,2015,2016,2017,2018,2019,2021,2023,2024,2025,2026"
A327,PALMEIRA DOS INDIOS,AL,NE,-9.42027777,-36.62027777,278.01,11/07/07,"2007,2008,2010,2011,2012,2013,2014,2015,2016,2017,2018,2019,2021,2023,2024,2025,2026"
A353,ARAPIRACA,AL,NE,-9.80444444,-36.61916666,236.84,27/04/08,"2008,2010,2011,2012,2013,2014,2015,2016,2017,2018,2019,2021,2023,2024,2025,2026"
A355,CORURIPE,AL,NE,-10.1286111,-36.28638888,82.39,06/09/08,"2008,2010,2011,2012,2013,2014,2015,2016,2017,2018,2019,2021,2023,2024,2025,2026"
A356,SAO LUIS DO QUITUNDE,AL,NE,-9.28749999,-35.56583333,13.69,08/09/08,"2008,2010,2011,2012,2013,2014,2015,2016,2017,2018,2019,2021,2023,2024,2025,2026"
A371,PIRANHAS,AL,NE,-9.62222221,-37.76722221,187.0,20/09/17,"2017,2018,2019,2021,2023,2024,2025,2026"
A401,SALVADOR,BA,NE,-13.00555555,-38.50583333,47.56,13/05/00,"2000,2001,2002,2003,2004,2005,2006,2007,2008,2010,2011,2012,2013,2014,2015,2016,2017,2018,2019,2021,2023,2024,2025,2026"
A402,BARREIRAS,BA,NE,-12.12472221,-45.02694443,474.17,20/12/01,"2001,2002,2003,2004,2005,2006,2007,2008,2010,2011,2012,2013,2014,2015,2016,2017,2018,2019,2021,2023,2024,2025,2026"
A404,LUIS EDUARDO MAGALHAES,BA,NE,-12.08499999,-45.70527777,748.0,18/04/02,"2002,2003,2004,2005,2006,2007,2008,2010,2011,2012,2013,2014,2015,2016,2017,2018,2019,2021,2023,2024,2025,2026"
A405,CARAVELAS,BA,NE,-17.73944444,-39.25861111,6.05,20/12/02,"2002,2003,2004,2005,2006,2007,2008,2010,2011,2012,2013,2014,2015,2016,2017,2018,2019,2021,2023,2024,2025,2026"
A406,CRUZ DAS ALMAS,BA,NE,-12.67555554,-39.08944444,219.76,19/01/03,"2003,2004,2005,2006,2007,2008,2010,2011,2012,2013,2014,2015,2016,2017,2018,2019,2021,2023,2024,2025,2026"
A407,ITIRUCU,BA,NE,-13.52777777,-40.11972221,757.42,09/02/03,"2003,2004,2005,2006,2007,2008,2010,2011,2012,2013,2014,2015,2016,2017,2018,2019,2021,2023,2024,2025,2026"
A408,ITABERABA,BA,NE,-12.52416666,-40.29972221,250.11,29/01/03,"2003,2004,2005,2006,2007,2008,2010,2011,2012,2013,2014,2015,2016,2017,2018,2019,2021,2023,2024,2025,2026"
A410,ILHEUS,BA,NE,-14.65888888,-39.18138888,80.21,25/01/03,"2003,2004,2005,2006,2007,2008,2010,2011,2012,2013,2014,2015,2016,2017,2018,2019,2021,2023,2024,2025,2026"
A412,MACAJUBA,BA,NE,-12.13166666,-40.35416666,360.0,03/02/03,"2003,2004,2005,2006,2007,2008,2010,2011,2012,2013,2014,2015,2016,2017,2018,2019,2021,2023,2024,2025,2026"
A413,FEIRA DE SANTANA,BA,NE,-12.1961111,-38.96749999,229.64,26/05/07,"2007,2008,2010,2011,2012,2013,2014,2015,2016,2017,2018,2019,2021,2023,2024,2025,2026"
A414,VITORIA DA CONQUISTA,BA,NE,-14.88638888,-40.80138888,879.38,01/06/07,"2007,2008,2010,2011,2012,2013,2014,2015,2016,2017,2018,2019,2021,2023,2024,2025,2026"
A415,SANTA RITA DE CASSIA,BA,NE,-11.00333333,-44.53638888,450.0,28/05/07,"2007,2008,2010,2011,2012,2013,2014,2015,2016,2017,2018,2019,2021,2023,2024,2025,2026"
A416,CORRENTINA,BA,NE,-13.33249999,-44.61749999,551.71,09/11/07,"2007,2008,2010,2011,2012,2013,2014,2015,2016,2017,2018,2019,2021,2023,2024,2025,2026"
A422,ABROLHOS,BA,NE,-17.96305555,-38.70333333,20.93,21/07/08,"2008,2010,2011,2012,2013,2014,2015,2016,2017,2018,2019,2021,2023,2024,2025,2026"
A423,REMANSO,BA,NE,-9.62555554,-42.07722221,397.4,26/03/08,"2008,2010,2011,2012,2013,2014,2015,2016,2017,2018,2019,2021,2023,2024,2025,2026"
A424,IRECE,BA,NE,-11.32888888,-41.86444444,768.42,31/03/08,"2008,2010,2011,2012,2013,2014,2015,2016,2017,2018,2019,2021,2023,2024,2025,2026"
A425,LENCOIS,BA,NE,-12.55777777,-41.38888888,438.09,05/04/08,"2008,2010,2011,2012,2013,2014,2015,2016,2017,2018,2019,2021,2023,2024,2025,2026"
A426,GUANAMBI,BA,NE,-14.20805555,-42.74972221,552.23,24/04/08,"2008,2010,2011,2012,2013,2014,2015,2016,2017,2018,2019,2021,2023,2024,2025,2026"
A427,PORTO SEGURO,BA,NE,-16.38888888,-39.18249999,86.36,10/07/08,"2008,2010,2011,2012,2013,2014,2015,2016,2017,2018,2019,2021,2023,2024,2025,2026"
A428,SENHOR DO BONFIM,BA,NE,-10.44305555,-40.14833333,532.09,27/03/08,"2008,2010,2011,2012,2013,2014,2015,2016,2017,2018,2019,2021,2023,2024,2025,2026"
A429,BARRA,BA,NE,-11.08472221,-43.13888888,407.5,12/05/08,"2008,2010,2011,2012,2013,2014,2015,2016,2017,2018,2019,2021,2023,2024,2025,2026"
A430,PIATA,BA,NE,-13.15555555,-41.77416666,1283.95,03/05/08,"2008,2010,2011,2012,2013,2014,2015,2016,2017,2018,2019,2021,2023,2024,2025,2026"
A431,CONDE,BA,NE,-12.03583333,-37.68388888,31.9,07/04/08,"2008,2010,2011,2012,2013,2014,2015,2016,2017,2018,2019,2021,2023,2024,2025,2026"
A432,BURITIRAMA,BA,NE,-10.72305554,-43.65111111,506.06,15/05/08,"2008,2010,2011,2012,2013,2014,2015,2016,2017,2018,2019,2021,2023,2024,2025,2026"
A433,BRUMADO,BA,NE,-14.18194443,-41.67222221,473.37,28/04/08,"2008,2010,2011,2012,2013,2014,2015,2016,2017,2018,2019,2021,2023,2024,2025,2026"
A434,AMARGOSA,BA,NE,-13.00944444,-39.61694443,397.8,11/07/08,"2008,2010,2011,2012,2013,2014,2015,2016,2017,2018,2019,2021,2023,2024,2025,2026"
A436,QUEIMADAS,BA,NE,-10.98472221,-39.61694443,310.11,23/05/08,"2008,2010,2011,2012,2013,2014,2015,2016,2017,2018,2019,2021,2023,2024,2025,2026"
A437,UNA,BA,NE,-15.28027777,-39.09138888,74.08,25/06/08,"2008,2010,2011,2012,2013,2014,2015,2016,2017,2018,2019,2021,2023,2024,2025,2026"
A438,MARAU,BA,NE,-13.90694444,-38.97222221,6.24,22/06/08,"2008,2010,2011,2012,2013,2014,2015,2016,2017,2018,2019,2021,2023,2024,2025,2026"
A439,IBOTIRAMA,BA,NE,-12.19305555,-43.21333333,425.12,28/04/08,"2008,2010,2011,2012,2013,2014,2015,2016,2017,2018,2019,2021,2023,2024,2025,2026"
A440,JACOBINA,BA,NE,-11.205,-40.465,440.78,01/05/08,"2008,2010,2011,2012,2013,2014,2015,2016,2017,2018,2019,2021,2023,2024,2025,2026"
A441,SERRINHA,BA,NE,-11.66472222,-39.02305554,337.79,09/05/08,"2008,2010,2011,2012,2013,2014,2015,2016,2017,2018,2019,2021,2023,2024,2025,2026"
A442,EUCLIDES DA CUNHA,BA,NE,-10.53722221,-38.99666666,431.96,31/03/08,"2008,2010,2011,2012,2013,2014,2015,2016,2017,2018,2019,2021,2023,2024,2025,2026"
A443,DELFINO,BA,NE,-10.455,-41.20694444,646.24,15/07/08,"2008,2010,2011,2012,2013,2014,2015,2016,2017,2018,2019,2021,2023,2024,2025,2026"
A444,VALENCA,BA,NE,-13.3436111,-39.12666666,93.12,29/06/09,"2010,2011,2012,2013,2014,2015,2016,2017,2018,2019,2021,2023,2024,2025,2026"
A445,IPIAU,BA,NE,-14.17138888,-39.69249999,132.11,30/06/09,"2010,2011,2012,2013,2014,2015,2016,2017,2018,2019,2021,2023,2024,2025,2026"
A446,ITAPETINGA,BA,NE,-15.24472221,-40.22944443,271.48,25/06/09,"2010,2011,2012,2013,2014,2015,2016,2017,2018,2019,2021,2023,2024,2025,2026"
A447,BELMONTE,BA,NE,-16.08805555,-39.21527777,89.67,02/07/09,"2010,2011,2012,2013,2014,2015,2016,2017,2018,2019,2021,2023,2024,2025,2026"
A448,CURACA,BA,NE,-9.00138888,-39.9125,370.0,20/08/15,"2015,2016,2017,2018,2019,2021,2023,2024,2025,2026"
A450,JEREMOABO,BA,NE,-10.08083332,-38.34583333,261.0,13/08/15,"2015,2016,2017,2018,2019,2021,2023,2024,2025,2026"
A452,FORMOSA DO RIO PRETO,BA,NE,-11.05222222,-45.20083333,488.0,02/06/16,"2016,2017,2018,2019,2021,2023,2024,2025,2026"
A455,ITAMARAJU,BA,NE,-17.00694444,-39.55805555,110.0,28/05/16,"2016,2017,2018,2019,2021,2023,2024,2025,2026"
A456,SALVADOR (RADIO FAROL),BA,NE,-12.80833333,-38.49583333,31.0,10/03/18,"2018,2019,2021,2023,2024,2025,2026"
A458,RIBEIRA DO AMPARO,BA,NE,-11.05861111,-38.44416666,182.0,20/09/18,"2018,2019,2021,2023,2024,2025,2026"
A305,FORTALEZA,CE,NE,-3.81583333,-38.53777777,29.55,18/02/03,"2003,2004,2005,2006,2007,2008,2010,2011,2012,2013,2014,2015,2016,2017,2018,2019,2021,2023,2024,2025,2026"
A306,SOBRAL,CE,NE,-3.74805555,-40.34583333,92.07,12/02/03,"2003,2004,2005,2006,2007,2008,2010,2011,2012,2013,2014,2015,2016,2017,2018,2019,2021,2023,2024,2025,2026"
A314,GUARAMIRANGA,CE,NE,-4.22916666,-38.95888888,865.53,26/05/07,"2007,2008,2010,2011,2012,2013,2014,2015,2016,2017,2018,2019,2021,2023,2024,2025,2026"
A315,BARBALHA,CE,NE,-7.30083333,-39.2711111,409.41,31/05/07,"2007,2008,2010,2011,2012,2013,2014,2015,2016,2017,2018,2019,2021,2023,2024,2025,2026"
A319,IGUATU,CE,NE,-6.39638888,-39.26888888,221.56,30/05/07,"2007,2008,2010,2011,2012,2013,2014,2015,2016,2017,2018,2019,2021,2023,2024,2025,2026"
A324,TAUA,CE,NE,-6.01749999,-40.28138888,410.87,12/07/07,"2007,2008,2010,2011,2012,2013,2014,2015,2016,2017,2018,2019,2021,2023,2024,2025,2026"
A325,QUIXERAMOBIM,CE,NE,-5.17444443,-39.28944444,221.04,09/07/07,"2007,2008,2010,2011,2012,2013,2014,2015,2016,2017,2018,2019,2021,2023,2024,2025,2026"
A332,MORADA NOVA,CE,NE,-5.0911111,-38.36472222,93.0,24/08/07,"2007,2008,2010,2011,2012,2013,2014,2015,2016,2017,2018,2019,2021,2023,2024,2025,2026"
A339,JAGUARUANA,CE,NE,-4.83777777,-37.69972221,12.0,10/11/07,"2007,2008,2010,2011,2012,2013,2014,2015,2016,2017,2018,2019,2021,2023,2024,2025,2026"
A342,CRATEUS,CE,NE,-5.18666666,-40.67222221,298.19,11/12/08,"2008,2010,2011,2012,2013,2014,2015,2016,2017,2018,2019,2021,2023,2024,2025,2026"
A347,CAMPOS SALES,CE,NE,-7.07777777,-40.36277777,577.95,07/03/08,"2008,2010,2011,2012,2013,2014,2015,2016,2017,2018,2019,2021,2023,2024,2025,2026"
A358,JAGUARIBE,CE,NE,-5.90555555,-38.62777777,149.31,10/09/08,"2008,2010,2011,2012,2013,2014,2015,2016,2017,2018,2019,2021,2023,2024,2025,2026"
A359,ITAPIPOCA,CE,NE,-3.48416666,-39.5886111,104.49,05/09/08,"2008,2010,2011,2012,2013,2014,2015,2016,2017,2018,2019,2021,2023,2024,2025,2026"
A360,ACARAU,CE,NE,-3.1211111,-40.08722221,67.15,22/04/09,"2010,2011,2012,2013,2014,2015,2016,2017,2018,2019,2021,2023,2024,2025,2026"
A368,TIANGUA,CE,NE,-3.73222221,-41.01194444,756.0,15/03/18,"2018,2019,2021,2023,2024,2025,2026"
A369,QUIXADA,CE,NE,-4.97888888,-39.05722222,193.0,20/03/18,"2018,2019,2021,2023,2024,2025,2026"
A203,SAO LUIS,MA,NE,-2.52666666,-44.21361111,54.8,29/01/03,"2003,2004,2005,2006,2007,2008,2010,2011,2012,2013,2014,2015,2016,2017,2018,2019,2021,2023,2024,2025,2026"
A204,BALSAS,MA,NE,-7.45555555,-46.02749999,271.03,26/10/07,"2007,2008,2010,2011,2012,2013,2014,2015,2016,2017,2018,2019,2021,2023,2024,2025,2026"
A205,CAROLINA,MA,NE,-7.33722221,-47.45972222,182.88,04/12/07,"2007,2008,2010,2011,2012,2013,2014,2015,2016,2017,2018,2019,2021,2023,2024,2025,2026"
A206,CHAPADINHA,MA,NE,-3.74277777,-43.35222222,104.0,17/09/08,"2008,2010,2011,2012,2013,2014,2015,2016,2017,2018,2019,2021,2023,2024,2025,2026"
A207,GRAJAU,MA,NE,-5.81611111,-46.16222222,232.29,10/09/08,"2008,2010,2011,2012,2013,2014,2015,2016,2017,2018,2019,2021,2023,2024,2025,2026"
A217,FAROL de SANTANA,MA,NE,-2.27083332,-43.62416666,9.87,28/11/08,"2008,2010,2011,2012,2013,2014,2015,2016,2017,2018,2019,2021,2023,2024,2025,2026"
A218,PREGUICAS,MA,NE,-2.59222221,-42.7075,4.62,22/11/08,"2008,2010,2011,2012,2013,2014,2015,2016,2017,2018,2019,2021,2023,2024,2025,2026"
A219,TURIACU,MA,NE,-1.66111111,-45.37249999,35.86,10/06/08,"2008,2010,2011,2012,2013,2014,2015,2016,2017,2018,2019,2021,2023,2024,2025,2026"
A220,BACABAL,MA,NE,-4.24305555,-44.79499999,22.33,09/07/08,"2008,2010,2011,2012,2013,2014,2015,2016,2017,2018,2019,2021,2023,2024,2025,2026"
A221,BARRA DO CORDA,MA,NE,-5.50666666,-45.23694444,154.19,06/03/08,"2008,2010,2011,2012,2013,2014,2015,2016,2017,2018,2019,2021,2023,2024,2025,2026"
A222,COLINAS,MA,NE,-6.03305554,-44.23333333,175.37,03/06/08,"2008,2010,2011,2012,2013,2014,2015,2016,2017,2018,2019,2021,2023,2024,2025,2026"
A223,ALTO PARNAIBA,MA,NE,-9.10833333,-45.93194443,283.69,03/06/08,"2008,2010,2011,2012,2013,2014,2015,2016,2017,2018,2019,2021,2023,2024,2025,2026"
A224,ESTREITO,MA,NE,-6.65333333,-47.41833332,182.96,27/02/08,"2008,2010,2011,2012,2013,2014,2015,2016,2017,2018,2019,2021,2023,2024,2025,2026"
A225,IMPERATRIZ,MA,NE,-5.55583333,-47.45972222,117.96,01/03/08,"2008,2010,2011,2012,2013,2014,2015,2016,2017,2018,2019,2021,2023,2024,2025,2026"
A237,CAXIAS,MA,NE,-4.82138888,-43.3436111,84.85,13/07/08,"2008,2010,2011,2012,2013,2014,2015,2016,2017,2018,2019,2021,2023,2024,2025,2026"
A238,BURITICUPU,MA,NE,-4.32055554,-46.44944444,174.91,11/09/08,"2008,2010,2011,2012,2013,2014,2015,2016,2017,2018,2019,2021,2023,2024,2025,2026"
A255,ZE DOCA,MA,NE,-3.26916666,-45.65111111,45.5,18/09/19,"2019,2021,2023,2024,2025,2026"
A310,AREIA,PB,NE,-6.97555554,-35.71805554,573.45,16/11/04,"2004,2005,2006,2007,2008,2010,2011,2012,2013,2014,2015,2016,2017,2018,2019,2021,2023,2024,2025,2026"
A313,CAMPINA GRANDE,PB,NE,-7.22555554,-35.90472222,546.17,22/12/06,"2006,2007,2008,2010,2011,2012,2013,2014,2015,2016,2017,2018,2019,2021,2023,2024,2025,2026"
A320,JOAO PESSOA,PB,NE,-7.14083333,-34.85083333,43.0,21/07/07,"2007,2008,2010,2011,2012,2013,2014,2015,2016,2017,2018,2019,2021,2023,2024,2025,2026"
A321,PATOS,PB,NE,-7.07972221,-37.27277777,263.66,21/07/07,"2007,2008,2010,2011,2012,2013,2014,2015,2016,2017,2018,2019,2021,2023,2024,2025,2026"
A333,SAO GONCALO,PB,NE,-6.83583333,-38.31166666,237.04,06/11/07,"2007,2008,2010,2011,2012,2013,2014,2015,2016,2017,2018,2019,2021,2023,2024,2025,2026"
A334,MONTEIRO,PB,NE,-7.89444444,-37.12472221,606.39,22/08/07,"2007,2008,2010,2011,2012,2013,2014,2015,2016,2017,2018,2019,2021,2023,2024,2025,2026"
A348,CABACEIRAS,PB,NE,-7.48333333,-36.28638888,391.96,28/02/08,"2008,2010,2011,2012,2013,2014,2015,2016,2017,2018,2019,2021,2023,2024,2025,2026"
A352,CAMARATUBA,PB,NE,-6.56194444,-35.13527777,135.51,04/05/08,"2008,2010,2011,2012,2013,2014,2015,2016,2017,2018,2019,2021,2023,2024,2025,2026"
A373,ITAPORANGA,PB,NE,-7.31833332,-38.14083333,292.0,03/11/17,"2017,2018,2019,2021,2023,2024,2025,2026"
A307,PETROLINA,PE,NE,-9.38833333,-40.52333332,372.72,21/02/03,"2003,2004,2005,2006,2007,2008,2010,2011,2012,2013,2014,2015,2016,2017,2018,2019,2021,2023,2024,2025,2026"
A309,ARCO VERDE,PE,NE,-8.4336111,-37.05555555,683.95,20/11/04,"2004,2005,2006,2007,2008,2010,2011,2012,2013,2014,2015,2016,2017,2018,2019,2021,2023,2024,2025,2026"
A322,GARANHUNS,PE,NE,-8.91083333,-36.49333333,827.78,08/07/07,"2007,2008,2010,2011,2012,2013,2014,2015,2016,2017,2018,2019,2021,2023,2024,2025,2026"
A328,SURUBIM,PE,NE,-7.84249999,-35.79027777,421.44,09/03/08,"2008,2010,2011,2012,2013,2014,2015,2016,2017,2018,2019,2021,2023,2024,2025,2026"
A329,CABROBO,PE,NE,-8.50388888,-39.31527777,342.74,04/09/07,"2007,2008,2010,2011,2012,2013,2014,2015,2016,2017,2018,2019,2021,2023,2024,2025,2026"
A341,CARUARU,PE,NE,-8.35611111,-36.02833332,837.0,21/11/07,"2007,2008,2010,2011,2012,2013,2014,2015,2016,2017,2018,2019,2021,2023,2024,2025,2026"
A349,IBIMIRIM,PE,NE,-8.50944444,-37.71166666,434.23,14/10/08,"2008,2010,2011,2012,2013,2014,2015,2016,2017,2018,2019,2021,2023,2024,2025,2026"
A350,SERRA TALHADA,PE,NE,-7.95416666,-38.29499999,499.02,09/07/08,"2008,2010,2011,2012,2013,2014,2015,2016,2017,2018,2019,2021,2023,2024,2025,2026"
A351,FLORESTA,PE,NE,-8.59888888,-38.58416666,327.42,15/09/08,"2008,2010,2011,2012,2013,2014,2015,2016,2017,2018,2019,2021,2023,2024,2025,2026"
A357,PALMARES,PE,NE,-8.66666666,-35.56805554,164.01,04/09/08,"2008,2010,2011,2012,2013,2014,2015,2016,2017,2018,2019,2021,2023,2024,2025,2026"
A366,OURICURI,PE,NE,-7.88583333,-40.10277777,457.85,11/08/10,"2010,2011,2012,2013,2014,2015,2016,2017,2018,2019,2021,2023,2024,2025,2026"
A370,SALGUEIRO,PE,NE,-8.05805555,-39.0961111,447.0,15/09/17,"2017,2018,2019,2021,2023,2024,2025,2026"
A308,PARNAIBA,PI,NE,-3.08666666,-41.78305554,52.11,06/02/03,"2003,2004,2005,2006,2007,2008,2010,2011,2012,2013,2014,2015,2016,2017,2018,2019,2021,2023,2024,2025,2026"
A311,FLORIANO,PI,NE,-6.76138888,-43.00333333,126.39,18/11/04,"2004,2005,2006,2007,2008,2010,2011,2012,2013,2014,2015,2016,2017,2018,2019,2021,2023,2024,2025,2026"
A312,TERESINA,PI,NE,-5.03472221,-42.80138888,75.23,24/11/04,"2004,2005,2006,2007,2008,2010,2011,2012,2013,2014,2015,2016,2017,2018,2019,2021,2023,2024,2025,2026"
A326,BOM JESUS DO PIAUI,PI,NE,-9.07999999,-44.32777777,288.0,17/07/07,"2007,2008,2010,2011,2012,2013,2014,2015,2016,2017,2018,2019,2021,2023,2024,2025,2026"
A330,PAULISTANA,PI,NE,-8.13222221,-41.14305555,376.0,31/08/07,"2007,2008,2010,2011,2012,2013,2014,2015,2016,2017,2018,2019,2021,2023,2024,2025,2026"
A331,SAO JOAO DO PIAUI,PI,NE,-8.36444444,-42.2525,231.0,26/08/07,"2007,2008,2010,2011,2012,2013,2014,2015,2016,2017,2018,2019,2021,2023,2024,2025,2026"
A335,PIRIPIRI,PI,NE,-4.2761111,-41.79444444,157.89,31/08/07,"2007,2008,2010,2011,2012,2013,2014,2015,2016,2017,2018,2019,2021,2023,2024,2025,2026"
A336,ALVORADA DO GURGUEIA,PI,NE,-8.37638888,-43.85944444,225.0,17/11/07,"2007,2008,2010,2011,2012,2013,2014,2015,2016,2017,2018,2019,2021,2023,2024,2025,2026"
A337,CARACOL,PI,NE,-9.28583333,-43.32444443,515.3,10/11/07,"2007,2008,2010,2011,2012,2013,2014,2015,2016,2017,2018,2019,2021,2023,2024,2025,2026"
A343,PICOS,PI,NE,-7.0711111,-41.40416666,232.91,12/12/08,"2008,2010,2011,2012,2013,2014,2015,2016,2017,2018,2019,2021,2023,2024,2025,2026"
A345,SAO RAIMUNDO NONATO,PI,NE,-9.03305554,-42.70111111,385.0,27/02/08,"2008,2010,2011,2012,2013,2014,2015,2016,2017,2018,2019,2021,2023,2024,2025,2026"
A346,URUCUI,PI,NE,-7.44138888,-44.34499999,398.83,06/03/08,"2008,2010,2011,2012,2013,2014,2015,2016,2017,2018,2019,2021,2023,2024,2025,2026"
A354,OEIRAS,PI,NE,-6.97416666,-42.14694444,154.03,22/07/08,"2008,2010,2011,2012,2013,2014,2015,2016,2017,2018,2019,2021,2023,2024,2025,2026"
A361,CASTELO DO PIAUI,PI,NE,-5.34916666,-41.51222222,268.75,20/04/09,"2010,2011,2012,2013,2014,2015,2016,2017,2018,2019,2021,2023,2024,2025,2026"
A363,VALENCA DO PIAUI,PI,NE,-6.4236111,-41.74888888,372.0,18/04/09,"2010,2011,2012,2013,2014,2015,2016,2017,2018,2019,2021,2023,2024,2025,2026"
A364,GILBUES,PI,NE,-9.87527777,-45.34583333,425.1,16/05/09,"2010,2011,2012,2013,2014,2015,2016,2017,2018,2019,2021,2023,2024,2025,2026"
A365,CANTO DO BURITI,PI,NE,-8.11805554,-42.97583332,312.07,12/06/10,"2010,2011,2012,2013,2014,2015,2016,2017,2018,2019,2021,2023,2024,2025,2026"
A374,CORRENTE,PI,NE,-10.42916666,-45.17305554,452.0,28/03/18,"2018,2019,2021,2023,2024,2025,2026"
A375,BAIXA GRANDE DO RIBEIRO,PI,NE,-8.333531,-45.094625,519.0,23/03/18,"2018,2019,2021,2023,2024,2025,2026"
A376,CAMPO MAIOR,PI,NE,-4.86416666,-42.14555555,125.0,23/11/18,"2018,2019,2021,2023,2024,2025,2026"
A377,ANGICAL DO PIAUI,PI,NE,-6.08944444,-42.72749999,183.0,14/11/19,"2019,2021,2023,2024,2025,2026"
A304,NATAL,RN,NE,-5.83722221,-35.20805555,47.46,24/02/03,"2003,2004,2005,2006,2007,2008,2010,2011,2012,2013,2014,2015,2016,2017,2018,2019,2021,2023,2024,2025,2026"
A316,CAICO,RN,NE,-6.46749999,-37.08499999,171.26,07/01/07,"2007,2008,2010,2011,2012,2013,2014,2015,2016,2017,2018,2019,2021,2023,2024,2025,2026"
A317,MACAU,RN,NE,-5.15111111,-36.57305554,17.37,06/01/07,"2007,2008,2010,2011,2012,2013,2014,2015,2016,2017,2018,2019,2021,2023,2024,2025,2026"
A318,MOSSORO,RN,NE,-4.90416666,-37.36694443,29.44,22/05/07,"2007,2008,2010,2011,2012,2013,2014,2015,2016,2017,2018,2019,2021,2023,2024,2025,2026"
A340,APODI,RN,NE,-5.62666666,-37.815,131.41,14/11/07,"2007,2008,2010,2011,2012,2013,2014,2015,2016,2017,2018,2019,2021,2023,2024,2025,2026"
A344,CALCANHAR,RN,NE,-5.16,-35.48749999,9.82,08/05/08,"2008,2010,2011,2012,2013,2014,2015,2016,2017,2018,2019,2021,2023,2024,2025,2026"
A367,SANTA CRUZ,RN,NE,-6.22805554,-36.02666666,227.49,17/08/10,"2010,2011,2012,2013,2014,2015,2016,2017,2018,2019,2021,2023,2024,2025,2026"
A372,IPANGUACU,RN,NE,-5.53499999,-36.87222221,19.0,08/11/17,"2017,2018,2019,2021,2023,2024,2025,2026"
A409,ARACAJU,SE,NE,-10.9525,-37.05444444,3.72,12/02/03,"2003,2004,2005,2006,2007,2008,2010,2011,2012,2013,2014,2015,2016,2017,2018,2019,2021,2023,2024,2025,2026"
A417,ITABAIANINHA,SE,NE,-11.27249999,-37.79499999,204.8,23/05/07,"2007,2008,2010,2011,2012,2013,2014,2015,2016,2017,2018,2019,2021,2023,2024,2025,2026"
A419,POCO VERDE,SE,NE,-10.73805555,-38.10833333,367.01,03/04/08,"2008,2010,2011,2012,2013,2014,2015,2016,2017,2018,2019,2021,2023,2024,2025,2026"
A421,BREJO GRANDE,SE,NE,-10.47388888,-36.48194443,6.11,17/07/08,"2008,2010,2011,2012,2013,2014,2015,2016,2017,2018,2019,2021,2023,2024,2025,2026"
A451,ITABAIANA,SE,NE,-10.67166666,-37.47138888,213.0,24/04/17,"2017,2018,2019,2021,2023,2024,2025,2026"
A453,NOSSA SENHORA DA GLORIA,SE,NE,-10.20777777,-37.43194443,271.0,24/03/17,"2017,2018,2019,2021,2023,2024,2025,2026"
A201,BELEM,PA,N,-1.41111111,-48.43944444,21.17,20/01/03,"2003,2004,2005,2006,2007,2008,2010,2011,2012,2013,2014,2015,2016,2017,2018,2019,2021,2023,2024,2025,2026"
A202,CASTANHAL,PA,N,-1.30083333,-47.94805555,47.13,24/01/03,"2003,2004,2005,2006,2007,2008,2010,2011,2012,2013,2014,2015,2016,2017,2018,2019,2021,2023,2024,2025,2026"
A209,MEDICILANDIA,PA,N,-3.51083333,-52.96333333,251.68,17/02/08,"2008,2010,2011,2012,2013,2014,2015,2016,2017,2018,2019,2021,2023,2024,2025,2026"
A210,PACAJA,PA,N,-3.8436111,-50.63805555,89.02,27/02/08,"2008,2010,2011,2012,2013,2014,2015,2016,2017,2018,2019,2021,2023,2024,2025,2026"
A211,PLACAS,PA,N,-3.86416666,-54.21638888,100.45,14/02/08,"2008,2010,2011,2012,2013,2014,2015,2016,2017,2018,2019,2021,2023,2024,2025,2026"
A212,PARAGOMINAS,PA,N,-2.90055555,-47.49499999,88.0,18/10/07,"2007,2008,2010,2011,2012,2013,2014,2015,2016,2017,2018,2019,2021,2023,2024,2025,2026"
A213,TOME ACU,PA,N,-2.59249999,-48.36055555,42.95,14/10/07,"2007,2008,2010,2011,2012,2013,2014,2015,2016,2017,2018,2019,2021,2023,2024,2025,2026"
A214,RONDON DO PARA,PA,N,-4.82749999,-48.1736111,203.0,17/04/08,"2008,2010,2011,2012,2013,2014,2015,2016,2017,2018,2019,2021,2023,2024,2025,2026"
A215,SALINOPOLIS,PA,N,-0.61888888,-47.35666666,23.18,14/06/08,"2008,2010,2011,2012,2013,2014,2015,2016,2017,2018,2019,2021,2023,2024,2025,2026"
A216,SAO FELIX DO XINGU,PA,N,-6.63972221,-51.95694444,211.0,15/11/16,"2016,2017,2018,2019,2021,2023,2024,2025,2026"
A226,BRAGANCA,PA,N,-1.05583333,-46.78277777,5.6,11/03/08,"2008,2010,2011,2012,2013,2014,2015,2016,2017,2018,2019,2021,2023,2024,2025,2026"
A227,SOURE,PA,N,-0.72777777,-48.51583333,12.54,27/04/08,"2008,2010,2011,2012,2013,2014,2015,2016,2017,2018,2019,2021,2023,2024,2025,2026"
A228,BREVES,PA,N,-1.68027777,-50.47805554,11.0,20/10/17,"2017,2018,2019,2021,2023,2024,2025,2026"
A229,TUCURUI,PA,N,-3.82277777,-49.67499999,137.94,01/03/08,"2008,2010,2011,2012,2013,2014,2015,2016,2017,2018,2019,2021,2023,2024,2025,2026"
A230,SERRA DOS CARAJAS,PA,N,-6.07749999,-50.14222221,707.0,03/09/08,"2008,2010,2011,2012,2013,2014,2015,2016,2017,2018,2019,2021,2023,2024,2025,2026"
A231,ITAITUBA,PA,N,-4.27694443,-55.99305555,24.46,17/02/08,"2008,2010,2011,2012,2013,2014,2015,2016,2017,2018,2019,2021,2023,2024,2025,2026"
A232,OBIDOS,PA,N,-1.88083332,-55.51972221,89.64,05/07/12,"2012,2013,2014,2015,2016,2017,2018,2019,2021,2023,2024,2025,2026"
A233,SANTANA DO ARAGUAIA,PA,N,-9.34055555,-50.35027777,154.0,30/05/08,"2008,2010,2011,2012,2013,2014,2015,2016,2017,2018,2019,2021,2023,2024,2025,2026"
A234,TUCUMA,PA,N,-6.74333333,-51.14194444,320.93,18/07/08,"2008,2010,2011,2012,2013,2014,2015,2016,2017,2018,2019,2021,2023,2024,2025,2026"
A235,NOVO REPARTIMENTO,PA,N,-4.24388888,-49.93944444,100.76,23/07/08,"2008,2010,2011,2012,2013,2014,2015,2016,2017,2018,2019,2021,2023,2024,2025,2026"
A236,CAMETA,PA,N,-2.23972221,-49.49972221,9.92,20/06/08,"2008,2010,2011,2012,2013,2014,2015,2016,2017,2018,2019,2021,2023,2024,2025,2026"
A239,MONTE ALEGRE,PA,N,-2.0,-54.07638888,100.53,06/07/12,"2012,2013,2014,2015,2016,2017,2018,2019,2021,2023,2024,2025,2026"
A240,MARABA,PA,N,-5.36638888,-49.05111111,116.58,25/06/09,"2010,2011,2012,2013,2014,2015,2016,2017,2018,2019,2021,2023,2024,2025,2026"
A241,CONCEICAO DO ARAGUAIA,PA,N,-8.30361111,-49.28277777,175.74,04/09/08,"2008,2010,2011,2012,2013,2014,2015,2016,2017,2018,2019,2021,2023,2024,2025,2026"
A245,PORTO DE MOZ,PA,N,-1.82194443,-52.11166666,19.0,07/04/22,"2023,2024,2025,2026"
A246,MINA DO PALITO,PA,N,-6.31999999,-55.78777777,259.88,28/09/10,"2010,2011,2012,2013,2014,2015,2016,2017,2018,2019,2021,2023,2024,2025,2026"
A247,XINGUARA,PA,N,-7.11055555,-49.9261111,245.0,11/09/16,"2016,2017,2018,2019,2021,2023,2024,2025,2026"
A248,CAPITAO POCO,PA,N,-1.73472221,-47.0575,79.1,18/04/11,"2011,2012,2013,2014,2015,2016,2017,2018,2019,2021,2023,2024,2025,2026"
A250,SANTAREM,PA,N,-2.5025,-54.72027777,137.0,02/09/15,"2015,2016,2017,2018,2019,2021,2023,2024,2025,2026"
A252,DOM ELISEU,PA,N,-4.28055554,-47.56388888,251.0,08/03/18,"2018,2019,2021,2023,2024,2025,2026"
A253,ALTAMIRA,PA,N,-3.26999999,-52.39472221,191.0,25/10/18,"2018,2019,2021,2023,2024,2025,2026"
A254,REDENCAO,PA,N,-8.04333333,-50.00694444,199.0,11/07/19,"2019,2021,2023,2024,2025,2026"
A256,SANTA MARIA DAS BARREIRAS,PA,N,-8.72972221,-49.85638888,165.0,18/12/20,"2021,2023,2024,2025,2026"
A925,PORTO VELHO,RO,N,-8.7936111,-63.84583333,86.7,11/07/07,"2007,2008,2010,2011,2012,2013,2014,2015,2016,2017,2018,2019,2021,2023,2024,2025,2026"
A938,VILHENA,RO,N,-12.73499999,-60.15777777,583.3,26/08/08,"2008,2010,2011,2012,2013,2014,2015,2016,2017,2018,2019,2021,2023,2024,2025,2026"
A939,CACOAL,RO,N,-11.44583333,-61.43416666,183.53,20/07/08,"2008,2010,2011,2012,2013,2014,2015,2016,2017,2018,2019,2021,2023,2024,2025,2026"
A940,ARIQUEMES,RO,N,-9.94888888,-62.96194444,128.44,18/07/08,"2008,2010,2011,2012,2013,2014,2015,2016,2017,2018,2019,2021,2023,2024,2025,2026"
A135,BOA VISTA,RR,N,2.81694443,-60.69083333,82.35,26/08/10,"2010,2011,2012,2013,2014,2015,2016,2017,2018,2019,2021,2023,2024,2025,2026"
A009,PALMAS,TO,N,-10.14777777,-48.31444444,267.0,17/12/04,"2004,2005,2006,2007,2008,2010,2011,2012,2013,2014,2015,2016,2017,2018,2019,2021,2023,2024,2025,2026"
A010,PARANA,TO,N,-12.615,-47.87194443,284.96,04/03/05,"2005,2006,2007,2008,2010,2011,2012,2013,2014,2015,2016,2017,2018,2019,2021,2023,2024,2025,2026"
A018,PEIXE,TO,N,-12.01527777,-48.54444444,250.87,01/12/06,"2006,2007,2008,2010,2011,2012,2013,2014,2015,2016,2017,2018,2019,2021,2023,2024,2025,2026"
A019,GURUPI,TO,N,-11.74499999,-49.05166666,274.0,20/12/06,"2006,2007,2008,2010,2011,2012,2013,2014,2015,2016,2017,2018,2019,2021,2023,2024,2025,2026"
A020,PEDRO AFONSO,TO,N,-8.9686111,-48.17722221,189.71,23/01/07,"2007,2008,2010,2011,2012,2013,2014,2015,2016,2017,2018,2019,2021,2023,2024,2025,2026"
A021,ARAGUAINA,TO,N,-7.10388888,-48.20111111,230.76,26/01/07,"2007,2008,2010,2011,2012,2013,2014,2015,2016,2017,2018,2019,2021,2023,2024,2025,2026"
A038,DIANOPOLIS,TO,N,-11.59444444,-46.84722221,727.87,30/08/08,"2008,2010,2011,2012,2013,2014,2015,2016,2017,2018,2019,2021,2023,2024,2025,2026"
A039,FORMOSO DO ARAGUAIA,TO,N,-11.88749999,-49.60833333,215.2,27/04/08,"2008,2010,2011,2012,2013,2014,2015,2016,2017,2018,2019,2021,2023,2024,2025,2026"
A040,MATEIROS,TO,N,-10.43444444,-45.92194443,791.0,25/10/12,"2012,2013,2014,2015,2016,2017,2018,2019,2021,2023,2024,2025,2026"
A041,MARIANOPOLIS DO TO,TO,N,-9.57638888,-49.72333332,186.69,24/11/12,"2012,2013,2014,2015,2016,2017,2018,2019,2021,2023,2024,2025,2026"
A043,CAMPOS LINDOS,TO,N,-8.15472222,-46.63944444,426.56,29/10/12,"2012,2013,2014,2015,2016,2017,2018,2019,2021,2023,2024,2025,2026"
A044,ARAGUATINS,TO,N,-5.6436111,-48.11194444,130.71,12/03/09,"2010,2011,2012,2013,2014,2015,2016,2017,2018,2019,2021,2023,2024,2025,2026"
A048,SANTA FE DO ARAGUAIA,TO,N,-7.12416666,-48.78138888,171.0,30/07/16,"2016,2017,2018,2019,2021,2023,2024,2025,2026"
A049,COLINAS DO TOCANTINS,TO,N,-8.09277777,-48.4786111,200.0,11/11/16,"2016,2017,2018,2019,2021,2023,2024,2025,2026"
A050,RIO SONO,TO,N,-9.793363,-47.132732,291.0,03/08/16,"2016,2017,2018,2019,2021,2023,2024,2025,2026"
A051,PIUM,TO,N,-10.47694443,-49.62944443,161.0,06/04/16,"2016,2017,2018,2019,2021,2023,2024,2025,2026"
A052,SANTA ROSA DO TOCANTINS,TO,N,-11.42888888,-48.18499999,306.0,14/08/15,"2015,2016,2017,2018,2019,2021,2023,2024,2025,2026"
A053,ALMAS,TO,N,-11.28416666,-47.21222222,503.0,01/04/16,"2016,2017,2018,2019,2021,2023,2024,2025,2026"
A054,ARAGUACU,TO,N,-12.59222221,-49.5286111,231.0,19/08/15,"2015,2016,2017,2018,2019,2021,2023,2024,2025,2026"
A055,LAGOA DA CONFUSAO,TO,N,-10.828286,-49.847882,178.0,15/11/16,"2016,2017,2018,2019,2021,2023,2024,2025,2026"
A612,VITORIA,ES,SE,-20.27083332,-40.30583333,9.0,31/10/06,"2006,2007,2008,2010,2011,2012,2013,2014,2015,2016,2017,2018,2019,2021,2023,2024,2025,2026"
A613,SANTA TERESA,ES,SE,-19.98833333,-40.57944443,975.92,09/08/07,"2007,2008,2010,2011,2012,2013,2014,2015,2016,2017,2018,2019,2021,2023,2024,2025,2026"
A614,LINHARES,ES,SE,-19.35694444,-40.0686111,40.0,27/10/06,"2006,2007,2008,2010,2011,2012,2013,2014,2015,2016,2017,2018,2019,2021,2023,2024,2025,2026"
A616,SAO MATEUS,ES,SE,-18.6761111,-39.86416666,28.66,25/10/06,"2006,2007,2008,2010,2011,2012,2013,2014,2015,2016,2017,2018,2019,2021,2023,2024,2025,2026"
A617,ALEGRE,ES,SE,-20.75055555,-41.48888888,138.0,25/10/06,"2006,2007,2008,2010,2011,2012,2013,2014,2015,2016,2017,2018,2019,2021,2023,2024,2025,2026"
A622,PRESIDENTE KENNEDY,ES,SE,-21.10083333,-41.03944444,69.12,18/06/08,"2008,2010,2011,2012,2013,2014,2015,2016,2017,2018,2019,2021,2023,2024,2025,2026"
A631,ECOPORANGA,ES,SE,-18.29138888,-40.73638888,224.0,17/03/17,"2017,2018,2019,2021,2023,2024,2025,2026"
A632,MARILANDIA,ES,SE,-19.40722222,-40.53972221,95.0,22/03/17,"2017,2018,2019,2021,2023,2024,2025,2026"
A633,VENDA NOVA DO IMIGRANTE,ES,SE,-20.38555555,-41.18999999,722.0,10/02/17,"2017,2018,2019,2021,2023,2024,2025,2026"
A634,VILA VELHA,ES,SE,-20.46694443,-40.40388888,25.0,15/02/17,"2017,2018,2019,2021,2023,2024,2025,2026"
A657,AFONSO CLAUDIO,ES,SE,-20.10416666,-41.10694444,507.48,24/09/11,"2011,2012,2013,2014,2015,2016,2017,2018,2019,2021,2023,2024,2025,2026"
A502,BARBACENA,MG,SE,-21.22833332,-43.76777777,1168.76,05/12/02,"2002,2003,2004,2005,2006,2007,2008,2010,2011,2012,2013,2014,2015,2016,2017,2018,2019,2021,2023,2024,2025,2026"
A505,ARAXA,MG,SE,-19.60583333,-46.94972221,1018.32,19/12/02,"2002,2003,2004,2005,2006,2007,2008,2010,2011,2012,2013,2014,2015,2016,2017,2018,2019,2021,2023,2024,2025,2026"
A506,MONTES CLAROS,MG,SE,-16.68638888,-43.84388888,645.87,19/12/02,"2002,2003,2004,2005,2006,2007,2008,2010,2011,2012,2013,2014,2015,2016,2017,2018,2019,2021,2023,2024,2025,2026"
A507,UBERLANDIA,MG,SE,-18.91694443,-48.25555555,874.77,18/12/02,"2002,2003,2004,2005,2006,2007,2008,2010,2011,2012,2013,2014,2015,2016,2017,2018,2019,2021,2023,2024,2025,2026"
A508,ALMENARA,MG,SE,-16.16666666,-40.68777777,189.11,15/12/02,"2002,2003,2004,2005,2006,2007,2008,2010,2011,2012,2013,2014,2015,2016,2017,2018,2019,2021,2023,2024,2025,2026"
A509,MONTE VERDE,MG,SE,-22.86166666,-46.04333333,1544.89,19/12/04,"2004,2005,2006,2007,2008,2010,2011,2012,2013,2014,2015,2016,2017,2018,2019,2021,2023,2024,2025,2026"
A510,VICOSA,MG,SE,-20.7625,-42.86388888,697.64,15/09/05,"2005,2006,2007,2008,2010,2011,2012,2013,2014,2015,2016,2017,2018,2019,2021,2023,2024,2025,2026"
A511,TIMOTEO,MG,SE,-19.57388888,-42.62249999,493.42,22/02/06,"2006,2007,2008,2010,2011,2012,2013,2014,2015,2016,2017,2018,2019,2021,2023,2024,2025,2026"
A512,ITUIUTABA,MG,SE,-18.95277777,-49.52499999,540.08,12/05/06,"2006,2007,2008,2010,2011,2012,2013,2014,2015,2016,2017,2018,2019,2021,2023,2024,2025,2026"
A513,OURO BRANCO,MG,SE,-20.55666666,-43.75611111,1048.2,28/07/06,"2006,2007,2008,2010,2011,2012,2013,2014,2015,2016,2017,2018,2019,2021,2023,2024,2025,2026"
A514,SAO JOAO DEL REI,MG,SE,-21.10638888,-44.25083333,929.88,09/06/06,"2006,2007,2008,2010,2011,2012,2013,2014,2015,2016,2017,2018,2019,2021,2023,2024,2025,2026"
A515,VARGINHA,MG,SE,-21.56638888,-45.40416666,949.78,13/07/06,"2006,2007,2008,2010,2011,2012,2013,2014,2015,2016,2017,2018,2019,2021,2023,2024,2025,2026"
A516,PASSOS,MG,SE,-20.74527777,-46.63388888,781.7,16/07/06,"2006,2007,2008,2010,2011,2012,2013,2014,2015,2016,2017,2018,2019,2021,2023,2024,2025,2026"
A517,MURIAE,MG,SE,-21.105,-42.37583332,282.79,30/08/06,"2006,2007,2008,2010,2011,2012,2013,2014,2015,2016,2017,2018,2019,2021,2023,2024,2025,2026"
A518,JUIZ DE FORA,MG,SE,-21.76999999,-43.36444444,936.88,26/05/07,"2007,2008,2010,2011,2012,2013,2014,2015,2016,2017,2018,2019,2021,2023,2024,2025,2026"
A519,CAMPINA VERDE,MG,SE,-19.53916666,-49.51805554,559.07,15/07/06,"2006,2007,2008,2010,2011,2012,2013,2014,2015,2016,2017,2018,2019,2021,2023,2024,2025,2026"
A520,CONCEICAO DAS ALAGOAS,MG,SE,-19.98583333,-48.15166666,572.54,18/07/06,"2006,2007,2008,2010,2011,2012,2013,2014,2015,2016,2017,2018,2019,2021,2023,2024,2025,2026"
A521,BELO HORIZONTE - PAMPULHA,MG,SE,-19.88388888,-43.96944443,854.02,10/10/06,"2006,2007,2008,2010,2011,2012,2013,2014,2015,2016,2017,2018,2019,2021,2023,2024,2025,2026"
A522,SERRA DOS AIMORES,MG,SE,-17.79888888,-40.25,211.97,21/08/06,"2006,2007,2008,2010,2011,2012,2013,2014,2015,2016,2017,2018,2019,2021,2023,2024,2025,2026"
A523,PATROCINIO,MG,SE,-18.99666666,-46.98583333,978.11,22/08/06,"2006,2007,2008,2010,2011,2012,2013,2014,2015,2016,2017,2018,2019,2021,2023,2024,2025,2026"
A524,FORMIGA,MG,SE,-20.455,-45.45388888,878.14,17/08/06,"2006,2007,2008,2010,2011,2012,2013,2014,2015,2016,2017,2018,2019,2021,2023,2024,2025,2026"
A525,SACRAMENTO,MG,SE,-19.87527777,-47.43416666,913.12,19/08/06,"2006,2007,2008,2010,2011,2012,2013,2014,2015,2016,2017,2018,2019,2021,2023,2024,2025,2026"
A526,MONTALVANIA,MG,SE,-14.40833333,-44.40416666,519.52,26/06/07,"2007,2008,2010,2011,2012,2013,2014,2015,2016,2017,2018,2019,2021,2023,2024,2025,2026"
A527,TEOFILO OTONI,MG,SE,-17.89277777,-41.51555555,467.17,25/08/06,"2006,2007,2008,2010,2011,2012,2013,2014,2015,2016,2017,2018,2019,2021,2023,2024,2025,2026"
A528,TRES MARIAS,MG,SE,-18.20083333,-45.45972222,931.01,25/08/06,"2006,2007,2008,2010,2011,2012,2013,2014,2015,2016,2017,2018,2019,2021,2023,2024,2025,2026"
A529,PASSA QUATRO,MG,SE,-22.39583333,-44.96194444,1017.1,30/05/07,"2007,2008,2010,2011,2012,2013,2014,2015,2016,2017,2018,2019,2021,2023,2024,2025,2026"
A530,CALDAS,MG,SE,-21.91805554,-46.38305554,1077.34,28/11/06,"2006,2007,2008,2010,2011,2012,2013,2014,2015,2016,2017,2018,2019,2021,2023,2024,2025,2026"
A531,MARIA DA FE,MG,SE,-22.31444444,-45.37305554,1281.43,01/12/06,"2006,2007,2008,2010,2011,2012,2013,2014,2015,2016,2017,2018,2019,2021,2023,2024,2025,2026"
A532,GOVERNADOR VALADARES,MG,SE,-18.83027777,-41.97694443,198.24,27/05/07,"2007,2008,2010,2011,2012,2013,2014,2015,2016,2017,2018,2019,2021,2023,2024,2025,2026"
A533,GUANHAES,MG,SE,-18.78694444,-42.94305555,852.68,02/06/07,"2007,2008,2010,2011,2012,2013,2014,2015,2016,2017,2018,2019,2021,2023,2024,2025,2026"
A534,AIMORES,MG,SE,-19.53277777,-41.09083333,301.0,05/08/07,"2007,2008,2010,2011,2012,2013,2014,2015,2016,2017,2018,2019,2021,2023,2024,2025,2026"
A535,FLORESTAL,MG,SE,-19.88527777,-44.41694443,753.5,27/06/08,"2008,2010,2011,2012,2013,2014,2015,2016,2017,2018,2019,2021,2023,2024,2025,2026"
A536,DORES DO INDAIA,MG,SE,-19.48194443,-45.59388888,721.09,01/06/07,"2007,2008,2010,2011,2012,2013,2014,2015,2016,2017,2018,2019,2021,2023,2024,2025,2026"
A537,DIAMANTINA,MG,SE,-18.231052,-43.648269,1359.25,05/06/07,"2007,2008,2010,2011,2012,2013,2014,2015,2016,2017,2018,2019,2021,2023,2024,2025,2026"
A538,CURVELO,MG,SE,-18.74777777,-44.45388888,669.48,18/12/06,"2006,2007,2008,2010,2011,2012,2013,2014,2015,2016,2017,2018,2019,2021,2023,2024,2025,2026"
A539,MOCAMBINHO,MG,SE,-15.08583333,-44.01611111,454.0,11/11/07,"2007,2008,2010,2011,2012,2013,2014,2015,2016,2017,2018,2019,2021,2023,2024,2025,2026"
A540,MANTENA,MG,SE,-18.78055554,-40.98638888,254.91,01/08/07,"2007,2008,2010,2011,2012,2013,2014,2015,2016,2017,2018,2019,2021,2023,2024,2025,2026"
A541,CAPELINHA,MG,SE,-17.70555555,-42.38916666,932.06,31/08/07,"2007,2008,2010,2011,2012,2013,2014,2015,2016,2017,2018,2019,2021,2023,2024,2025,2026"
A542,UNAI,MG,SE,-16.55416666,-46.88194443,640.85,16/06/07,"2007,2008,2010,2011,2012,2013,2014,2015,2016,2017,2018,2019,2021,2023,2024,2025,2026"
A543,ESPINOSA,MG,SE,-14.91222222,-42.80861111,565.36,14/11/07,"2007,2008,2010,2011,2012,2013,2014,2015,2016,2017,2018,2019,2021,2023,2024,2025,2026"
A544,BURITIS,MG,SE,-15.52416666,-46.43555555,894.0,19/06/07,"2007,2008,2010,2011,2012,2013,2014,2015,2016,2017,2018,2019,2021,2023,2024,2025,2026"
A545,PIRAPORA,MG,SE,-17.258064,-44.835556,505.32,04/07/07,"2007,2008,2010,2011,2012,2013,2014,2015,2016,2017,2018,2019,2021,2023,2024,2025,2026"
A546,GUARDA-MOR,MG,SE,-17.56138888,-47.19916666,997.01,11/07/07,"2007,2008,2010,2011,2012,2013,2014,2015,2016,2017,2018,2019,2021,2023,2024,2025,2026"
A547,SAO ROMAO,MG,SE,-16.36277777,-45.12388888,490.29,30/06/07,"2007,2008,2010,2011,2012,2013,2014,2015,2016,2017,2018,2019,2021,2023,2024,2025,2026"
A548,CHAPADA GAUCHA,MG,SE,-15.30027777,-45.61749999,873.2,22/06/07,"2007,2008,2010,2011,2012,2013,2014,2015,2016,2017,2018,2019,2021,2023,2024,2025,2026"
A549,AGUAS VERMELHAS,MG,SE,-15.75166666,-41.45777777,754.07,09/09/07,"2007,2008,2010,2011,2012,2013,2014,2015,2016,2017,2018,2019,2021,2023,2024,2025,2026"
A550,ITAOBIM,MG,SE,-16.57555554,-41.48555555,271.63,05/09/07,"2007,2008,2010,2011,2012,2013,2014,2015,2016,2017,2018,2019,2021,2023,2024,2025,2026"
A551,RIO PARDO DE MINAS,MG,SE,-15.72305554,-42.43583333,850.06,17/11/07,"2007,2008,2010,2011,2012,2013,2014,2015,2016,2017,2018,2019,2021,2023,2024,2025,2026"
A552,SALINAS,MG,SE,-16.16027777,-42.31027777,487.14,14/09/07,"2007,2008,2010,2011,2012,2013,2014,2015,2016,2017,2018,2019,2021,2023,2024,2025,2026"
A553,JOAO PINHEIRO,MG,SE,-17.78444444,-46.11944443,877.05,07/07/07,"2007,2008,2010,2011,2012,2013,2014,2015,2016,2017,2018,2019,2021,2023,2024,2025,2026"
A554,CARATINGA,MG,SE,-19.73583333,-42.13722221,609.25,24/05/07,"2007,2008,2010,2011,2012,2013,2014,2015,2016,2017,2018,2019,2021,2023,2024,2025,2026"
A555,IBIRITE (ROLA MOCA),MG,SE,-20.03138888,-44.01111111,1198.82,06/06/08,"2008,2010,2011,2012,2013,2014,2015,2016,2017,2018,2019,2021,2023,2024,2025,2026"
A556,MANHUACU,MG,SE,-20.26333333,-42.18277777,819.47,25/09/10,"2010,2011,2012,2013,2014,2015,2016,2017,2018,2019,2021,2023,2024,2025,2026"
A557,CORONEL PACHECO,MG,SE,-21.54666666,-43.26111111,411.14,17/10/12,"2012,2013,2014,2015,2016,2017,2018,2019,2021,2023,2024,2025,2026"
A559,JANUARIA,MG,SE,-15.44805555,-44.36638888,468.0,23/06/16,"2016,2017,2018,2019,2021,2023,2024,2025,2026"
A560,POMPEU,MG,SE,-19.23249999,-44.96416666,705.0,21/08/15,"2021,2023,2024,2025,2026"
A561,SAO SEBASTIAO DO PARAISO,MG,SE,-20.91,-47.11416666,845.0,17/08/15,"2015,2016,2017,2018,2019,2021,2023,2024,2025,2026"
A562,PATOS DE MINAS,MG,SE,-18.52055554,-46.44055555,950.0,12/05/17,"2017,2018,2019,2021,2023,2024,2025,2026"
A563,NOVA PORTEIRINHA (JANAUBA),MG,SE,-15.80277777,-43.29694444,532.0,19/11/16,"2016,2017,2018,2019,2021,2023,2024,2025,2026"
A564,DIVINOPOLIS,MG,SE,-20.17333332,-44.87499999,796.0,26/10/17,"2017,2018,2019,2021,2023,2024,2025,2026"
A565,BAMBUI,MG,SE,-20.0311111,-46.00888888,697.0,23/11/16,"2016,2017,2018,2019,2021,2023,2024,2025,2026"
A566,ARACUAI,MG,SE,-16.84888888,-42.03527777,308.0,19/05/17,"2017,2018,2019,2021,2023,2024,2025,2026"
A567,MACHADO,MG,SE,-21.68083332,-45.94444444,969.0,21/07/17,"2017,2018,2019,2021,2023,2024,2025,2026"
A568,UBERABA,MG,SE,-19.71,-47.96194444,778.0,19/05/17,"2017,2018,2019,2021,2023,2024,2025,2026"
A569,SETE LAGOAS,MG,SE,-19.45527777,-44.17333332,719.0,10/06/16,"2016,2017,2018,2019,2021,2023,2024,2025,2026"
A570,OLIVEIRA,MG,SE,-20.715,-44.86444444,1025.0,19/10/17,"2017,2018,2019,2021,2023,2024,2025,2026"
A571,PARACATU,MG,SE,-17.24444444,-46.88166666,705.0,16/03/18,"2018,2019,2021,2023,2024,2025,2026"
A572,BELO HORIZONTE - SANTO AGOSTINHO,MG,SE,-19.93388888,-43.95222222,915.47,28/08/25,"2025,2026"
F501,BELO HORIZONTE - CERCADINHO,MG,SE,-19.97999999,-43.95861111,1199.55,27/12/13,"2013,2014,2015,2016,2017,2018,2019,2021,2023,2024,2025,2026"
A601,SEROPEDICA-ECOLOGIA AGRICOLA,RJ,SE,-22.75777777,-43.68472221,35.0,24/05/00,"2000,2001,2002,2003,2004,2005,2006,2007,2008,2010,2011,2012,2013,2014,2015,2016,2017,2018,2019,2021,2023,2024,2025,2026"
A602,RIO DE JANEIRO-MARAMBAIA,RJ,SE,-23.05027777,-43.59555555,12.0,08/11/02,"2002,2003,2004,2005,2006,2007,2008,2010,2011,2012,2013,2014,2015,2016,2017,2018,2019,2021,2023,2024,2025,2026"
A603,DUQUE DE CAXIAS - XEREM,RJ,SE,-22.58972221,-43.28222221,22.0,21/10/02,"2002,2003,2004,2005,2006,2007,2008,2010,2011,2012,2013,2014,2015,2016,2017,2018,2019,2021,2023,2024,2025,2026"
A604,CAMBUCI,RJ,SE,-21.58749999,-41.95833333,46.0,20/11/02,"2002,2003,2004,2005,2006,2007,2008,2010,2011,2012,2013,2014,2015,2016,2017,2018,2019,2021,2023,2024,2025,2026"
A606,ARRAIAL DO CABO,RJ,SE,-22.97527777,-42.02138888,5.0,22/09/06,"2006,2007,2008,2010,2011,2012,2013,2014,2015,2016,2017,2018,2019,2021,2023,2024,2025,2026"
A607,CAMPOS DOS GOYTACAZES,RJ,SE,-21.71472222,-41.34388888,17.0,25/09/06,"2006,2007,2008,2010,2011,2012,2013,2014,2015,2016,2017,2018,2019,2021,2023,2024,2025,2026"
A608,MACAE,RJ,SE,-22.3761111,-41.81194444,28.0,22/09/06,"2006,2007,2008,2010,2011,2012,2013,2014,2015,2016,2017,2018,2019,2021,2023,2024,2025,2026"
A609,RESENDE,RJ,SE,-22.45138888,-44.44499999,438.83,29/09/06,"2006,2007,2008,2010,2011,2012,2013,2014,2015,2016,2017,2018,2019,2021,2023,2024,2025,2026"
A610,PICO DO COUTO,RJ,SE,-22.46472222,-43.29138888,1777.0,22/10/06,"2006,2007,2008,2010,2011,2012,2013,2014,2015,2016,2017,2018,2019,2021,2023,2024,2025,2026"
A611,VALENCA,RJ,SE,-22.35805555,-43.69555555,370.0,27/09/06,"2006,2007,2008,2010,2011,2012,2013,2014,2015,2016,2017,2018,2019,2021,2023,2024,2025,2026"
A618,TERESOPOLIS-PARQUE NACIONAL,RJ,SE,-22.4486111,-42.98694444,981.0,01/11/06,"2006,2007,2008,2010,2011,2012,2013,2014,2015,2016,2017,2018,2019,2021,2023,2024,2025,2026"
A619,PARATY,RJ,SE,-23.2236111,-44.72694443,3.0,19/11/06,"2006,2007,2008,2010,2011,2012,2013,2014,2015,2016,2017,2018,2019,2021,2023,2024,2025,2026"
A620,CAMPOS DOS GOYTACAZES - SAO TOME,RJ,SE,-22.04166666,-41.05166666,7.0,13/06/08,"2008,2010,2011,2012,2013,2014,2015,2016,2017,2018,2019,2021,2023,2024,2025,2026"
A621,RIO DE JANEIRO - VILA MILITAR,RJ,SE,-22.86138888,-43.41138888,30.43,13/04/07,"2007,2008,2010,2011,2012,2013,2014,2015,2016,2017,2018,2019,2021,2023,2024,2025,2026"
A624,NOVA FRIBURGO - SALINAS,RJ,SE,-22.33472221,-42.67694443,1070.0,18/09/10,"2010,2011,2012,2013,2014,2015,2016,2017,2018,2019,2021,2023,2024,2025,2026"
A625,TRES RIOS,RJ,SE,-22.09833333,-43.20833333,295.0,08/06/16,"2016,2017,2018,2019,2021,2023,2024,2025,2026"
A626,RIO CLARO,RJ,SE,-22.653579,-44.040916,516.0,03/06/16,"2016,2017,2018,2019,2021,2023,2024,2025,2026"
A627,NITEROI,RJ,SE,-22.86749999,-43.10194444,6.0,13/07/18,"2018,2019,2021,2023,2024,2025,2026"
A628,ANGRA DOS REIS,RJ,SE,-22.97555554,-44.30333333,6.0,25/08/17,"2017,2018,2019,2021,2023,2024,2025,2026"
A629,CARMO,RJ,SE,-21.9386111,-42.60083333,293.0,11/10/18,"2018,2019,2021,2023,2024,2025,2026"
A630,SANTA MARIA MADALENA,RJ,SE,-21.95055555,-42.01027777,586.0,16/10/18,"2018,2019,2021,2023,2024,2025,2026"
A636,RIO DE JANEIRO - JACAREPAGUA,RJ,SE,-22.93999999,-43.40277777,20.0,10/08/17,"2017,2018,2019,2021,2023,2024,2025,2026"
A637,PATY DO ALFERES - AVELAR,RJ,SE,-22.34722221,-43.41777777,508.0,10/11/22,"2023,2024,2025,2026"
A652,RIO DE JANEIRO - FORTE DE COPACABANA,RJ,SE,-22.98833333,-43.19055555,25.59,18/05/07,"2007,2008,2010,2011,2012,2013,2014,2015,2016,2017,2018,2019,2021,2023,2024,2025,2026"
A659,SILVA JARDIM,RJ,SE,-22.64583333,-42.41555555,19.0,28/08/15,"2015,2016,2017,2018,2019,2021,2023,2024,2025,2026"
A667,SAQUAREMA - SAMPAIO CORREIA,RJ,SE,-22.8711111,-42.60888888,26.0,02/09/15,"2015,2016,2017,2018,2019,2021,2023,2024,2025,2026"
A701,SAO PAULO - MIRANTE,SP,SE,-23.4962888,-46.6200666,785.64,25/07/06,"2006,2007,2008,2010,2011,2012,2013,2014,2015,2016,2017,2018,2019,2021,2023,2024,2025,2026"
A705,BAURU,SP,SE,-22.35805555,-49.02888888,636.17,30/08/01,"2001,2002,2003,2004,2005,2006,2007,2008,2010,2011,2012,2013,2014,2015,2016,2017,2018,2019,2021,2023,2024,2025,2026"
A706,CAMPOS DO JORDAO,SP,SE,-22.75027777,-45.60388888,1662.95,13/03/02,"2002,2003,2004,2005,2006,2007,2008,2010,2011,2012,2013,2014,2015,2016,2017,2018,2019,2021,2023,2024,2025,2026"
A707,PRESIDENTE PRUDENTE,SP,SE,-22.11999999,-51.40861111,431.92,04/02/03,"2003,2004,2005,2006,2007,2008,2010,2011,2012,2013,2014,2015,2016,2017,2018,2019,2021,2023,2024,2025,2026"
A708,FRANCA,SP,SE,-20.58444444,-47.38249999,1002.74,12/12/02,"2002,2003,2004,2005,2006,2007,2008,2010,2011,2012,2013,2014,2015,2016,2017,2018,2019,2021,2023,2024,2025,2026"
A711,SAO CARLOS,SP,SE,-21.98027777,-47.88388888,859.29,04/09/06,"2006,2007,2008,2010,2011,2012,2013,2014,2015,2016,2017,2018,2019,2021,2023,2024,2025,2026"
A712,IGUAPE,SP,SE,-24.67166666,-47.54583333,2.7,20/07/06,"2006,2007,2008,2010,2011,2012,2013,2014,2015,2016,2017,2018,2019,2021,2023,2024,2025,2026"
A713,IPERO,SP,SE,-23.4261111,-47.58555555,609.33,22/08/06,"2006,2007,2008,2010,2011,2012,2013,2014,2015,2016,2017,2018,2019,2021,2023,2024,2025,2026"
A714,ITAPEVA,SP,SE,-23.98194443,-48.88583333,743.33,25/07/06,"2006,2007,2008,2010,2011,2012,2013,2014,2015,2016,2017,2018,2019,2021,2023,2024,2025,2026"
A715,SAO MIGUEL ARCANJO,SP,SE,-23.89083333,-47.99916666,710.0,15/08/06,"2006,2007,2008,2010,2011,2012,2013,2014,2015,2016,2017,2018,2019,2021,2023,2024,2025,2026"
A716,OURINHOS,SP,SE,-23.00055555,-49.84333333,500.0,29/08/06,"2006,2007,2008,2010,2011,2012,2013,2014,2015,2016,2017,2018,2019,2021,2023,2024,2025,2026"
A718,RANCHARIA,SP,SE,-22.37277777,-50.97472221,398.75,01/09/06,"2006,2007,2008,2010,2011,2012,2013,2014,2015,2016,2017,2018,2019,2021,2023,2024,2025,2026"
A725,AVARE,SP,SE,-23.10166666,-48.9411111,776.36,22/09/06,"2006,2007,2008,2010,2011,2012,2013,2014,2015,2016,2017,2018,2019,2021,2023,2024,2025,2026"
A726,PIRACICABA,SP,SE,-22.70305555,-47.62333332,566.46,26/09/06,"2006,2007,2008,2010,2011,2012,2013,2014,2015,2016,2017,2018,2019,2021,2023,2024,2025,2026"
A727,LINS,SP,SE,-21.66611111,-49.73472221,460.65,20/09/06,"2006,2007,2008,2010,2011,2012,2013,2014,2015,2016,2017,2018,2019,2021,2023,2024,2025,2026"
A728,TAUBATE,SP,SE,-23.04166666,-45.52083332,582.26,20/12/06,"2006,2007,2008,2010,2011,2012,2013,2014,2015,2016,2017,2018,2019,2021,2023,2024,2025,2026"
A733,JALES,SP,SE,-20.165,-50.59499999,460.44,22/08/07,"2007,2008,2010,2011,2012,2013,2014,2015,2016,2017,2018,2019,2021,2023,2024,2025,2026"
A734,VALPARAISO,SP,SE,-21.31916666,-50.93027777,381.9,30/08/07,"2007,2008,2010,2011,2012,2013,2014,2015,2016,2017,2018,2019,2021,2023,2024,2025,2026"
A735,JOSE BONIFACIO,SP,SE,-21.08555555,-49.92027777,408.35,03/09/07,"2007,2008,2010,2011,2012,2013,2014,2015,2016,2017,2018,2019,2021,2023,2024,2025,2026"
A736,ARIRANHA,SP,SE,-21.13305554,-48.84055555,525.44,13/11/07,"2007,2008,2010,2011,2012,2013,2014,2015,2016,2017,2018,2019,2021,2023,2024,2025,2026"
A737,IBITINGA,SP,SE,-21.85555555,-48.79972221,496.75,09/11/07,"2007,2008,2010,2011,2012,2013,2014,2015,2016,2017,2018,2019,2021,2023,2024,2025,2026"
A738,CASA BRANCA,SP,SE,-21.78055554,-47.07527777,734.15,25/06/07,"2007,2008,2010,2011,2012,2013,2014,2015,2016,2017,2018,2019,2021,2023,2024,2025,2026"
A739,ITAPIRA,SP,SE,-22.415,-46.80527777,634.89,05/11/07,"2007,2008,2010,2011,2012,2013,2014,2015,2016,2017,2018,2019,2021,2023,2024,2025,2026"
A740,SAO LUIZ DO PARAITINGA,SP,SE,-23.22833332,-45.41694443,874.0,01/11/07,"2007,2008,2010,2011,2012,2013,2014,2015,2016,2017,2018,2019,2021,2023,2024,2025,2026"
A741,BARRA BONITA,SP,SE,-22.4711111,-48.5575,533.68,24/04/08,"2008,2010,2011,2012,2013,2014,2015,2016,2017,2018,2019,2021,2023,2024,2025,2026"
A744,BRAGANCA PAULISTA,SP,SE,-22.94916666,-46.5261111,891.0,20/12/17,"2017,2018,2019,2021,2023,2024,2025,2026"
A746,BARRA DO TURVO,SP,SE,-24.96277777,-48.41638888,659.89,03/07/08,"2008,2010,2011,2012,2013,2014,2015,2016,2017,2018,2019,2021,2023,2024,2025,2026"
A747,PRADOPOLIS,SP,SE,-21.33833333,-48.11388888,544.0,22/04/08,"2008,2010,2011,2012,2013,2014,2015,2016,2017,2018,2019,2021,2023,2024,2025,2026"
A748,BARRETOS,SP,SE,-20.55916666,-48.54499999,534.36,19/06/10,"2010,2011,2012,2013,2014,2015,2016,2017,2018,2019,2021,2023,2024,2025,2026"
A753,ITUVERAVA,SP,SE,-20.35972222,-47.77527777,610.58,17/07/08,"2008,2010,2011,2012,2013,2014,2015,2016,2017,2018,2019,2021,2023,2024,2025,2026"
A755,BARUERI,SP,SE,-23.52388888,-46.86944443,776.5,29/03/11,"2011,2012,2013,2014,2015,2016,2017,2018,2019,2021,2023,2024,2025,2026"
A762,DRACENA,SP,SE,-21.45777777,-51.55222222,383.0,03/11/16,"2016,2017,2018,2019,2021,2023,2024,2025,2026"
A763,MARILIA,SP,SE,-22.23527777,-49.965,660.0,15/05/17,"2017,2018,2019,2021,2023,2024,2025,2026"
A764,BEBEDOURO,SP,SE,-20.94805555,-48.47138888,542.0,27/10/16,"2016,2017,2018,2019,2021,2023,2024,2025,2026"
A765,BERTIOGA,SP,SE,-23.84472221,-46.14333333,5.0,01/02/17,"2017,2018,2019,2021,2023,2024,2025,2026"
A766,REGISTRO,SP,SE,-24.53305554,-47.86416666,35.0,09/02/17,"2017,2018,2019,2021,2023,2024,2025,2026"
A768,TUPA,SP,SE,-21.92722221,-50.49027777,498.0,12/05/17,"2017,2018,2019,2021,2023,2024,2025,2026"
A769,CACHOEIRA PAULISTA,SP,SE,-22.68888888,-45.00555555,586.0,20/10/17,"2017,2018,2019,2021,2023,2024,2025,2026"
A770,SAO SIMAO,SP,SE,-21.46111111,-47.57944443,620.0,03/07/19,"2019,2021,2023,2024,2025,2026"
A771,SAO PAULO - INTERLAGOS,SP,SE,-23.72444443,-46.67749999,771.0,14/03/18,"2018,2019,2021,2023,2024,2025,2026"
A807,CURITIBA,PR,S,-25.4486111,-49.23055554,922.91,28/01/03,"2003,2004,2005,2006,2007,2008,2010,2011,2012,2013,2014,2015,2016,2017,2018,2019,2021,2023,2024,2025,2026"
A818,IVAI,PR,S,-25.01083333,-50.85388888,803.58,11/07/06,"2006,2007,2008,2010,2011,2012,2013,2014,2015,2016,2017,2018,2019,2021,2023,2024,2025,2026"
A819,CASTRO,PR,S,-24.77999999,-50.04638888,1016.0,09/07/06,"2006,2007,2008,2010,2011,2012,2013,2014,2015,2016,2017,2018,2019,2021,2023,2024,2025,2026"
A820,MAL. CANDIDO RONDON,PR,S,-24.53333333,-54.01916666,392.07,18/11/06,"2006,2007,2008,2010,2011,2012,2013,2014,2015,2016,2017,2018,2019,2021,2023,2024,2025,2026"
A821,JOAQUIM TAVORA,PR,S,-23.50527777,-49.94638888,512.67,23/11/06,"2006,2007,2008,2010,2011,2012,2013,2014,2015,2016,2017,2018,2019,2021,2023,2024,2025,2026"
A822,NOVA TEBAS,PR,S,-24.43388888,-51.95388888,660.0,21/12/06,"2006,2007,2008,2010,2011,2012,2013,2014,2015,2016,2017,2018,2019,2021,2023,2024,2025,2026"
A823,INACIO MARTINS,PR,S,-25.56777777,-51.07805554,1208.85,16/10/06,"2006,2007,2008,2010,2011,2012,2013,2014,2015,2016,2017,2018,2019,2021,2023,2024,2025,2026"
A824,ICARAIMA,PR,S,-23.39027777,-53.63583333,381.29,16/11/06,"2006,2007,2008,2010,2011,2012,2013,2014,2015,2016,2017,2018,2019,2021,2023,2024,2025,2026"
A825,GOIOERE,PR,S,-24.18388888,-53.04888888,481.0,19/10/06,"2019,2021,2023,2024,2025,2026"
A835,MARINGA,PR,S,-23.40527777,-51.93277777,548.51,21/11/06,"2006,2007,2008,2010,2011,2012,2013,2014,2015,2016,2017,2018,2019,2021,2023,2024,2025,2026"
A842,NOVA FATIMA,PR,S,-23.41527777,-50.57777777,664.31,08/02/07,"2007,2008,2010,2011,2012,2013,2014,2015,2016,2017,2018,2019,2021,2023,2024,2025,2026"
A843,DOIS VIZINHOS,PR,S,-25.69916666,-53.09527777,545.95,29/03/07,"2007,2008,2010,2011,2012,2013,2014,2015,2016,2017,2018,2019,2021,2023,2024,2025,2026"
A846,FOZ DO IGUACU,PR,S,-25.60194444,-54.48305554,235.09,15/02/08,"2008,2010,2011,2012,2013,2014,2015,2016,2017,2018,2019,2021,2023,2024,2025,2026"
A849,DIAMANTE DO NORTE,PR,S,-22.63944444,-52.89027777,368.22,06/03/08,"2008,2010,2011,2012,2013,2014,2015,2016,2017,2018,2019,2021,2023,2024,2025,2026"
A850,PARANAPOEMA,PR,S,-22.65833333,-52.13444444,308.7,04/03/08,"2008,2010,2011,2012,2013,2014,2015,2016,2017,2018,2019,2021,2023,2024,2025,2026"
A855,PLANALTO,PR,S,-25.72194443,-53.74805555,399.1,07/11/07,"2007,2008,2010,2011,2012,2013,2014,2015,2016,2017,2018,2019,2021,2023,2024,2025,2026"
A869,CIDADE GAUCHA,PR,S,-23.35916666,-52.93194443,365.79,11/03/08,"2008,2010,2011,2012,2013,2014,2015,2016,2017,2018,2019,2021,2023,2024,2025,2026"
A871,JAPIRA,PR,S,-23.77333332,-50.18055554,692.88,29/02/08,"2008,2010,2011,2012,2013,2014,2015,2016,2017,2018,2019,2021,2023,2024,2025,2026"
A872,VENTANIA,PR,S,-24.28027777,-50.21027777,1093.41,15/04/11,"2011,2012,2013,2014,2015,2016,2017,2018,2019,2021,2023,2024,2025,2026"
A873,MORRETES,PR,S,-25.50888888,-48.80861111,50.31,13/03/08,"2008,2010,2011,2012,2013,2014,2015,2016,2017,2018,2019,2021,2023,2024,2025,2026"
A874,SAO MATEUS DO SUL,PR,S,-25.83555555,-50.36888888,780.21,17/04/11,"2011,2012,2013,2014,2015,2016,2017,2018,2019,2021,2023,2024,2025,2026"
A875,GENERAL CARNEIRO,PR,S,-26.3986111,-51.35361111,1009.01,30/04/08,"2008,2010,2011,2012,2013,2014,2015,2016,2017,2018,2019,2021,2023,2024,2025,2026"
A876,CLEVELANDIA,PR,S,-26.41722221,-52.3486111,966.06,15/05/08,"2008,2010,2011,2012,2013,2014,2015,2016,2017,2018,2019,2021,2023,2024,2025,2026"
B803,CAMPINA DA LAGOA,PR,S,-24.57083332,-52.80027777,598.0,04/08/16,"2016,2017,2018,2019,2021,2023,2024,2025,2026"
B804,LARANJEIRAS DO SUL,PR,S,-25.37138888,-52.40083333,889.0,07/08/16,"2016,2017,2018,2019,2021,2023,2024,2025,2026"
B806,COLOMBO,PR,S,-25.322464,-49.157733,950.0,01/06/16,"2016,2017,2018,2019,2021,2023,2024,2025,2026"
A801,PORTO ALEGRE - JARDIM BOTANICO,RS,S,-30.05361111,-51.17472221,41.18,22/09/00,"2000,2001,2002,2003,2004,2005,2006,2007,2008,2010,2011,2012,2013,2014,2015,2016,2017,2018,2019,2021,2023,2024,2025,2026"
A802,RIO GRANDE,RS,S,-32.07888888,-52.16777777,4.92,16/11/01,"2001,2002,2003,2004,2005,2006,2007,2008,2010,2011,2012,2013,2014,2015,2016,2017,2018,2019,2021,2023,2024,2025,2026"
A803,SANTA MARIA,RS,S,-29.72499999,-53.72055554,105.0,26/11/01,"2001,2002,2003,2004,2005,2006,2007,2008,2010,2011,2012,2013,2014,2015,2016,2017,2018,2019,2021,2023,2024,2025,2026"
A804,SANTANA DO LIVRAMENTO,RS,S,-30.75055555,-55.40138888,196.0,22/11/01,"2001,2002,2003,2004,2005,2006,2007,2008,2010,2011,2012,2013,2014,2015,2016,2017,2018,2019,2021,2023,2024,2025,2026"
A805,SANTO AUGUSTO,RS,S,-27.85444444,-53.7911111,489.67,05/12/01,"2001,2002,2003,2004,2005,2006,2007,2008,2010,2011,2012,2013,2014,2015,2016,2017,2018,2019,2021,2023,2024,2025,2026"
A809,URUGUAIANA,RS,S,-29.83999999,-57.08194443,74.29,28/09/06,"2006,2007,2008,2010,2011,2012,2013,2014,2015,2016,2017,2018,2019,2021,2023,2024,2025,2026"
A810,SANTA ROSA,RS,S,-27.84805555,-54.45222222,329.0,15/11/06,"2006,2007,2008,2010,2011,2012,2013,2014,2015,2016,2017,2018,2019,2021,2023,2024,2025,2026"
A811,CANGUCU,RS,S,-31.40333333,-52.70083333,446.81,24/01/07,"2007,2008,2010,2011,2012,2013,2014,2015,2016,2017,2018,2019,2021,2023,2024,2025,2026"
A812,CACAPAVA DO SUL,RS,S,-30.54527777,-53.46694443,420.82,22/06/06,"2006,2007,2008,2010,2011,2012,2013,2014,2015,2016,2017,2018,2019,2021,2023,2024,2025,2026"
A813,RIO PARDO,RS,S,-29.87222221,-52.38194443,106.99,30/09/06,"2006,2007,2008,2010,2011,2012,2013,2014,2015,2016,2017,2018,2019,2021,2023,2024,2025,2026"
A826,ALEGRETE,RS,S,-29.70916666,-55.52555554,121.0,28/09/06,"2006,2007,2008,2010,2011,2012,2013,2014,2015,2016,2017,2018,2019,2021,2023,2024,2025,2026"
A827,BAGE,RS,S,-31.34777777,-54.01333333,226.19,04/01/07,"2007,2008,2010,2011,2012,2013,2014,2015,2016,2017,2018,2019,2021,2023,2024,2025,2026"
A828,ERECHIM,RS,S,-27.65777777,-52.30583333,777.08,25/11/06,"2006,2007,2008,2010,2011,2012,2013,2014,2015,2016,2017,2018,2019,2021,2023,2024,2025,2026"
A829,SAO JOSE DOS AUSENTES,RS,S,-28.7486111,-50.05777777,1228.59,26/10/06,"2006,2007,2008,2010,2011,2012,2013,2014,2015,2016,2017,2018,2019,2021,2023,2024,2025,2026"
A830,SAO BORJA,RS,S,-28.65,-56.01638888,79.0,21/07/07,"2007,2008,2010,2011,2012,2013,2014,2015,2016,2017,2018,2019,2021,2023,2024,2025,2026"
A831,QUARAI,RS,S,-30.3686111,-56.43722221,103.0,17/10/07,"2007,2008,2010,2011,2012,2013,2014,2015,2016,2017,2018,2019,2021,2023,2024,2025,2026"
A832,SAO GABRIEL,RS,S,-30.34138888,-54.31083333,114.89,11/07/07,"2007,2008,2010,2011,2012,2013,2014,2015,2016,2017,2018,2019,2021,2023,2024,2025,2026"
A833,SANTIAGO,RS,S,-29.19166666,-54.88555555,390.03,04/02/09,"2010,2011,2012,2013,2014,2015,2016,2017,2018,2019,2021,2023,2024,2025,2026"
A834,TRAMANDAI,RS,S,-30.01027777,-50.13583333,4.56,09/03/08,"2008,2010,2011,2012,2013,2014,2015,2016,2017,2018,2019,2021,2023,2024,2025,2026"
A836,JAGUARAO,RS,S,-32.53472221,-53.37583332,31.48,09/01/07,"2007,2008,2010,2011,2012,2013,2014,2015,2016,2017,2018,2019,2021,2023,2024,2025,2026"
A837,SOLEDADE,RS,S,-28.85916666,-52.54249999,660.44,01/03/08,"2008,2010,2011,2012,2013,2014,2015,2016,2017,2018,2019,2021,2023,2024,2025,2026"
A838,CAMAQUA,RS,S,-30.80805555,-51.83416666,92.3,12/12/06,"2006,2007,2008,2010,2011,2012,2013,2014,2015,2016,2017,2018,2019,2021,2023,2024,2025,2026"
A839,PASSO FUNDO,RS,S,-28.22666666,-52.40361111,680.67,27/11/06,"2006,2007,2008,2010,2011,2012,2013,2014,2015,2016,2017,2018,2019,2021,2023,2024,2025,2026"
A840,BENTO GONCALVES,RS,S,-29.16444444,-51.53416666,639.0,01/12/06,"2006,2007,2008,2010,2011,2012,2013,2014,2015,2016,2017,2018,2019,2021,2023,2024,2025,2026"
A844,LAGOA VERMELHA,RS,S,-28.22249999,-51.51277777,833.83,02/03/07,"2007,2008,2010,2011,2012,2013,2014,2015,2016,2017,2018,2019,2021,2023,2024,2025,2026"
A852,SAO LUIZ GONZAGA,RS,S,-28.41722221,-54.9625,245.5,25/07/07,"2007,2008,2010,2011,2012,2013,2014,2015,2016,2017,2018,2019,2021,2023,2024,2025,2026"
A853,CRUZ ALTA,RS,S,-28.60333333,-53.6736111,426.69,31/05/07,"2007,2008,2010,2011,2012,2013,2014,2015,2016,2017,2018,2019,2021,2023,2024,2025,2026"
A854,FREDERICO WESTPHALEN,RS,S,-27.39555555,-53.42944443,489.42,14/12/07,"2007,2008,2010,2011,2012,2013,2014,2015,2016,2017,2018,2019,2021,2023,2024,2025,2026"
A856,PALMEIRA DAS MISSOES,RS,S,-27.92027777,-53.31805554,614.11,26/02/08,"2008,2010,2011,2012,2013,2014,2015,2016,2017,2018,2019,2021,2023,2024,2025,2026"
A878,TAVARES - FAROL DE MOSTARDAS,RS,S,-31.24833333,-50.90638888,3.82,11/03/08,"2008,2010,2011,2012,2013,2014,2015,2016,2017,2018,2019,2021,2023,2024,2025,2026"
A879,CANELA,RS,S,-29.36888888,-50.82722221,830.93,23/08/08,"2008,2010,2011,2012,2013,2014,2015,2016,2017,2018,2019,2021,2023,2024,2025,2026"
A880,VACARIA,RS,S,-28.51361111,-50.88277777,969.89,26/04/08,"2008,2010,2011,2012,2013,2014,2015,2016,2017,2018,2019,2021,2023,2024,2025,2026"
A881,DOM PEDRITO,RS,S,-31.0025,-54.61805554,150.0,23/04/10,"2010,2011,2012,2013,2014,2015,2016,2017,2018,2019,2021,2023,2024,2025,2026"
A882,TEUTONIA,RS,S,-29.44916666,-51.82333332,81.0,04/10/12,"2012,2013,2014,2015,2016,2017,2018,2019,2021,2023,2024,2025,2026"
A883,IBIRUBA,RS,S,-28.65333333,-53.11194444,455.27,13/12/12,"2012,2013,2014,2015,2016,2017,2018,2019,2021,2023,2024,2025,2026"
A884,CAMPO BOM,RS,S,-29.67416666,-51.06416666,23.35,29/11/13,"2013,2014,2015,2016,2017,2018,2019,2021,2023,2024,2025,2026"
A886,TUPANCIRETA,RS,S,-29.08944444,-53.82666666,462.0,11/08/16,"2016,2017,2018,2019,2021,2023,2024,2025,2026"
A887,CAPAO DO LEAO (PELOTAS),RS,S,-31.8025,-52.40722222,13.0,18/07/19,"2019,2021,2023,2024,2025,2026"
A889,SAO VICENTE DO SUL,RS,S,-29.70222222,-54.69444444,134.0,06/04/16,"2016,2017,2018,2019,2021,2023,2024,2025,2026"
A893,ENCRUZILHADA DO SUL,RS,S,-30.54305555,-52.52472221,427.75,15/03/18,"2018,2019,2021,2023,2024,2025,2026"
A894,SERAFINA CORREA,RS,S,-28.70472222,-51.87083332,485.29,01/04/16,"2016,2017,2018,2019,2021,2023,2024,2025,2026"
A897,CAMBARA DO SUL,RS,S,-29.04916666,-50.14972221,1017.0,24/11/16,"2016,2017,2018,2019,2021,2023,2024,2025,2026"
A899,SANTA VITORIA DO PALMAR - BARRA DO CHUI,RS,S,-33.74222221,-53.37222221,7.41,08/03/08,"2008,2010,2011,2012,2013,2014,2015,2016,2017,2018,2019,2021,2023,2024,2025,2026"
B808,CACHOEIRINHA,RS,S,-29.95138888,-51.12416666,72.0,18/02/25,"2025,2026"
B809,SAPUCAIA DO SUL,RS,S,-29.81388888,-51.15666666,23.0,01/05/25,"2025,2026"
B810,PARQUE ELDORADO,RS,S,-30.09666666,-51.67388888,50.0,18/02/25,"2025,2026"
B811,SERTAO SANTANA,RS,S,-30.49416666,-51.66333333,116.0,14/08/25,"2025,2026"
B812,CHARQUEADAS,RS,S,-29.96555555,-51.62555554,23.0,01/05/25,"2025,2026"
B813,MINAS DO LEAO,RS,S,-30.12444443,-52.05083333,54.0,01/08/25,"2025,2026"
B814,MONTENEGRO,RS,S,-29.75861111,-51.4361111,15.0,01/08/25,"2025,2026"
B815,TAQUARI,RS,S,-29.79166666,-51.82749999,53.0,14/08/25,2026
B816,SANTA MARIA DO HERVAL,RS,S,-29.47916666,-51.01333333,650.0,21/08/25,"2025,2026"
B817,CAXIAS DO SUL - CRIUVA,RS,S,-28.87416666,-50.97555554,857.0,01/08/25,"2025,2026"
B818,CAXIAS DO SUL - AEROPORTO,RS,S,-29.1961111,-51.18638888,756.0,14/08/25,"2025,2026"
B819,ROLANTE,RS,S,-29.65583333,-50.61805554,69.0,18/08/25,"2025,2026"
B820,SAO FRANCISCO DE PAULA,RS,S,-29.44222221,-50.56027777,886.0,18/08/25,"2025,2026"
B821,SANTANA DA BOA VISTA,RS,S,-30.85861111,-53.15555555,138.0,17/09/25,"2025,2026"
B822,CACHOEIRA DO SUL,RS,S,-30.01833332,-52.93888888,73.0,17/09/25,"2025,2026"
B823,PINHEIRO MACHADO,RS,S,-31.57472221,-53.38833333,419.0,17/09/25,"2025,2026"
B824,VIAMAO,RS,S,-30.11527777,-50.92916666,65.0,17/03/26,2026
B825,PORTO ALEGRE - BELEM NOVO,RS,S,-30.1861111,-51.17833332,3.3,01/05/25,"2025,2026"
B826,HERVAL,RS,S,-32.01277777,-53.40305555,331.0,17/09/25,"2025,2026"
B827,BAGE - CENTRO,RS,S,-31.30555555,-54.01333333,226.2,01/08/25,"2025,2026"
B828,ACEGUA,RS,S,-31.87472221,-54.11972221,271.0,17/09/25,"2025,2026"
B829,SANTA VITORIA DO PALMAR (RESERVA DO TAIM),RS,S,-32.83583333,-52.6436111,2.0,17/09/25,"2025,2026"
B830,SANTA VITORIA DO PALMAR (CENTRO),RS,S,-33.53166666,-53.35027777,29.0,18/09/25,"2025,2026"
B831,SAO LOURENCO DO SUL,RS,S,-31.34055555,-52.01083333,3.0,17/09/25,2026
B832,CAPAO DA CANOA,RS,S,-29.68527777,-49.99305555,0.0,13/10/25,"2025,2026"
B833,CRUZ ALTA ( CENTRO),RS,S,-28.62583332,-53.61361111,475.0,13/10/25,2026
B834,GARRUCHOS,RS,S,-28.19694444,-55.62972221,0.0,13/10/25,2026
B835,JOIA,RS,S,-28.65027777,-54.11277777,0.0,13/10/25,2026
B836,PALMARES DO SUL,RS,S,-30.24916666,-50.50916666,4.0,13/10/25,"2025,2026"
B837,PORTO XAVIER,RS,S,-27.90277777,-55.16722221,0.0,13/10/25,2026
B838,SALTO DO JACUI,RS,S,-29.09638888,-53.2125,322.0,13/10/25,2026
B839,SANTO ANTONIO DA PATRULHA,RS,S,-29.81611111,-50.53333333,47.0,13/10/25,"2025,2026"
B840,SOBRADINHO,RS,S,-29.39833333,-53.01361111,379.0,31/10/25,2026
B841,TORRES-AEROPORTO,RS,S,-29.41361111,-49.80361111,0.0,13/10/25,"2025,2026"
B842,CARAZINHO,RS,S,-28.32333332,-52.81444444,581.0,01/12/25,2026
B843,AJURICABA,RS,S,-28.22083332,-53.6736111,416.0,02/12/25,2026
B844,SANTO ANGELO,RS,S,-28.27805554,-54.27388888,270.0,25/02/26,2026
B845,ESPERANCA DO SUL,RS,S,-27.37416666,-53.96916666,409.0,12/12/25,2026
B846,NONOAI,RS,S,-27.35861111,-52.77805554,546.0,17/12/25,2026
B847,ALEGRETE (MARONNA),RS,S,-29.82138888,-55.88722221,120.0,04/02/26,2026
B848,BARRA DO QUARAI,RS,S,-30.11166666,-57.3361111,91.0,27/01/26,2026
B849,ITACURUBI,RS,S,-28.69916666,-55.38055554,148.0,21/01/26,2026
B850,ITAQUI,RS,S,-29.15555555,-56.55555555,71.0,28/01/26,2026
B851,MACAMBARA,RS,S,-29.15527777,-56.1786111,95.0,29/04/26,2026
B852,DILERMANDO DE AGUIAR,RS,S,-29.72555554,-54.18805555,143.0,04/02/26,2026
B853,LAVRAS DO SUL,RS,S,-30.7886111,-53.89416666,390.0,30/04/26,2026
B854,FAXINAL DO SOTURNO,RS,S,-29.58749999,-53.42749999,70.0,11/03/26,2026
B856,BOM JESUS (INMET),RS,S,-28.66944443,-50.44194444,1054.0,03/03/26,2026
B857,BOM JESUS - SANTO INACIO,RS,S,-28.51388888,-50.16777777,1132.0,03/03/26,2026
B858,CASCA,RS,S,-28.56361111,-51.96916666,602.0,24/02/26,2026
B859,MUCUM,RS,S,-29.15361111,-51.86527777,197.0,24/02/26,2026
B860,RELVADO,RS,S,-29.10444444,-52.05277777,301.0,24/02/26,2026
B861,SAO JOSE DO OURO,RS,S,-27.77249999,-51.58666666,803.0,26/02/26,2026
B862,MOSTARDAS - BACUPARI,RS,S,-30.50611111,-50.41999999,20.0,09/03/26,2026
A806,FLORIANOPOLIS,SC,S,-27.6025,-48.61999999,4.87,22/01/03,"2003,2004,2005,2006,2007,2008,2010,2011,2012,2013,2014,2015,2016,2017,2018,2019,2021,2023,2024,2025,2026"
A814,URUSSANGA,SC,S,-28.53249999,-49.31527777,40.56,29/05/08,"2008,2010,2011,2012,2013,2014,2015,2016,2017,2018,2019,2021,2023,2024,2025,2026"
A815,SAO JOAQUIM,SC,S,-28.27555554,-49.93472221,1400.06,12/04/08,"2008,2010,2011,2012,2013,2014,2015,2016,2017,2018,2019,2021,2023,2024,2025,2026"
A816,NOVO HORIZONTE,SC,S,-26.40638888,-52.85027777,943.57,20/09/08,"2008,2010,2011,2012,2013,2014,2015,2016,2017,2018,2019,2021,2023,2024,2025,2026"
A817,INDAIAL,SC,S,-26.91361111,-49.26805554,72.24,02/07/06,"2006,2007,2008,2010,2011,2012,2013,2014,2015,2016,2017,2018,2019,2021,2023,2024,2025,2026"
A841,JOACABA,SC,S,-27.16916666,-51.55888888,767.63,20/09/07,"2007,2008,2010,2011,2012,2013,2014,2015,2016,2017,2018,2019,2021,2023,2024,2025,2026"
A845,BOM JARDIM DA SERRA - MORRO DA IGREJA,SC,S,-28.12694443,-49.47972221,1790.38,17/06/07,"2007,2008,2010,2011,2012,2013,2014,2015,2016,2017,2018,2019,2021,2023,2024,2025,2026"
A848,DIONISIO CERQUEIRA,SC,S,-26.286562,-53.633114,807.54,31/05/08,"2008,2010,2011,2012,2013,2014,2015,2016,2017,2018,2019,2021,2023,2024,2025,2026"
A851,ITAPOA,SC,S,-26.08138888,-48.64166666,6.18,06/06/07,"2007,2008,2010,2011,2012,2013,2014,2015,2016,2017,2018,2019,2021,2023,2024,2025,2026"
A857,SAO MIGUEL DO OESTE,SC,S,-26.78638888,-53.51416666,647.0,12/03/08,"2008,2010,2011,2012,2013,2014,2015,2016,2017,2018,2019,2021,2023,2024,2025,2026"
A858,XANXERE,SC,S,-26.9386111,-52.39805555,878.74,15/03/08,"2008,2010,2011,2012,2013,2014,2015,2016,2017,2018,2019,2021,2023,2024,2025,2026"
A859,CACADOR,SC,S,-26.81916666,-50.98555555,944.26,19/03/08,"2008,2010,2011,2012,2013,2014,2015,2016,2017,2018,2019,2021,2023,2024,2025,2026"
A860,CURITIBANOS,SC,S,-27.2886111,-50.60416666,978.1,28/02/08,"2008,2010,2011,2012,2013,2014,2015,2016,2017,2018,2019,2021,2023,2024,2025,2026"
A861,RIO DO CAMPO,SC,S,-26.93749999,-50.14555555,591.67,10/03/08,"2008,2010,2011,2012,2013,2014,2015,2016,2017,2018,2019,2021,2023,2024,2025,2026"
A862,RIO NEGRINHO,SC,S,-26.2486111,-49.57416666,856.0,22/03/08,"2008,2010,2011,2012,2013,2014,2015,2016,2017,2018,2019,2021,2023,2024,2025,2026"
A863,ITUPORANGA,SC,S,-27.41833332,-49.64694444,479.79,04/03/08,"2008,2010,2011,2012,2013,2014,2015,2016,2017,2018,2019,2021,2023,2024,2025,2026"
A864,MAJOR VIEIRA,SC,S,-26.3936111,-50.36333333,799.58,09/02/09,"2010,2011,2012,2013,2014,2015,2016,2017,2018,2019,2021,2023,2024,2025,2026"
A865,LAGES,SC,S,-27.80222222,-50.33555555,952.7,06/11/14,"2014,2015,2016,2017,2018,2019,2021,2023,2024,2025,2026"
A866,Laguna  - Farol de Santa Marta,SC,S,-28.60444444,-48.81333333,34.36,01/06/08,"2008,2010,2011,2012,2013,2014,2015,2016,2017,2018,2019,2021,2023,2024,2025,2026"
A867,ARARANGUA,SC,S,-28.931353,-49.49792,2.0,28/09/08,"2008,2010,2011,2012,2013,2014,2015,2016,2017,2018,2019,2021,2023,2024,2025,2026"
A868,ITAJAI,SC,S,-26.95083333,-48.76194444,9.76,24/06/10,"2010,2011,2012,2013,2014,2015,2016,2017,2018,2019,2021,2023,2024,2025,2026"
A870,RANCHO QUEIMADO,SC,S,-27.6786111,-49.04194444,881.0,31/05/16,"2016,2017,2018,2019,2021,2023,2024,2025,2026"
A895,CHAPECO,SC,S,-27.08527777,-52.63583333,679.0,19/02/19,"2019,2021,2023,2024,2025,2026"
A898,CAMPOS NOVOS,SC,S,-27.3886111,-51.21583333,963.0,15/02/19,"2019,2021,2023,2024,2025,2026"
