ANO_SEMANA,ANO_EPI,SEMANA_EPI,NOTIFICACOES,CLUSTER,CLUSTER_LABEL
200001,2000,1,4813,1,perfil_basal
200002,2000,2,4063,1,perfil_basal
200003,2000,3,3603,1,perfil_basal
200004,2000,4,4150,0,perfil_intermediario
200005,2000,5,4855,1,perfil_basal
200006,2000,6,5804,1,perfil_basal
200007,2000,7,6797,1,perfil_basal
200008,2000,8,7209,1,perfil_basal
200009,2000,9,6766,1,perfil_basal
200010,2000,10,7049,1,perfil_basal
200011,2000,11,7784,1,perfil_basal
200012,2000,12,7991,1,perfil_basal
200013,2000,13,7757,1,perfil_basal
200014,2000,14,7609,1,perfil_basal
200015,2000,15,6955,1,perfil_basal
200016,2000,16,5938,1,perfil_basal
200017,2000,17,6056,1,perfil_basal
200018,2000,18,6467,1,perfil_basal
200019,2000,19,5780,1,perfil_basal
200020,2000,20,5333,1,perfil_basal
200021,2000,21,3874,1,perfil_basal
200022,2000,22,3319,1,perfil_basal
200023,2000,23,3140,1,perfil_basal
200024,2000,24,2448,1,perfil_basal
200025,2000,25,2078,1,perfil_basal
200026,2000,26,2139,1,perfil_basal
200027,2000,27,1997,1,perfil_basal
200028,2000,28,1682,1,perfil_basal
200029,2000,29,1391,1,perfil_basal
200030,2000,30,1276,1,perfil_basal
200031,2000,31,1357,1,perfil_basal
200032,2000,32,1254,1,perfil_basal
200033,2000,33,1244,1,perfil_basal
200034,2000,34,1252,1,perfil_basal
200035,2000,35,976,1,perfil_basal
200036,2000,36,852,1,perfil_basal
200037,2000,37,916,1,perfil_basal
200038,2000,38,760,1,perfil_basal
200039,2000,39,691,1,perfil_basal
200040,2000,40,840,1,perfil_basal
200041,2000,41,965,1,perfil_basal
200042,2000,42,1220,1,perfil_basal
200043,2000,43,1232,1,perfil_basal
200044,2000,44,1266,1,perfil_basal
200045,2000,45,1500,1,perfil_basal
200046,2000,46,1644,1,perfil_basal
200047,2000,47,2082,1,perfil_basal
200048,2000,48,2026,1,perfil_basal
200049,2000,49,1786,1,perfil_basal
200050,2000,50,1719,1,perfil_basal
200051,2000,51,1529,1,perfil_basal
200052,2000,52,1391,1,perfil_basal
200053,2000,53,18,1,perfil_basal
200101,2001,1,6085,1,perfil_basal
200102,2001,2,6914,1,perfil_basal
200103,2001,3,9869,1,perfil_basal
200104,2001,4,11293,1,perfil_basal
200105,2001,5,12967,1,perfil_basal
200106,2001,6,15030,1,perfil_basal
200107,2001,7,14665,1,perfil_basal
200108,2001,8,11950,1,perfil_basal
200109,2001,9,13993,1,perfil_basal
200110,2001,10,16771,1,perfil_basal
200111,2001,11,17632,1,perfil_basal
200112,2001,12,18898,1,perfil_basal
200113,2001,13,18883,1,perfil_basal
200114,2001,14,22471,1,perfil_basal
200115,2001,15,20736,1,perfil_basal
200116,2001,16,24333,1,perfil_basal
200117,2001,17,24169,1,perfil_basal
200118,2001,18,25884,1,perfil_basal
200119,2001,19,23985,1,perfil_basal
200120,2001,20,66,1,perfil_basal
200121,2001,21,16130,1,perfil_basal
200122,2001,22,13952,1,perfil_basal
200123,2001,23,12850,1,perfil_basal
200124,2001,24,9493,1,perfil_basal
200125,2001,25,8253,1,perfil_basal
200126,2001,26,6510,1,perfil_basal
200127,2001,27,5856,1,perfil_basal
200128,2001,28,5137,1,perfil_basal
200129,2001,29,4675,1,perfil_basal
200130,2001,30,4185,1,perfil_basal
200131,2001,31,3870,1,perfil_basal
200132,2001,32,3424,1,perfil_basal
200133,2001,33,3318,1,perfil_basal
200134,2001,34,3090,1,perfil_basal
200135,2001,35,2772,1,perfil_basal
200136,2001,36,2409,1,perfil_basal
200137,2001,37,2641,1,perfil_basal
200138,2001,38,2411,1,perfil_basal
200139,2001,39,2252,1,perfil_basal
200140,2001,40,2646,1,perfil_basal
200141,2001,41,2387,1,perfil_basal
200142,2001,42,2878,1,perfil_basal
200143,2001,43,2955,1,perfil_basal
200144,2001,44,2623,1,perfil_basal
200145,2001,45,3229,1,perfil_basal
200146,2001,46,2912,1,perfil_basal
200147,2001,47,3843,1,perfil_basal
200148,2001,48,3914,1,perfil_basal
200149,2001,49,3944,1,perfil_basal
200150,2001,50,4274,1,perfil_basal
200151,2001,51,3628,1,perfil_basal
200152,2001,52,4266,1,perfil_basal
200153,2001,53,11,1,perfil_basal
200201,2002,1,10011,1,perfil_basal
200202,2002,2,14928,1,perfil_basal
200203,2002,3,25762,1,perfil_basal
200204,2002,4,36443,1,perfil_basal
200205,2002,5,44583,1,perfil_basal
200206,2002,6,46103,1,perfil_basal
200207,2002,7,52875,1,perfil_basal
200208,2002,8,72605,1,perfil_basal
200209,2002,9,77839,1,perfil_basal
200210,2002,10,75247,1,perfil_basal
200211,2002,11,69188,1,perfil_basal
200212,2002,12,57179,1,perfil_basal
200213,2002,13,41979,1,perfil_basal
200214,2002,14,40468,1,perfil_basal
200215,2002,15,31440,1,perfil_basal
200216,2002,16,26235,1,perfil_basal
200217,2002,17,20473,1,perfil_basal
200218,2002,18,15944,1,perfil_basal
200219,2002,19,14290,1,perfil_basal
200220,2002,20,119,1,perfil_basal
200221,2002,21,9318,1,perfil_basal
200222,2002,22,6489,1,perfil_basal
200223,2002,23,6268,0,perfil_intermediario
200224,2002,24,5263,1,perfil_basal
200225,2002,25,4156,1,perfil_basal
200226,2002,26,3328,1,perfil_basal
200227,2002,27,3363,1,perfil_basal
200228,2002,28,2991,1,perfil_basal
200229,2002,29,2945,1,perfil_basal
200230,2002,30,2634,1,perfil_basal
200231,2002,31,2779,1,perfil_basal
200232,2002,32,2769,1,perfil_basal
200233,2002,33,2602,1,perfil_basal
200234,2002,34,2456,1,perfil_basal
200235,2002,35,2099,1,perfil_basal
200236,2002,36,2165,1,perfil_basal
200237,2002,37,2192,1,perfil_basal
200238,2002,38,1901,1,perfil_basal
200239,2002,39,1677,1,perfil_basal
200240,2002,40,2003,1,perfil_basal
200241,2002,41,2083,1,perfil_basal
200242,2002,42,2055,1,perfil_basal
200243,2002,43,2029,1,perfil_basal
200244,2002,44,2374,1,perfil_basal
200245,2002,45,2597,1,perfil_basal
200246,2002,46,3226,1,perfil_basal
200247,2002,47,4023,1,perfil_basal
200248,2002,48,4337,1,perfil_basal
200249,2002,49,4445,1,perfil_basal
200250,2002,50,3735,1,perfil_basal
200251,2002,51,3253,1,perfil_basal
200252,2002,52,2966,1,perfil_basal
200301,2003,1,5129,1,perfil_basal
200302,2003,2,7058,1,perfil_basal
200303,2003,3,8451,1,perfil_basal
200304,2003,4,10693,1,perfil_basal
200305,2003,5,13129,1,perfil_basal
200306,2003,6,16005,1,perfil_basal
200307,2003,7,18285,1,perfil_basal
200308,2003,8,19379,1,perfil_basal
200309,2003,9,17732,1,perfil_basal
200310,2003,10,19720,1,perfil_basal
200311,2003,11,23848,1,perfil_basal
200312,2003,12,23227,1,perfil_basal
200313,2003,13,21327,1,perfil_basal
200314,2003,14,20410,1,perfil_basal
200315,2003,15,17554,1,perfil_basal
200316,2003,16,13961,1,perfil_basal
200317,2003,17,14949,1,perfil_basal
200318,2003,18,13244,1,perfil_basal
200319,2003,19,12854,1,perfil_basal
200320,2003,20,64,1,perfil_basal
200321,2003,21,10513,1,perfil_basal
200322,2003,22,8945,1,perfil_basal
200323,2003,23,8168,1,perfil_basal
200324,2003,24,6520,1,perfil_basal
200325,2003,25,5478,1,perfil_basal
200326,2003,26,4807,1,perfil_basal
200327,2003,27,4302,1,perfil_basal
200328,2003,28,3479,1,perfil_basal
200329,2003,29,3280,1,perfil_basal
200330,2003,30,3026,1,perfil_basal
200331,2003,31,2692,1,perfil_basal
200332,2003,32,2682,1,perfil_basal
200333,2003,33,2424,1,perfil_basal
200334,2003,34,2252,1,perfil_basal
200335,2003,35,1982,1,perfil_basal
200336,2003,36,2004,1,perfil_basal
200337,2003,37,1970,1,perfil_basal
200338,2003,38,2085,1,perfil_basal
200339,2003,39,1697,1,perfil_basal
200340,2003,40,1647,1,perfil_basal
200341,2003,41,1763,1,perfil_basal
200342,2003,42,1510,1,perfil_basal
200343,2003,43,1469,1,perfil_basal
200344,2003,44,1645,1,perfil_basal
200345,2003,45,1835,1,perfil_basal
200346,2003,46,2082,1,perfil_basal
200347,2003,47,2402,1,perfil_basal
200348,2003,48,2650,1,perfil_basal
200349,2003,49,2730,1,perfil_basal
200350,2003,50,2560,1,perfil_basal
200351,2003,51,2106,1,perfil_basal
200352,2003,52,1628,1,perfil_basal
200353,2003,53,2214,1,perfil_basal
200401,2004,1,3260,1,perfil_basal
200402,2004,2,3325,1,perfil_basal
200403,2004,3,3792,1,perfil_basal
200404,2004,4,3968,1,perfil_basal
200405,2004,5,4877,1,perfil_basal
200406,2004,6,5526,1,perfil_basal
200407,2004,7,4767,1,perfil_basal
200408,2004,8,4923,1,perfil_basal
200409,2004,9,6127,1,perfil_basal
200410,2004,10,6461,1,perfil_basal
200411,2004,11,6523,1,perfil_basal
200412,2004,12,5312,1,perfil_basal
200413,2004,13,4274,1,perfil_basal
200414,2004,14,3681,1,perfil_basal
200415,2004,15,3996,1,perfil_basal
200416,2004,16,3628,1,perfil_basal
200417,2004,17,3439,1,perfil_basal
200418,2004,18,3137,1,perfil_basal
200419,2004,19,3152,1,perfil_basal
200420,2004,20,28,1,perfil_basal
200421,2004,21,2228,1,perfil_basal
200422,2004,22,1982,1,perfil_basal
200423,2004,23,1655,1,perfil_basal
200424,2004,24,1585,1,perfil_basal
200425,2004,25,1369,1,perfil_basal
200426,2004,26,1390,1,perfil_basal
200427,2004,27,1288,1,perfil_basal
200428,2004,28,1213,1,perfil_basal
200429,2004,29,1110,1,perfil_basal
200430,2004,30,999,1,perfil_basal
200431,2004,31,1262,1,perfil_basal
200432,2004,32,1122,1,perfil_basal
200433,2004,33,1145,1,perfil_basal
200434,2004,34,1014,1,perfil_basal
200435,2004,35,936,1,perfil_basal
200436,2004,36,1009,1,perfil_basal
200437,2004,37,1116,1,perfil_basal
200438,2004,38,978,1,perfil_basal
200439,2004,39,904,1,perfil_basal
200440,2004,40,958,1,perfil_basal
200441,2004,41,1152,1,perfil_basal
200442,2004,42,1287,1,perfil_basal
200443,2004,43,1185,1,perfil_basal
200444,2004,44,1605,1,perfil_basal
200445,2004,45,2121,1,perfil_basal
200446,2004,46,2672,1,perfil_basal
200447,2004,47,2536,1,perfil_basal
200448,2004,48,2632,1,perfil_basal
200449,2004,49,2409,0,perfil_intermediario
200450,2004,50,2214,1,perfil_basal
200451,2004,51,2050,1,perfil_basal
200452,2004,52,2428,1,perfil_basal
200453,2004,53,1,1,perfil_basal
200501,2005,1,3179,1,perfil_basal
200502,2005,2,3795,1,perfil_basal
200503,2005,3,4284,1,perfil_basal
200504,2005,4,4417,1,perfil_basal
200505,2005,5,4663,1,perfil_basal
200506,2005,6,5392,1,perfil_basal
200507,2005,7,6424,1,perfil_basal
200508,2005,8,6977,1,perfil_basal
200509,2005,9,8077,1,perfil_basal
200510,2005,10,8882,1,perfil_basal
200511,2005,11,8753,1,perfil_basal
200512,2005,12,8205,1,perfil_basal
200513,2005,13,9321,1,perfil_basal
200514,2005,14,9842,1,perfil_basal
200515,2005,15,9876,1,perfil_basal
200516,2005,16,9277,1,perfil_basal
200517,2005,17,8826,1,perfil_basal
200518,2005,18,9247,1,perfil_basal
200519,2005,19,8915,1,perfil_basal
200520,2005,20,174,1,perfil_basal
200521,2005,21,6414,1,perfil_basal
200522,2005,22,6540,1,perfil_basal
200523,2005,23,5954,1,perfil_basal
200524,2005,24,5581,1,perfil_basal
200525,2005,25,5564,1,perfil_basal
200526,2005,26,5377,1,perfil_basal
200527,2005,27,5145,1,perfil_basal
200528,2005,28,4998,1,perfil_basal
200529,2005,29,4703,1,perfil_basal
200530,2005,30,4169,1,perfil_basal
200531,2005,31,4186,1,perfil_basal
200532,2005,32,3787,1,perfil_basal
200533,2005,33,3320,1,perfil_basal
200534,2005,34,3420,1,perfil_basal
200535,2005,35,2793,1,perfil_basal
200536,2005,36,2574,0,perfil_intermediario
200537,2005,37,2336,1,perfil_basal
200538,2005,38,2063,1,perfil_basal
200539,2005,39,1792,1,perfil_basal
200540,2005,40,1803,1,perfil_basal
200541,2005,41,1907,1,perfil_basal
200542,2005,42,1750,1,perfil_basal
200543,2005,43,1698,1,perfil_basal
200544,2005,44,2120,1,perfil_basal
200545,2005,45,2193,1,perfil_basal
200546,2005,46,2614,1,perfil_basal
200547,2005,47,2887,1,perfil_basal
200548,2005,48,2844,1,perfil_basal
200549,2005,49,2853,1,perfil_basal
200550,2005,50,2869,1,perfil_basal
200551,2005,51,2790,1,perfil_basal
200552,2005,52,3287,1,perfil_basal
200601,2006,1,5159,1,perfil_basal
200602,2006,2,6827,1,perfil_basal
200603,2006,3,8612,1,perfil_basal
200604,2006,4,9124,1,perfil_basal
200605,2006,5,11118,1,perfil_basal
200606,2006,6,11183,1,perfil_basal
200607,2006,7,10694,1,perfil_basal
200608,2006,8,9260,0,perfil_intermediario
200609,2006,9,11246,1,perfil_basal
200610,2006,10,14817,1,perfil_basal
200611,2006,11,17214,1,perfil_basal
200612,2006,12,19402,1,perfil_basal
200613,2006,13,21121,1,perfil_basal
200614,2006,14,21057,1,perfil_basal
200615,2006,15,19749,1,perfil_basal
200616,2006,16,21156,1,perfil_basal
200617,2006,17,18191,1,perfil_basal
200618,2006,18,18489,1,perfil_basal
200619,2006,19,14917,1,perfil_basal
200620,2006,20,411,1,perfil_basal
200621,2006,21,10127,1,perfil_basal
200622,2006,22,9361,1,perfil_basal
200623,2006,23,7799,1,perfil_basal
200624,2006,24,6204,0,perfil_intermediario
200625,2006,25,5802,1,perfil_basal
200626,2006,26,4941,1,perfil_basal
200627,2006,27,4576,1,perfil_basal
200628,2006,28,4194,1,perfil_basal
200629,2006,29,3861,1,perfil_basal
200630,2006,30,3200,1,perfil_basal
200631,2006,31,3398,1,perfil_basal
200632,2006,32,2996,1,perfil_basal
200633,2006,33,2665,1,perfil_basal
200634,2006,34,2634,1,perfil_basal
200635,2006,35,2007,1,perfil_basal
200636,2006,36,1670,1,perfil_basal
200637,2006,37,1901,1,perfil_basal
200638,2006,38,1767,1,perfil_basal
200639,2006,39,1588,1,perfil_basal
200640,2006,40,1698,1,perfil_basal
200641,2006,41,1782,1,perfil_basal
200642,2006,42,2080,1,perfil_basal
200643,2006,43,2036,1,perfil_basal
200644,2006,44,2251,1,perfil_basal
200645,2006,45,2658,1,perfil_basal
200646,2006,46,3373,1,perfil_basal
200647,2006,47,3806,1,perfil_basal
200648,2006,48,4055,1,perfil_basal
200649,2006,49,4024,1,perfil_basal
200650,2006,50,4189,1,perfil_basal
200651,2006,51,3781,1,perfil_basal
200652,2006,52,4253,1,perfil_basal
200701,2007,1,7494,1,perfil_basal
200702,2007,2,9900,1,perfil_basal
200703,2007,3,13970,1,perfil_basal
200704,2007,4,16294,1,perfil_basal
200705,2007,5,20680,1,perfil_basal
200706,2007,6,22916,1,perfil_basal
200707,2007,7,21164,1,perfil_basal
200708,2007,8,22813,1,perfil_basal
200709,2007,9,29641,1,perfil_basal
200710,2007,10,33168,1,perfil_basal
200711,2007,11,34260,1,perfil_basal
200712,2007,12,38025,1,perfil_basal
200713,2007,13,35209,1,perfil_basal
200714,2007,14,34604,1,perfil_basal
200715,2007,15,39505,1,perfil_basal
200716,2007,16,36937,1,perfil_basal
200717,2007,17,29555,1,perfil_basal
200718,2007,18,27948,1,perfil_basal
200719,2007,19,24935,1,perfil_basal
200720,2007,20,20366,1,perfil_basal
200721,2007,21,16687,1,perfil_basal
200722,2007,22,13108,1,perfil_basal
200723,2007,23,10757,1,perfil_basal
200724,2007,24,11163,1,perfil_basal
200725,2007,25,8986,1,perfil_basal
200726,2007,26,7080,1,perfil_basal
200727,2007,27,6732,1,perfil_basal
200728,2007,28,6576,1,perfil_basal
200729,2007,29,6523,1,perfil_basal
200730,2007,30,5122,1,perfil_basal
200731,2007,31,4705,1,perfil_basal
200732,2007,32,4287,1,perfil_basal
200733,2007,33,3712,1,perfil_basal
200734,2007,34,3527,1,perfil_basal
200735,2007,35,3120,1,perfil_basal
200736,2007,36,2993,1,perfil_basal
200737,2007,37,3466,1,perfil_basal
200738,2007,38,3127,1,perfil_basal
200739,2007,39,2993,1,perfil_basal
200740,2007,40,3374,1,perfil_basal
200741,2007,41,3907,1,perfil_basal
200742,2007,42,4987,1,perfil_basal
200743,2007,43,4800,1,perfil_basal
200744,2007,44,4769,1,perfil_basal
200745,2007,45,5364,1,perfil_basal
200746,2007,46,5345,1,perfil_basal
200747,2007,47,7209,1,perfil_basal
200748,2007,48,7447,1,perfil_basal
200749,2007,49,7531,1,perfil_basal
200750,2007,50,7598,1,perfil_basal
200751,2007,51,6134,1,perfil_basal
200752,2007,52,6483,1,perfil_basal
200801,2008,1,11067,1,perfil_basal
200802,2008,2,13631,1,perfil_basal
200803,2008,3,15412,1,perfil_basal
200804,2008,4,15675,1,perfil_basal
200805,2008,5,13132,1,perfil_basal
200806,2008,6,15702,1,perfil_basal
200807,2008,7,20720,1,perfil_basal
200808,2008,8,22214,1,perfil_basal
200809,2008,9,25865,1,perfil_basal
200810,2008,10,29743,1,perfil_basal
200811,2008,11,35522,1,perfil_basal
200812,2008,12,43865,1,perfil_basal
200813,2008,13,74454,1,perfil_basal
200814,2008,14,88454,1,perfil_basal
200815,2008,15,82540,1,perfil_basal
200816,2008,16,70486,1,perfil_basal
200817,2008,17,60232,1,perfil_basal
200818,2008,18,46423,1,perfil_basal
200819,2008,19,39682,1,perfil_basal
200820,2008,20,30183,1,perfil_basal
200821,2008,21,22586,1,perfil_basal
200822,2008,22,18904,1,perfil_basal
200823,2008,23,14913,1,perfil_basal
200824,2008,24,11487,1,perfil_basal
200825,2008,25,8605,1,perfil_basal
200826,2008,26,5734,1,perfil_basal
200827,2008,27,5215,1,perfil_basal
200828,2008,28,3932,1,perfil_basal
200829,2008,29,3308,1,perfil_basal
200830,2008,30,3180,1,perfil_basal
200831,2008,31,2632,1,perfil_basal
200832,2008,32,2464,1,perfil_basal
200833,2008,33,2460,1,perfil_basal
200834,2008,34,2368,1,perfil_basal
200835,2008,35,2055,1,perfil_basal
200836,2008,36,2067,1,perfil_basal
200837,2008,37,1952,1,perfil_basal
200838,2008,38,1750,1,perfil_basal
200839,2008,39,1552,1,perfil_basal
200840,2008,40,1781,1,perfil_basal
200841,2008,41,2058,1,perfil_basal
200842,2008,42,2396,1,perfil_basal
200843,2008,43,2525,1,perfil_basal
200844,2008,44,2768,1,perfil_basal
200845,2008,45,2931,1,perfil_basal
200846,2008,46,3268,1,perfil_basal
200847,2008,47,3749,1,perfil_basal
200848,2008,48,3754,1,perfil_basal
200849,2008,49,4313,1,perfil_basal
200850,2008,50,4284,1,perfil_basal
200851,2008,51,4207,1,perfil_basal
200852,2008,52,3635,1,perfil_basal
200853,2008,53,5122,1,perfil_basal
200901,2009,1,8073,1,perfil_basal
200902,2009,2,9397,1,perfil_basal
200903,2009,3,11395,1,perfil_basal
200904,2009,4,12986,1,perfil_basal
200905,2009,5,16637,1,perfil_basal
200906,2009,6,19378,1,perfil_basal
200907,2009,7,19245,1,perfil_basal
200908,2009,8,20775,1,perfil_basal
200909,2009,9,27899,1,perfil_basal
200910,2009,10,30952,1,perfil_basal
200911,2009,11,33357,1,perfil_basal
200912,2009,12,31163,1,perfil_basal
200913,2009,13,27961,1,perfil_basal
200914,2009,14,24451,1,perfil_basal
200915,2009,15,25487,1,perfil_basal
200916,2009,16,22716,1,perfil_basal
200917,2009,17,19342,1,perfil_basal
200918,2009,18,18816,1,perfil_basal
200919,2009,19,17943,1,perfil_basal
200920,2009,20,15169,1,perfil_basal
200921,2009,21,11725,1,perfil_basal
200922,2009,22,9207,1,perfil_basal
200923,2009,23,6989,1,perfil_basal
200924,2009,24,6676,1,perfil_basal
200925,2009,25,5384,1,perfil_basal
200926,2009,26,5116,1,perfil_basal
200927,2009,27,4609,1,perfil_basal
200928,2009,28,3942,1,perfil_basal
200929,2009,29,3531,1,perfil_basal
200930,2009,30,3414,1,perfil_basal
200931,2009,31,3304,1,perfil_basal
200932,2009,32,3206,1,perfil_basal
200933,2009,33,2837,1,perfil_basal
200934,2009,34,2570,1,perfil_basal
200935,2009,35,2272,1,perfil_basal
200936,2009,36,2270,1,perfil_basal
200937,2009,37,2282,1,perfil_basal
200938,2009,38,2343,1,perfil_basal
200939,2009,39,2551,1,perfil_basal
200940,2009,40,2547,1,perfil_basal
200941,2009,41,2841,1,perfil_basal
200942,2009,42,3581,1,perfil_basal
200943,2009,43,3710,1,perfil_basal
200944,2009,44,5480,1,perfil_basal
200945,2009,45,6984,1,perfil_basal
200946,2009,46,8621,1,perfil_basal
200947,2009,47,10342,1,perfil_basal
200948,2009,48,12179,1,perfil_basal
200949,2009,49,13185,1,perfil_basal
200950,2009,50,13121,1,perfil_basal
200951,2009,51,12635,1,perfil_basal
200952,2009,52,17154,1,perfil_basal
201001,2010,1,25568,1,perfil_basal
201002,2010,2,29957,1,perfil_basal
201003,2010,3,33086,1,perfil_basal
201004,2010,4,37538,1,perfil_basal
201005,2010,5,42280,1,perfil_basal
201006,2010,6,43834,1,perfil_basal
201007,2010,7,50027,1,perfil_basal
201008,2010,8,56285,1,perfil_basal
201009,2010,9,63107,1,perfil_basal
201010,2010,10,62473,1,perfil_basal
201011,2010,11,67705,1,perfil_basal
201012,2010,12,65425,1,perfil_basal
201013,2010,13,63675,1,perfil_basal
201014,2010,14,67794,1,perfil_basal
201015,2010,15,55899,1,perfil_basal
201016,2010,16,53788,1,perfil_basal
201017,2010,17,59246,1,perfil_basal
201018,2010,18,54888,1,perfil_basal
201019,2010,19,44446,1,perfil_basal
201020,2010,20,35471,1,perfil_basal
201021,2010,21,29068,1,perfil_basal
201022,2010,22,24319,1,perfil_basal
201023,2010,23,20812,1,perfil_basal
201024,2010,24,16611,1,perfil_basal
201025,2010,25,13921,1,perfil_basal
201026,2010,26,14042,1,perfil_basal
201027,2010,27,12943,1,perfil_basal
201028,2010,28,11664,1,perfil_basal
201029,2010,29,11162,1,perfil_basal
201030,2010,30,9992,1,perfil_basal
201031,2010,31,9653,1,perfil_basal
201032,2010,32,9686,1,perfil_basal
201033,2010,33,8783,1,perfil_basal
201034,2010,34,8279,1,perfil_basal
201035,2010,35,7697,1,perfil_basal
201036,2010,36,7666,1,perfil_basal
201037,2010,37,7446,1,perfil_basal
201038,2010,38,7166,1,perfil_basal
201039,2010,39,6731,1,perfil_basal
201040,2010,40,6318,1,perfil_basal
201041,2010,41,6450,1,perfil_basal
201042,2010,42,6545,1,perfil_basal
201043,2010,43,5936,1,perfil_basal
201044,2010,44,7194,1,perfil_basal
201045,2010,45,8076,1,perfil_basal
201046,2010,46,9753,1,perfil_basal
201047,2010,47,10446,1,perfil_basal
201048,2010,48,11914,1,perfil_basal
201049,2010,49,13531,1,perfil_basal
201050,2010,50,12877,1,perfil_basal
201051,2010,51,11926,1,perfil_basal
201052,2010,52,13285,1,perfil_basal
201101,2011,1,19233,1,perfil_basal
201102,2011,2,21868,1,perfil_basal
201103,2011,3,24906,1,perfil_basal
201104,2011,4,28386,1,perfil_basal
201105,2011,5,33004,1,perfil_basal
201106,2011,6,38250,1,perfil_basal
201107,2011,7,41746,1,perfil_basal
201108,2011,8,43098,1,perfil_basal
201109,2011,9,41133,1,perfil_basal
201110,2011,10,42045,1,perfil_basal
201111,2011,11,52027,1,perfil_basal
201112,2011,12,59825,1,perfil_basal
201113,2011,13,59131,1,perfil_basal
201114,2011,14,63626,1,perfil_basal
201115,2011,15,56869,1,perfil_basal
201116,2011,16,48255,1,perfil_basal
201117,2011,17,51698,1,perfil_basal
201118,2011,18,46668,1,perfil_basal
201119,2011,19,43462,1,perfil_basal
201120,2011,20,36268,1,perfil_basal
201121,2011,21,27752,1,perfil_basal
201122,2011,22,22957,1,perfil_basal
201123,2011,23,17589,1,perfil_basal
201124,2011,24,13719,1,perfil_basal
201125,2011,25,10400,1,perfil_basal
201126,2011,26,9555,1,perfil_basal
201127,2011,27,8089,1,perfil_basal
201128,2011,28,7556,1,perfil_basal
201129,2011,29,6851,1,perfil_basal
201130,2011,30,6338,1,perfil_basal
201131,2011,31,6103,1,perfil_basal
201132,2011,32,6199,1,perfil_basal
201133,2011,33,5629,1,perfil_basal
201134,2011,34,5004,1,perfil_basal
201135,2011,35,4928,1,perfil_basal
201136,2011,36,5142,1,perfil_basal
201137,2011,37,5414,1,perfil_basal
201138,2011,38,5710,1,perfil_basal
201139,2011,39,6338,1,perfil_basal
201140,2011,40,6151,1,perfil_basal
201141,2011,41,6301,1,perfil_basal
201142,2011,42,6759,1,perfil_basal
201143,2011,43,6880,1,perfil_basal
201144,2011,44,7069,1,perfil_basal
201145,2011,45,7463,1,perfil_basal
201146,2011,46,7935,1,perfil_basal
201147,2011,47,9087,1,perfil_basal
201148,2011,48,9547,1,perfil_basal
201149,2011,49,10654,1,perfil_basal
201150,2011,50,11483,1,perfil_basal
201151,2011,51,10321,1,perfil_basal
201152,2011,52,9929,1,perfil_basal
201201,2012,1,15538,1,perfil_basal
201202,2012,2,16146,1,perfil_basal
201203,2012,3,17503,1,perfil_basal
201204,2012,4,17840,1,perfil_basal
201205,2012,5,19864,1,perfil_basal
201206,2012,6,21671,1,perfil_basal
201207,2012,7,20222,1,perfil_basal
201208,2012,8,22846,1,perfil_basal
201209,2012,9,28847,1,perfil_basal
201210,2012,10,31415,1,perfil_basal
201211,2012,11,33342,1,perfil_basal
201212,2012,12,36786,1,perfil_basal
201213,2012,13,34960,1,perfil_basal
201214,2012,14,35449,1,perfil_basal
201215,2012,15,43951,1,perfil_basal
201216,2012,16,47895,1,perfil_basal
201217,2012,17,45832,1,perfil_basal
201218,2012,18,46012,1,perfil_basal
201219,2012,19,45817,1,perfil_basal
201220,2012,20,41763,1,perfil_basal
201221,2012,21,35308,1,perfil_basal
201222,2012,22,28522,1,perfil_basal
201223,2012,23,21964,1,perfil_basal
201224,2012,24,21060,1,perfil_basal
201225,2012,25,17121,1,perfil_basal
201226,2012,26,14130,1,perfil_basal
201227,2012,27,12409,1,perfil_basal
201228,2012,28,10217,1,perfil_basal
201229,2012,29,9016,1,perfil_basal
201230,2012,30,8087,1,perfil_basal
201231,2012,31,8044,1,perfil_basal
201232,2012,32,7119,1,perfil_basal
201233,2012,33,6606,1,perfil_basal
201234,2012,34,5965,1,perfil_basal
201235,2012,35,5210,1,perfil_basal
201236,2012,36,4709,1,perfil_basal
201237,2012,37,5271,1,perfil_basal
201238,2012,38,4836,1,perfil_basal
201239,2012,39,4148,1,perfil_basal
201240,2012,40,4743,1,perfil_basal
201241,2012,41,4206,1,perfil_basal
201242,2012,42,4935,1,perfil_basal
201243,2012,43,4983,1,perfil_basal
201244,2012,44,5077,1,perfil_basal
201245,2012,45,5622,1,perfil_basal
201246,2012,46,5442,1,perfil_basal
201247,2012,47,7164,1,perfil_basal
201248,2012,48,7780,1,perfil_basal
201249,2012,49,8869,1,perfil_basal
201250,2012,50,10309,1,perfil_basal
201251,2012,51,10453,1,perfil_basal
201252,2012,52,15041,1,perfil_basal
201301,2013,1,26242,1,perfil_basal
201302,2013,2,37511,1,perfil_basal
201303,2013,3,45171,1,perfil_basal
201304,2013,4,53071,1,perfil_basal
201305,2013,5,59535,1,perfil_basal
201306,2013,6,57807,1,perfil_basal
201307,2013,7,67881,1,perfil_basal
201308,2013,8,92341,1,perfil_basal
201309,2013,9,111773,1,perfil_basal
201310,2013,10,119788,1,perfil_basal
201311,2013,11,136937,1,perfil_basal
201312,2013,12,136232,1,perfil_basal
201313,2013,13,116897,1,perfil_basal
201314,2013,14,137253,1,perfil_basal
201315,2013,15,137522,1,perfil_basal
201316,2013,16,120927,1,perfil_basal
201317,2013,17,86297,1,perfil_basal
201318,2013,18,64685,1,perfil_basal
201319,2013,19,56961,1,perfil_basal
201320,2013,20,49614,0,perfil_intermediario
201321,2013,21,38046,1,perfil_basal
201322,2013,22,25597,1,perfil_basal
201323,2013,23,23689,1,perfil_basal
201324,2013,24,20793,1,perfil_basal
201325,2013,25,16991,1,perfil_basal
201326,2013,26,12761,1,perfil_basal
201327,2013,27,11848,1,perfil_basal
201328,2013,28,10170,1,perfil_basal
201329,2013,29,9167,1,perfil_basal
201330,2013,30,7028,1,perfil_basal
201331,2013,31,7425,1,perfil_basal
201332,2013,32,7318,1,perfil_basal
201333,2013,33,6141,1,perfil_basal
201334,2013,34,6295,1,perfil_basal
201335,2013,35,5065,1,perfil_basal
201336,2013,36,5160,1,perfil_basal
201337,2013,37,5073,1,perfil_basal
201338,2013,38,4895,1,perfil_basal
201339,2013,39,4398,1,perfil_basal
201340,2013,40,4505,1,perfil_basal
201341,2013,41,4337,1,perfil_basal
201342,2013,42,4724,1,perfil_basal
201343,2013,43,4956,1,perfil_basal
201344,2013,44,4934,1,perfil_basal
201345,2013,45,5142,1,perfil_basal
201346,2013,46,5675,1,perfil_basal
201347,2013,47,6818,1,perfil_basal
201348,2013,48,6741,1,perfil_basal
201349,2013,49,7452,1,perfil_basal
201350,2013,50,7302,1,perfil_basal
201351,2013,51,6391,1,perfil_basal
201352,2013,52,5872,1,perfil_basal
201401,2014,1,8592,1,perfil_basal
201402,2014,2,11450,1,perfil_basal
201403,2014,3,12728,1,perfil_basal
201404,2014,4,14716,1,perfil_basal
201405,2014,5,16677,1,perfil_basal
201406,2014,6,18297,1,perfil_basal
201407,2014,7,21148,1,perfil_basal
201408,2014,8,21945,1,perfil_basal
201409,2014,9,19823,1,perfil_basal
201410,2014,10,21607,1,perfil_basal
201411,2014,11,26745,1,perfil_basal
201412,2014,12,32033,1,perfil_basal
201413,2014,13,38414,1,perfil_basal
201414,2014,14,43889,1,perfil_basal
201415,2014,15,52484,1,perfil_basal
201416,2014,16,52636,1,perfil_basal
201417,2014,17,56012,1,perfil_basal
201418,2014,18,50867,1,perfil_basal
201419,2014,19,46234,1,perfil_basal
201420,2014,20,43281,1,perfil_basal
201421,2014,21,36060,1,perfil_basal
201422,2014,22,28858,1,perfil_basal
201423,2014,23,24139,1,perfil_basal
201424,2014,24,18925,1,perfil_basal
201425,2014,25,15570,1,perfil_basal
201426,2014,26,13791,1,perfil_basal
201427,2014,27,12232,1,perfil_basal
201428,2014,28,10824,1,perfil_basal
201429,2014,29,9586,1,perfil_basal
201430,2014,30,8741,1,perfil_basal
201431,2014,31,7994,1,perfil_basal
201432,2014,32,7224,1,perfil_basal
201433,2014,33,7264,1,perfil_basal
201434,2014,34,7227,1,perfil_basal
201435,2014,35,6825,1,perfil_basal
201436,2014,36,7218,1,perfil_basal
201437,2014,37,7755,1,perfil_basal
201438,2014,38,7726,1,perfil_basal
201439,2014,39,7723,1,perfil_basal
201440,2014,40,8356,1,perfil_basal
201441,2014,41,8304,1,perfil_basal
201442,2014,42,8356,1,perfil_basal
201443,2014,43,7992,1,perfil_basal
201444,2014,44,7580,1,perfil_basal
201445,2014,45,8049,1,perfil_basal
201446,2014,46,8148,1,perfil_basal
201447,2014,47,8328,1,perfil_basal
201448,2014,48,7878,1,perfil_basal
201449,2014,49,8342,1,perfil_basal
201450,2014,50,8425,1,perfil_basal
201451,2014,51,7791,1,perfil_basal
201452,2014,52,7020,1,perfil_basal
201453,2014,53,10981,1,perfil_basal
201501,2015,1,17693,1,perfil_basal
201502,2015,2,22055,1,perfil_basal
201503,2015,3,32300,0,perfil_intermediario
201504,2015,4,40129,1,perfil_basal
201505,2015,5,50814,1,perfil_basal
201506,2015,6,53045,1,perfil_basal
201507,2015,7,63757,1,perfil_basal
201508,2015,8,80657,1,perfil_basal
201509,2015,9,104957,0,perfil_intermediario
201510,2015,10,122690,0,perfil_intermediario
201511,2015,11,135133,0,perfil_intermediario
201512,2015,12,127069,1,perfil_basal
201513,2015,13,117589,0,perfil_intermediario
201514,2015,14,139437,0,perfil_intermediario
201515,2015,15,129572,0,perfil_intermediario
201516,2015,16,127086,0,perfil_intermediario
201517,2015,17,122418,0,perfil_intermediario
201518,2015,18,109083,1,perfil_basal
201519,2015,19,89433,0,perfil_intermediario
201520,2015,20,73114,1,perfil_basal
201521,2015,21,56161,0,perfil_intermediario
201522,2015,22,44370,1,perfil_basal
201523,2015,23,39604,0,perfil_intermediario
201524,2015,24,32803,1,perfil_basal
201525,2015,25,23234,1,perfil_basal
201526,2015,26,19166,1,perfil_basal
201527,2015,27,16582,1,perfil_basal
201528,2015,28,15070,1,perfil_basal
201529,2015,29,13887,1,perfil_basal
201530,2015,30,12380,1,perfil_basal
201531,2015,31,11362,1,perfil_basal
201532,2015,32,11104,1,perfil_basal
201533,2015,33,9631,1,perfil_basal
201534,2015,34,8550,1,perfil_basal
201535,2015,35,8810,1,perfil_basal
201536,2015,36,8742,1,perfil_basal
201537,2015,37,9602,1,perfil_basal
201538,2015,38,9401,1,perfil_basal
201539,2015,39,9743,0,perfil_intermediario
201540,2015,40,9893,1,perfil_basal
201541,2015,41,10313,1,perfil_basal
201542,2015,42,11266,1,perfil_basal
201543,2015,43,11459,1,perfil_basal
201544,2015,44,15391,1,perfil_basal
201545,2015,45,19339,1,perfil_basal
201546,2015,46,21788,1,perfil_basal
201547,2015,47,24093,1,perfil_basal
201548,2015,48,31613,1,perfil_basal
201549,2015,49,35757,0,perfil_intermediario
201550,2015,50,35509,1,perfil_basal
201551,2015,51,32763,0,perfil_intermediario
201552,2015,52,43760,0,perfil_intermediario
201601,2016,1,66028,0,perfil_intermediario
201602,2016,2,73916,1,perfil_basal
201603,2016,3,83408,0,perfil_intermediario
201604,2016,4,92033,0,perfil_intermediario
201605,2016,5,104910,0,perfil_intermediario
201606,2016,6,125404,0,perfil_intermediario
201607,2016,7,152059,0,perfil_intermediario
201608,2016,8,154114,0,perfil_intermediario
201609,2016,9,150782,0,perfil_intermediario
201610,2016,10,141328,0,perfil_intermediario
201611,2016,11,131931,0,perfil_intermediario
201612,2016,12,116623,0,perfil_intermediario
201613,2016,13,123246,0,perfil_intermediario
201614,2016,14,116153,0,perfil_intermediario
201615,2016,15,102807,0,perfil_intermediario
201616,2016,16,83064,0,perfil_intermediario
201617,2016,17,68871,0,perfil_intermediario
201618,2016,18,53537,0,perfil_intermediario
201619,2016,19,40695,0,perfil_intermediario
201620,2016,20,31963,0,perfil_intermediario
201621,2016,21,22150,0,perfil_intermediario
201622,2016,22,18689,0,perfil_intermediario
201623,2016,23,14911,0,perfil_intermediario
201624,2016,24,12663,0,perfil_intermediario
201625,2016,25,10285,0,perfil_intermediario
201626,2016,26,9087,0,perfil_intermediario
201627,2016,27,8059,0,perfil_intermediario
201628,2016,28,7245,0,perfil_intermediario
201629,2016,29,6269,0,perfil_intermediario
201630,2016,30,5698,0,perfil_intermediario
201631,2016,31,5590,0,perfil_intermediario
201632,2016,32,5193,0,perfil_intermediario
201633,2016,33,5384,0,perfil_intermediario
201634,2016,34,4829,0,perfil_intermediario
201635,2016,35,4340,0,perfil_intermediario
201636,2016,36,4305,0,perfil_intermediario
201637,2016,37,4791,0,perfil_intermediario
201638,2016,38,4503,0,perfil_intermediario
201639,2016,39,4396,0,perfil_intermediario
201640,2016,40,4429,0,perfil_intermediario
201641,2016,41,5103,0,perfil_intermediario
201642,2016,42,5884,0,perfil_intermediario
201643,2016,43,5614,0,perfil_intermediario
201644,2016,44,6031,0,perfil_intermediario
201645,2016,45,6323,0,perfil_intermediario
201646,2016,46,6773,1,perfil_basal
201647,2016,47,7763,0,perfil_intermediario
201648,2016,48,8232,0,perfil_intermediario
201649,2016,49,8378,0,perfil_intermediario
201650,2016,50,7782,0,perfil_intermediario
201651,2016,51,7533,0,perfil_intermediario
201652,2016,52,8352,0,perfil_intermediario
201701,2017,1,12037,0,perfil_intermediario
201702,2017,2,12761,0,perfil_intermediario
201703,2017,3,14018,0,perfil_intermediario
201704,2017,4,15469,0,perfil_intermediario
201705,2017,5,16598,0,perfil_intermediario
201706,2017,6,16826,0,perfil_intermediario
201707,2017,7,17619,0,perfil_intermediario
201708,2017,8,15092,0,perfil_intermediario
201709,2017,9,16614,0,perfil_intermediario
201710,2017,10,18797,0,perfil_intermediario
201711,2017,11,18466,0,perfil_intermediario
201712,2017,12,19011,0,perfil_intermediario
201713,2017,13,18116,0,perfil_intermediario
201714,2017,14,18872,0,perfil_intermediario
201715,2017,15,17932,0,perfil_intermediario
201716,2017,16,17773,0,perfil_intermediario
201717,2017,17,15800,0,perfil_intermediario
201718,2017,18,16166,0,perfil_intermediario
201719,2017,19,15622,0,perfil_intermediario
201720,2017,20,14814,0,perfil_intermediario
201721,2017,21,12391,0,perfil_intermediario
201722,2017,22,12249,0,perfil_intermediario
201723,2017,23,10542,0,perfil_intermediario
201724,2017,24,8424,0,perfil_intermediario
201725,2017,25,7810,0,perfil_intermediario
201726,2017,26,6622,0,perfil_intermediario
201727,2017,27,5317,0,perfil_intermediario
201728,2017,28,4886,0,perfil_intermediario
201729,2017,29,4263,0,perfil_intermediario
201730,2017,30,4054,0,perfil_intermediario
201731,2017,31,4286,0,perfil_intermediario
201732,2017,32,4097,0,perfil_intermediario
201733,2017,33,4018,0,perfil_intermediario
201734,2017,34,4104,0,perfil_intermediario
201735,2017,35,4139,0,perfil_intermediario
201736,2017,36,3987,0,perfil_intermediario
201737,2017,37,4922,0,perfil_intermediario
201738,2017,38,5080,0,perfil_intermediario
201739,2017,39,4817,1,perfil_basal
201740,2017,40,5186,0,perfil_intermediario
201741,2017,41,5188,0,perfil_intermediario
201742,2017,42,5684,0,perfil_intermediario
201743,2017,43,5036,0,perfil_intermediario
201744,2017,44,4834,0,perfil_intermediario
201745,2017,45,5477,0,perfil_intermediario
201746,2017,46,5422,0,perfil_intermediario
201747,2017,47,5380,0,perfil_intermediario
201748,2017,48,5694,0,perfil_intermediario
201749,2017,49,5865,0,perfil_intermediario
201750,2017,50,6163,0,perfil_intermediario
201751,2017,51,5309,0,perfil_intermediario
201752,2017,52,5120,0,perfil_intermediario
201801,2018,1,7829,0,perfil_intermediario
201802,2018,2,9274,0,perfil_intermediario
201803,2018,3,11389,0,perfil_intermediario
201804,2018,4,10964,0,perfil_intermediario
201805,2018,5,11747,0,perfil_intermediario
201806,2018,6,10431,0,perfil_intermediario
201807,2018,7,11209,0,perfil_intermediario
201808,2018,8,12413,0,perfil_intermediario
201809,2018,9,13706,0,perfil_intermediario
201810,2018,10,14884,0,perfil_intermediario
201811,2018,11,14996,0,perfil_intermediario
201812,2018,12,14784,0,perfil_intermediario
201813,2018,13,14090,0,perfil_intermediario
201814,2018,14,17999,0,perfil_intermediario
201815,2018,15,18941,0,perfil_intermediario
201816,2018,16,18402,0,perfil_intermediario
201817,2018,17,15351,0,perfil_intermediario
201818,2018,18,16906,0,perfil_intermediario
201819,2018,19,16209,0,perfil_intermediario
201820,2018,20,14287,0,perfil_intermediario
201821,2018,21,11394,0,perfil_intermediario
201822,2018,22,9300,0,perfil_intermediario
201823,2018,23,8996,0,perfil_intermediario
201824,2018,24,8954,0,perfil_intermediario
201825,2018,25,7705,0,perfil_intermediario
201826,2018,26,6570,0,perfil_intermediario
201827,2018,27,6437,0,perfil_intermediario
201828,2018,28,5599,0,perfil_intermediario
201829,2018,29,5775,0,perfil_intermediario
201830,2018,30,4912,0,perfil_intermediario
201831,2018,31,4814,0,perfil_intermediario
201832,2018,32,4590,0,perfil_intermediario
201833,2018,33,4492,0,perfil_intermediario
201834,2018,34,4441,0,perfil_intermediario
201835,2018,35,4001,0,perfil_intermediario
201836,2018,36,3462,0,perfil_intermediario
201837,2018,37,3942,0,perfil_intermediario
201838,2018,38,4061,0,perfil_intermediario
201839,2018,39,4128,0,perfil_intermediario
201840,2018,40,4499,0,perfil_intermediario
201841,2018,41,4374,0,perfil_intermediario
201842,2018,42,5147,0,perfil_intermediario
201843,2018,43,5005,0,perfil_intermediario
201844,2018,44,5291,0,perfil_intermediario
201845,2018,45,5902,0,perfil_intermediario
201846,2018,46,6019,0,perfil_intermediario
201847,2018,47,7265,0,perfil_intermediario
201848,2018,48,8433,0,perfil_intermediario
201849,2018,49,9319,0,perfil_intermediario
201850,2018,50,10790,0,perfil_intermediario
201851,2018,51,9665,0,perfil_intermediario
201852,2018,52,10298,0,perfil_intermediario
201901,2019,1,15590,0,perfil_intermediario
201902,2019,2,19248,0,perfil_intermediario
201903,2019,3,22945,0,perfil_intermediario
201904,2019,4,29441,0,perfil_intermediario
201905,2019,5,35550,0,perfil_intermediario
201906,2019,6,41693,0,perfil_intermediario
201907,2019,7,47583,0,perfil_intermediario
201908,2019,8,51598,0,perfil_intermediario
201909,2019,9,50768,0,perfil_intermediario
201910,2019,10,56889,0,perfil_intermediario
201911,2019,11,70876,0,perfil_intermediario
201912,2019,12,83873,0,perfil_intermediario
201913,2019,13,94535,0,perfil_intermediario
201914,2019,14,106283,0,perfil_intermediario
201915,2019,15,114008,0,perfil_intermediario
201916,2019,16,117181,0,perfil_intermediario
201917,2019,17,133106,0,perfil_intermediario
201918,2019,18,136900,0,perfil_intermediario
201919,2019,19,142065,0,perfil_intermediario
201920,2019,20,132286,0,perfil_intermediario
201921,2019,21,112630,0,perfil_intermediario
201922,2019,22,92965,0,perfil_intermediario
201923,2019,23,72633,0,perfil_intermediario
201924,2019,24,58087,0,perfil_intermediario
201925,2019,25,43818,0,perfil_intermediario
201926,2019,26,38283,0,perfil_intermediario
201927,2019,27,29894,0,perfil_intermediario
201928,2019,28,23432,0,perfil_intermediario
201929,2019,29,19167,0,perfil_intermediario
201930,2019,30,16556,0,perfil_intermediario
201931,2019,31,14834,0,perfil_intermediario
201932,2019,32,13724,0,perfil_intermediario
201933,2019,33,12010,0,perfil_intermediario
201934,2019,34,11031,0,perfil_intermediario
201935,2019,35,10328,0,perfil_intermediario
201936,2019,36,10121,0,perfil_intermediario
201937,2019,37,10543,0,perfil_intermediario
201938,2019,38,10040,0,perfil_intermediario
201939,2019,39,8658,0,perfil_intermediario
201940,2019,40,9533,0,perfil_intermediario
201941,2019,41,9191,0,perfil_intermediario
201942,2019,42,9484,0,perfil_intermediario
201943,2019,43,9221,0,perfil_intermediario
201944,2019,44,9749,0,perfil_intermediario
201945,2019,45,10405,0,perfil_intermediario
201946,2019,46,10303,0,perfil_intermediario
201947,2019,47,11513,0,perfil_intermediario
201948,2019,48,11654,0,perfil_intermediario
201949,2019,49,13288,0,perfil_intermediario
201950,2019,50,14506,0,perfil_intermediario
201951,2019,51,13706,0,perfil_intermediario
201952,2019,52,14307,0,perfil_intermediario
202001,2020,1,39680,0,perfil_intermediario
202002,2020,2,42428,0,perfil_intermediario
202003,2020,3,50240,0,perfil_intermediario
202004,2020,4,52060,0,perfil_intermediario
202005,2020,5,63304,0,perfil_intermediario
202006,2020,6,83161,0,perfil_intermediario
202007,2020,7,82534,0,perfil_intermediario
202008,2020,8,74858,0,perfil_intermediario
202009,2020,9,77479,0,perfil_intermediario
202010,2020,10,87353,0,perfil_intermediario
202011,2020,11,83079,0,perfil_intermediario
202012,2020,12,59694,0,perfil_intermediario
202013,2020,13,52447,0,perfil_intermediario
202014,2020,14,53006,0,perfil_intermediario
202015,2020,15,52895,0,perfil_intermediario
202016,2020,16,52870,0,perfil_intermediario
202017,2020,17,49467,0,perfil_intermediario
202018,2020,18,46226,0,perfil_intermediario
202019,2020,19,43407,0,perfil_intermediario
202020,2020,20,38763,0,perfil_intermediario
202021,2020,21,32214,0,perfil_intermediario
202022,2020,22,26844,0,perfil_intermediario
202023,2020,23,24926,0,perfil_intermediario
202024,2020,24,23171,0,perfil_intermediario
202025,2020,25,23110,0,perfil_intermediario
202026,2020,26,18767,0,perfil_intermediario
202027,2020,27,17696,0,perfil_intermediario
202028,2020,28,16290,0,perfil_intermediario
202029,2020,29,13740,0,perfil_intermediario
202030,2020,30,12029,0,perfil_intermediario
202031,2020,31,9952,0,perfil_intermediario
202032,2020,32,8557,0,perfil_intermediario
202033,2020,33,8763,0,perfil_intermediario
202034,2020,34,6864,0,perfil_intermediario
202035,2020,35,6543,0,perfil_intermediario
202036,2020,36,6648,0,perfil_intermediario
202037,2020,37,6778,0,perfil_intermediario
202038,2020,38,6466,0,perfil_intermediario
202039,2020,39,6375,0,perfil_intermediario
202040,2020,40,6339,0,perfil_intermediario
202041,2020,41,5915,0,perfil_intermediario
202042,2020,42,5566,1,perfil_basal
202043,2020,43,5812,0,perfil_intermediario
202044,2020,44,4999,0,perfil_intermediario
202045,2020,45,6140,0,perfil_intermediario
202046,2020,46,6533,0,perfil_intermediario
202047,2020,47,7372,0,perfil_intermediario
202048,2020,48,7495,0,perfil_intermediario
202049,2020,49,8195,0,perfil_intermediario
202050,2020,50,7912,0,perfil_intermediario
202051,2020,51,7159,0,perfil_intermediario
202052,2020,52,5551,0,perfil_intermediario
202053,2020,53,3195,0,perfil_intermediario
202101,2021,1,13185,0,perfil_intermediario
202102,2021,2,13778,0,perfil_intermediario
202103,2021,3,16010,0,perfil_intermediario
202104,2021,4,16810,0,perfil_intermediario
202105,2021,5,20599,0,perfil_intermediario
202106,2021,6,22622,0,perfil_intermediario
202107,2021,7,27345,0,perfil_intermediario
202108,2021,8,28404,0,perfil_intermediario
202109,2021,9,33155,0,perfil_intermediario
202110,2021,10,34048,0,perfil_intermediario
202111,2021,11,36053,0,perfil_intermediario
202112,2021,12,34135,0,perfil_intermediario
202113,2021,13,39055,0,perfil_intermediario
202114,2021,14,44526,0,perfil_intermediario
202115,2021,15,41362,0,perfil_intermediario
202116,2021,16,43032,0,perfil_intermediario
202117,2021,17,41084,0,perfil_intermediario
202118,2021,18,38055,0,perfil_intermediario
202119,2021,19,36212,0,perfil_intermediario
202120,2021,20,31813,0,perfil_intermediario
202121,2021,21,27821,0,perfil_intermediario
202122,2021,22,26803,0,perfil_intermediario
202123,2021,23,24413,0,perfil_intermediario
202124,2021,24,20369,0,perfil_intermediario
202125,2021,25,17845,0,perfil_intermediario
202126,2021,26,15580,0,perfil_intermediario
202127,2021,27,14866,0,perfil_intermediario
202128,2021,28,13596,0,perfil_intermediario
202129,2021,29,11764,0,perfil_intermediario
202130,2021,30,10057,0,perfil_intermediario
202131,2021,31,10554,0,perfil_intermediario
202132,2021,32,9802,0,perfil_intermediario
202133,2021,33,9779,0,perfil_intermediario
202134,2021,34,8247,0,perfil_intermediario
202135,2021,35,7703,0,perfil_intermediario
202136,2021,36,8228,0,perfil_intermediario
202137,2021,37,8045,0,perfil_intermediario
202138,2021,38,7933,0,perfil_intermediario
202139,2021,39,7592,0,perfil_intermediario
202140,2021,40,6353,0,perfil_intermediario
202141,2021,41,6777,0,perfil_intermediario
202142,2021,42,7090,0,perfil_intermediario
202143,2021,43,6709,1,perfil_basal
202144,2021,44,7851,0,perfil_intermediario
202145,2021,45,7920,0,perfil_intermediario
202146,2021,46,9686,0,perfil_intermediario
202147,2021,47,11138,0,perfil_intermediario
202148,2021,48,13704,0,perfil_intermediario
202149,2021,49,16366,0,perfil_intermediario
202150,2021,50,18459,0,perfil_intermediario
202151,2021,51,16636,0,perfil_intermediario
202152,2021,52,9390,0,perfil_intermediario
202201,2022,1,11660,1,perfil_basal
202202,2022,2,11945,1,perfil_basal
202203,2022,3,13045,1,perfil_basal
202204,2022,4,13786,1,perfil_basal
202205,2022,5,17244,1,perfil_basal
202206,2022,6,19087,1,perfil_basal
202207,2022,7,20872,1,perfil_basal
202208,2022,8,21874,1,perfil_basal
202209,2022,9,34406,1,perfil_basal
202210,2022,10,45320,1,perfil_basal
202211,2022,11,55022,1,perfil_basal
202212,2022,12,70495,1,perfil_basal
202213,2022,13,79116,1,perfil_basal
202214,2022,14,84859,1,perfil_basal
202215,2022,15,92334,1,perfil_basal
202216,2022,16,97749,1,perfil_basal
202217,2022,17,97953,1,perfil_basal
202218,2022,18,103841,1,perfil_basal
202219,2022,19,84420,1,perfil_basal
202220,2022,20,63957,1,perfil_basal
202221,2022,21,44770,1,perfil_basal
202222,2022,22,40295,1,perfil_basal
202223,2022,23,32338,1,perfil_basal
202224,2022,24,25194,1,perfil_basal
202225,2022,25,22187,1,perfil_basal
202226,2022,26,18268,1,perfil_basal
202227,2022,27,15289,1,perfil_basal
202228,2022,28,13474,1,perfil_basal
202229,2022,29,11535,1,perfil_basal
202230,2022,30,10292,1,perfil_basal
202231,2022,31,9778,1,perfil_basal
202232,2022,32,8314,1,perfil_basal
202233,2022,33,7327,1,perfil_basal
202234,2022,34,6367,1,perfil_basal
202235,2022,35,5751,1,perfil_basal
202236,2022,36,5420,1,perfil_basal
202237,2022,37,5294,1,perfil_basal
202238,2022,38,4968,1,perfil_basal
202239,2022,39,4809,1,perfil_basal
202240,2022,40,4909,1,perfil_basal
202241,2022,41,4757,1,perfil_basal
202242,2022,42,4855,1,perfil_basal
202243,2022,43,4399,1,perfil_basal
202244,2022,44,4652,1,perfil_basal
202245,2022,45,5640,1,perfil_basal
202246,2022,46,6079,1,perfil_basal
202247,2022,47,6412,1,perfil_basal
202248,2022,48,6604,1,perfil_basal
202249,2022,49,7027,1,perfil_basal
202250,2022,50,7684,1,perfil_basal
202251,2022,51,7021,1,perfil_basal
202252,2022,52,4401,1,perfil_basal
202301,2023,1,12760,1,perfil_basal
202302,2023,2,14202,1,perfil_basal
202303,2023,3,17969,1,perfil_basal
202304,2023,4,20606,1,perfil_basal
202305,2023,5,27889,1,perfil_basal
202306,2023,6,35433,1,perfil_basal
202307,2023,7,36859,1,perfil_basal
202308,2023,8,41473,1,perfil_basal
202309,2023,9,53825,1,perfil_basal
202310,2023,10,64568,1,perfil_basal
202311,2023,11,73493,1,perfil_basal
202312,2023,12,89284,1,perfil_basal
202313,2023,13,98736,1,perfil_basal
202314,2023,14,98126,1,perfil_basal
202315,2023,15,110655,1,perfil_basal
202316,2023,16,100864,1,perfil_basal
202317,2023,17,86763,1,perfil_basal
202318,2023,18,88175,1,perfil_basal
202319,2023,19,81827,1,perfil_basal
202320,2023,20,68218,1,perfil_basal
202321,2023,21,47225,1,perfil_basal
202322,2023,22,38682,1,perfil_basal
202323,2023,23,29939,1,perfil_basal
202324,2023,24,26346,1,perfil_basal
202325,2023,25,19264,1,perfil_basal
202326,2023,26,15160,1,perfil_basal
202327,2023,27,12763,1,perfil_basal
202328,2023,28,10953,1,perfil_basal
202329,2023,29,8868,1,perfil_basal
202330,2023,30,7473,1,perfil_basal
202331,2023,31,7598,1,perfil_basal
202332,2023,32,6708,1,perfil_basal
202333,2023,33,6419,1,perfil_basal
202334,2023,34,5897,1,perfil_basal
202335,2023,35,5539,1,perfil_basal
202336,2023,36,5013,1,perfil_basal
202337,2023,37,5825,1,perfil_basal
202338,2023,38,6000,1,perfil_basal
202339,2023,39,5676,1,perfil_basal
202340,2023,40,6235,1,perfil_basal
202341,2023,41,5631,1,perfil_basal
202342,2023,42,6788,1,perfil_basal
202343,2023,43,6485,1,perfil_basal
202344,2023,44,6838,1,perfil_basal
202345,2023,45,9353,1,perfil_basal
202346,2023,46,9147,1,perfil_basal
202347,2023,47,12588,1,perfil_basal
202348,2023,48,13899,1,perfil_basal
202349,2023,49,16261,1,perfil_basal
202350,2023,50,21406,1,perfil_basal
202351,2023,51,22118,1,perfil_basal
202352,2023,52,16134,1,perfil_basal
202401,2024,1,51086,1,perfil_basal
202402,2024,2,61515,1,perfil_basal
202403,2024,3,89814,1,perfil_basal
202404,2024,4,127227,1,perfil_basal
202405,2024,5,164645,1,perfil_basal
202406,2024,6,201447,1,perfil_basal
202407,2024,7,249440,1,perfil_basal
202408,2024,8,310288,1,perfil_basal
202409,2024,9,342519,1,perfil_basal
202410,2024,10,364793,1,perfil_basal
202411,2024,11,392067,1,perfil_basal
202412,2024,12,433513,1,perfil_basal
202413,2024,13,375565,1,perfil_basal
202414,2024,14,414963,1,perfil_basal
202415,2024,15,419145,1,perfil_basal
202416,2024,16,383330,1,perfil_basal
202417,2024,17,332746,1,perfil_basal
202418,2024,18,324279,1,perfil_basal
202419,2024,19,323494,1,perfil_basal
202420,2024,20,285865,1,perfil_basal
202421,2024,21,201167,1,perfil_basal
202422,2024,22,127480,1,perfil_basal
202423,2024,23,87924,1,perfil_basal
202424,2024,24,79647,1,perfil_basal
202425,2024,25,64108,1,perfil_basal
202426,2024,26,44686,1,perfil_basal
202427,2024,27,31733,1,perfil_basal
202428,2024,28,21885,1,perfil_basal
202429,2024,29,17696,1,perfil_basal
202430,2024,30,15348,1,perfil_basal
202431,2024,31,13598,1,perfil_basal
202432,2024,32,11313,1,perfil_basal
202433,2024,33,9908,1,perfil_basal
202434,2024,34,9162,1,perfil_basal
202435,2024,35,7803,1,perfil_basal
202436,2024,36,8189,1,perfil_basal
202437,2024,37,8200,1,perfil_basal
202438,2024,38,7730,1,perfil_basal
202439,2024,39,7442,1,perfil_basal
202440,2024,40,7216,1,perfil_basal
202441,2024,41,6869,1,perfil_basal
202442,2024,42,7316,1,perfil_basal
202443,2024,43,7780,1,perfil_basal
202444,2024,44,8386,1,perfil_basal
202445,2024,45,8905,1,perfil_basal
202446,2024,46,9640,1,perfil_basal
202447,2024,47,12008,1,perfil_basal
202448,2024,48,13111,1,perfil_basal
202449,2024,49,15761,1,perfil_basal
202450,2024,50,17827,1,perfil_basal
202451,2024,51,17066,1,perfil_basal
202452,2024,52,10279,1,perfil_basal
202501,2025,1,29242,1,perfil_basal
202502,2025,2,37339,1,perfil_basal
202503,2025,3,43151,1,perfil_basal
202504,2025,4,51444,1,perfil_basal
202505,2025,5,56424,1,perfil_basal
202506,2025,6,57463,1,perfil_basal
202507,2025,7,64954,1,perfil_basal
202508,2025,8,72036,1,perfil_basal
202509,2025,9,71376,1,perfil_basal
202510,2025,10,79510,1,perfil_basal
202511,2025,11,87563,1,perfil_basal
202512,2025,12,90350,1,perfil_basal
202513,2025,13,86879,1,perfil_basal
202514,2025,14,87200,1,perfil_basal
202515,2025,15,79659,1,perfil_basal
202516,2025,16,68032,1,perfil_basal
202517,2025,17,74583,1,perfil_basal
202518,2025,18,63637,1,perfil_basal
202519,2025,19,61222,1,perfil_basal
202520,2025,20,53813,1,perfil_basal
202521,2025,21,46376,1,perfil_basal
202522,2025,22,33079,1,perfil_basal
202523,2025,23,25458,1,perfil_basal
202524,2025,24,18422,1,perfil_basal
202525,2025,25,12906,1,perfil_basal
202526,2025,26,11060,1,perfil_basal
202527,2025,27,9535,1,perfil_basal
202528,2025,28,8090,1,perfil_basal
202529,2025,29,7213,1,perfil_basal
202530,2025,30,6868,1,perfil_basal
202531,2025,31,6317,1,perfil_basal
202532,2025,32,6110,1,perfil_basal
202533,2025,33,6185,1,perfil_basal
202534,2025,34,6473,1,perfil_basal
202535,2025,35,6070,1,perfil_basal
202536,2025,36,6358,1,perfil_basal
202537,2025,37,6547,1,perfil_basal
202538,2025,38,6940,1,perfil_basal
202539,2025,39,6663,1,perfil_basal
202540,2025,40,7210,1,perfil_basal
202541,2025,41,6922,1,perfil_basal
202542,2025,42,6842,1,perfil_basal
202543,2025,43,6596,1,perfil_basal
202544,2025,44,6591,1,perfil_basal
202545,2025,45,6623,1,perfil_basal
202546,2025,46,7019,1,perfil_basal
202547,2025,47,6497,1,perfil_basal
202548,2025,48,7007,1,perfil_basal
202549,2025,49,7503,1,perfil_basal
202550,2025,50,7089,1,perfil_basal
202551,2025,51,6615,1,perfil_basal
202552,2025,52,5703,1,perfil_basal
202553,2025,53,5769,1,perfil_basal
202601,2026,1,8482,1,perfil_basal
202602,2026,2,9074,1,perfil_basal
202603,2026,3,9629,1,perfil_basal
202604,2026,4,10373,1,perfil_basal
202605,2026,5,12411,1,perfil_basal
202606,2026,6,12553,1,perfil_basal
202607,2026,7,15030,1,perfil_basal
202608,2026,8,16776,1,perfil_basal
202609,2026,9,20635,1,perfil_basal
202610,2026,10,22126,1,perfil_basal
202611,2026,11,26041,1,perfil_basal
202612,2026,12,26164,1,perfil_basal
202613,2026,13,24704,1,perfil_basal
202614,2026,14,26371,1,perfil_basal
202615,2026,15,13572,1,perfil_basal
